# Renewables.ninja Solar photovoltaic power (PV) (Point API) - 40.734, 19.437 - Version: 1.4 (gsee f9b6961) - License: https://creativecommons.org/licenses/by-nc/4.0/ - Reference: https://doi.org/10.1016/j.energy.2016.08.060
# Units: time in UTC, electricity in kW, irradiance_direct in unknown, irradiance_diffuse in unknown, temperature in ºC
# {"units": {"time": "UTC", "electricity": "kW", "irradiance_direct": "unknown", "irradiance_diffuse": "unknown", "temperature": "\u00baC"}, "params": {"lat": "40.73359591755215", "lon": "19.437023344892737", "date_from": "2019-01-01", "date_to": "2019-12-31", "dataset": "merra2", "header": "true", "local_time": "false", "capacity": "1", "system_loss": "0.1", "tracking": "0", "tilt": "35", "azim": "180", "raw": "true"}}
time,electricity,irradiance_direct,irradiance_diffuse,temperature
2019-01-01 00:00,0,0,0,6.791
2019-01-01 01:00,0,0,0,6.636
2019-01-01 02:00,0,0,0,6.485
2019-01-01 03:00,0,0,0,6.190
2019-01-01 04:00,0,0,0,5.939
2019-01-01 05:00,0,0,0,5.746
2019-01-01 06:00,0.091,0.093,0.021,5.929
2019-01-01 07:00,0.363,0.348,0.055,7.596
2019-01-01 08:00,0.558,0.574,0.063,8.867
2019-01-01 09:00,0.672,0.722,0.067,9.712
2019-01-01 10:00,0.716,0.784,0.068,10.476
2019-01-01 11:00,0.696,0.760,0.067,11.026
2019-01-01 12:00,0.612,0.652,0.064,11.348
2019-01-01 13:00,0.456,0.462,0.057,11.273
2019-01-01 14:00,0.209,0.201,0.040,10.177
2019-01-01 15:00,0,0.003,0.002,8.966
2019-01-01 16:00,0,0,0,8.670
2019-01-01 17:00,0,0,0,8.410
2019-01-01 18:00,0,0,0,8.116
2019-01-01 19:00,0,0,0,7.897
2019-01-01 20:00,0,0,0,7.733
2019-01-01 21:00,0,0,0,7.455
2019-01-01 22:00,0,0,0,7.146
2019-01-01 23:00,0,0,0,6.925
2019-01-02 00:00,0,0,0,6.762
2019-01-02 01:00,0,0,0,6.529
2019-01-02 02:00,0,0,0,6.305
2019-01-02 03:00,0,0,0,6.181
2019-01-02 04:00,0,0,0,6.201
2019-01-02 05:00,0,0,0,6.127
2019-01-02 06:00,0.111,0.114,0.022,6.369
2019-01-02 07:00,0.385,0.374,0.055,7.632
2019-01-02 08:00,0.569,0.585,0.066,8.795
2019-01-02 09:00,0.672,0.715,0.073,9.635
2019-01-02 10:00,0.677,0.712,0.086,10.258
2019-01-02 11:00,0.586,0.571,0.107,10.576
2019-01-02 12:00,0.409,0.338,0.124,10.603
2019-01-02 13:00,0.225,0.151,0.106,10.378
2019-01-02 14:00,0.049,0.027,0.045,9.814
2019-01-02 15:00,0,0.001,0.002,9.194
2019-01-02 16:00,0,0,0,8.916
2019-01-02 17:00,0,0,0,8.147
2019-01-02 18:00,0,0,0,7.186
2019-01-02 19:00,0,0,0,6.456
2019-01-02 20:00,0,0,0,5.845
2019-01-02 21:00,0,0,0,5.409
2019-01-02 22:00,0,0,0,5.009
2019-01-02 23:00,0,0,0,4.733
2019-01-03 00:00,0,0,0,4.712
2019-01-03 01:00,0,0,0,4.879
2019-01-03 02:00,0,0,0,4.994
2019-01-03 03:00,0,0,0,5.033
2019-01-03 04:00,0,0,0,5.096
2019-01-03 05:00,0,0,0,5.105
2019-01-03 06:00,0.020,0.017,0.023,5.246
2019-01-03 07:00,0.161,0.091,0.095,6.043
2019-01-03 08:00,0.252,0.135,0.147,6.557
2019-01-03 09:00,0.290,0.139,0.184,6.965
2019-01-03 10:00,0.230,0.073,0.186,7.207
2019-01-03 11:00,0.173,0.039,0.161,7.208
2019-01-03 12:00,0.120,0.022,0.124,7.059
2019-01-03 13:00,0.071,0.013,0.082,6.814
2019-01-03 14:00,0.022,0.006,0.036,6.432
2019-01-03 15:00,0,0,0.002,5.800
2019-01-03 16:00,0,0,0,5.163
2019-01-03 17:00,0,0,0,4.414
2019-01-03 18:00,0,0,0,3.834
2019-01-03 19:00,0,0,0,3.331
2019-01-03 20:00,0,0,0,3.014
2019-01-03 21:00,0,0,0,2.782
2019-01-03 22:00,0,0,0,2.625
2019-01-03 23:00,0,0,0,2.567
2019-01-04 00:00,0,0,0,2.729
2019-01-04 01:00,0,0,0,2.876
2019-01-04 02:00,0,0,0,2.875
2019-01-04 03:00,0,0,0,2.734
2019-01-04 04:00,0,0,0,2.456
2019-01-04 05:00,0,0,0,2.162
2019-01-04 06:00,0,0.002,0.012,2.113
2019-01-04 07:00,0.036,0.005,0.052,2.564
2019-01-04 08:00,0.082,0.010,0.095,2.903
2019-01-04 09:00,0.119,0.014,0.128,3.041
2019-01-04 10:00,0.132,0.015,0.140,3.162
2019-01-04 11:00,0.118,0.012,0.128,3.296
2019-01-04 12:00,0.094,0.010,0.107,3.407
2019-01-04 13:00,0.048,0.005,0.065,3.381
2019-01-04 14:00,0.009,0.002,0.024,3.109
2019-01-04 15:00,0,0,0.001,2.753
2019-01-04 16:00,0,0,0,2.672
2019-01-04 17:00,0,0,0,2.598
2019-01-04 18:00,0,0,0,2.503
2019-01-04 19:00,0,0,0,2.455
2019-01-04 20:00,0,0,0,2.486
2019-01-04 21:00,0,0,0,2.410
2019-01-04 22:00,0,0,0,2.269
2019-01-04 23:00,0,0,0,2.047
2019-01-05 00:00,0,0,0,1.858
2019-01-05 01:00,0,0,0,1.665
2019-01-05 02:00,0,0,0,1.536
2019-01-05 03:00,0,0,0,1.404
2019-01-05 04:00,0,0,0,1.225
2019-01-05 05:00,0,0,0,1.212
2019-01-05 06:00,0.110,0.110,0.022,1.643
2019-01-05 07:00,0.394,0.377,0.053,3.354
2019-01-05 08:00,0.589,0.599,0.061,4.302
2019-01-05 09:00,0.699,0.739,0.065,4.968
2019-01-05 10:00,0.741,0.796,0.067,5.485
2019-01-05 11:00,0.720,0.770,0.067,5.837
2019-01-05 12:00,0.634,0.660,0.063,6.024
2019-01-05 13:00,0.473,0.469,0.057,6.017
2019-01-05 14:00,0.219,0.204,0.041,5.295
2019-01-05 15:00,0,0.004,0.003,3.989
2019-01-05 16:00,0,0,0,3.897
2019-01-05 17:00,0,0,0,4.131
2019-01-05 18:00,0,0,0,4.227
2019-01-05 19:00,0,0,0,4.259
2019-01-05 20:00,0,0,0,4.448
2019-01-05 21:00,0,0,0,4.627
2019-01-05 22:00,0,0,0,4.667
2019-01-05 23:00,0,0,0,4.642
2019-01-06 00:00,0,0,0,4.661
2019-01-06 01:00,0,0,0,4.683
2019-01-06 02:00,0,0,0,4.731
2019-01-06 03:00,0,0,0,4.823
2019-01-06 04:00,0,0,0,4.943
2019-01-06 05:00,0,0,0,4.959
2019-01-06 06:00,0.054,0.051,0.025,5.378
2019-01-06 07:00,0.274,0.227,0.078,6.486
2019-01-06 08:00,0.343,0.262,0.119,7.406
2019-01-06 09:00,0.490,0.423,0.128,7.812
2019-01-06 10:00,0.596,0.569,0.113,8.108
2019-01-06 11:00,0.662,0.682,0.087,8.365
2019-01-06 12:00,0.592,0.602,0.077,8.492
2019-01-06 13:00,0.459,0.453,0.062,8.405
2019-01-06 14:00,0.219,0.205,0.043,7.511
2019-01-06 15:00,0,0.005,0.003,6.125
2019-01-06 16:00,0,0,0,5.923
2019-01-06 17:00,0,0,0,5.860
2019-01-06 18:00,0,0,0,5.788
2019-01-06 19:00,0,0,0,5.729
2019-01-06 20:00,0,0,0,5.632
2019-01-06 21:00,0,0,0,5.409
2019-01-06 22:00,0,0,0,4.876
2019-01-06 23:00,0,0,0,4.699
2019-01-07 00:00,0,0,0,4.321
2019-01-07 01:00,0,0,0,4.032
2019-01-07 02:00,0,0,0,3.793
2019-01-07 03:00,0,0,0,3.613
2019-01-07 04:00,0,0,0,3.424
2019-01-07 05:00,0,0,0,3.252
2019-01-07 06:00,0.094,0.092,0.025,3.543
2019-01-07 07:00,0.331,0.297,0.067,4.935
2019-01-07 08:00,0.462,0.417,0.094,5.458
2019-01-07 09:00,0.551,0.509,0.109,5.522
2019-01-07 10:00,0.651,0.646,0.097,5.607
2019-01-07 11:00,0.688,0.713,0.079,5.755
2019-01-07 12:00,0.633,0.654,0.067,5.764
2019-01-07 13:00,0.480,0.474,0.058,5.480
2019-01-07 14:00,0.223,0.207,0.042,4.526
2019-01-07 15:00,0,0.005,0.003,2.841
2019-01-07 16:00,0,0,0,2.177
2019-01-07 17:00,0,0,0,1.618
2019-01-07 18:00,0,0,0,1.100
2019-01-07 19:00,0,0,0,0.686
2019-01-07 20:00,0,0,0,0.410
2019-01-07 21:00,0,0,0,0.224
2019-01-07 22:00,0,0,0,0.077
2019-01-07 23:00,0,0,0,-0.051
2019-01-08 00:00,0,0,0,-0.133
2019-01-08 01:00,0,0,0,-0.191
2019-01-08 02:00,0,0,0,-0.209
2019-01-08 03:00,0,0,0,-0.182
2019-01-08 04:00,0,0,0,-0.115
2019-01-08 05:00,0,-0,0,-0.028
2019-01-08 06:00,0.151,0.150,0.022,0.450
2019-01-08 07:00,0.435,0.424,0.049,1.978
2019-01-08 08:00,0.621,0.637,0.058,2.898
2019-01-08 09:00,0.725,0.769,0.064,3.573
2019-01-08 10:00,0.766,0.824,0.066,3.977
2019-01-08 11:00,0.744,0.795,0.066,4.203
2019-01-08 12:00,0.641,0.658,0.067,4.228
2019-01-08 13:00,0.425,0.394,0.071,4.023
2019-01-08 14:00,0.169,0.144,0.049,3.414
2019-01-08 15:00,0,0.005,0.003,2.806
2019-01-08 16:00,0,0,0,2.789
2019-01-08 17:00,0,0,0,2.824
2019-01-08 18:00,0,0,0,2.996
2019-01-08 19:00,0,0,0,3.298
2019-01-08 20:00,0,0,0,3.594
2019-01-08 21:00,0,0,0,3.943
2019-01-08 22:00,0,0,0,4.307
2019-01-08 23:00,0,0,0,4.673
2019-01-09 00:00,0,0,0,5.048
2019-01-09 01:00,0,0,0,5.236
2019-01-09 02:00,0,0,0,5.461
2019-01-09 03:00,0,0,0,5.944
2019-01-09 04:00,0,0,0,6.527
2019-01-09 05:00,0,-0,0,7.128
2019-01-09 06:00,0,0,0.003,7.641
2019-01-09 07:00,0.003,0,0.018,8.193
2019-01-09 08:00,0.020,0.001,0.039,8.779
2019-01-09 09:00,0.032,0.001,0.052,9.223
2019-01-09 10:00,0.030,0.001,0.051,9.467
2019-01-09 11:00,0.024,0.001,0.044,9.516
2019-01-09 12:00,0.012,0.001,0.030,9.459
2019-01-09 13:00,0.001,0,0.016,9.479
2019-01-09 14:00,0,0,0.006,9.470
2019-01-09 15:00,0,0,0,9.371
2019-01-09 16:00,0,0,0,9.264
2019-01-09 17:00,0,0,0,9.077
2019-01-09 18:00,0,0,0,8.793
2019-01-09 19:00,0,0,0,8.651
2019-01-09 20:00,0,0,0,8.509
2019-01-09 21:00,0,0,0,8.258
2019-01-09 22:00,0,0,0,8.017
2019-01-09 23:00,0,0,0,7.823
2019-01-10 00:00,0,0,0,7.578
2019-01-10 01:00,0,0,0,7.536
2019-01-10 02:00,0,0,0,7.639
2019-01-10 03:00,0,0,0,7.859
2019-01-10 04:00,0,0,0,8.151
2019-01-10 05:00,0,-0,0,8.354
2019-01-10 06:00,0,0.001,0.011,8.436
2019-01-10 07:00,0.039,0.005,0.057,8.838
2019-01-10 08:00,0.051,0.004,0.071,9.470
2019-01-10 09:00,0.041,0.002,0.062,10.092
2019-01-10 10:00,0.047,0.002,0.068,10.402
2019-01-10 11:00,0.096,0.007,0.116,10.144
2019-01-10 12:00,0.036,0.002,0.056,9.469
2019-01-10 13:00,0.022,0.001,0.041,8.728
2019-01-10 14:00,0.012,0.002,0.028,7.969
2019-01-10 15:00,0,0,0.001,7.367
2019-01-10 16:00,0,0,0,6.961
2019-01-10 17:00,0,0,0,6.625
2019-01-10 18:00,0,0,0,6.394
2019-01-10 19:00,0,0,0,6.271
2019-01-10 20:00,0,0,0,6.373
2019-01-10 21:00,0,0,0,6.507
2019-01-10 22:00,0,0,0,6.656
2019-01-10 23:00,0,0,0,6.801
2019-01-11 00:00,0,0,0,6.906
2019-01-11 01:00,0,0,0,7.043
2019-01-11 02:00,0,0,0,6.978
2019-01-11 03:00,0,0,0,6.985
2019-01-11 04:00,0,0,0,6.963
2019-01-11 05:00,0,-0,0,7.073
2019-01-11 06:00,0.011,0.008,0.022,7.251
2019-01-11 07:00,0.095,0.032,0.087,7.762
2019-01-11 08:00,0.196,0.076,0.148,8.281
2019-01-11 09:00,0.267,0.114,0.187,8.386
2019-01-11 10:00,0.310,0.142,0.204,8.428
2019-01-11 11:00,0.277,0.116,0.195,8.360
2019-01-11 12:00,0.241,0.102,0.170,8.188
2019-01-11 13:00,0.156,0.062,0.120,7.972
2019-01-11 14:00,0.065,0.030,0.058,7.578
2019-01-11 15:00,0,0.001,0.003,7.030
2019-01-11 16:00,0,0,0,6.692
2019-01-11 17:00,0,0,0,6.401
2019-01-11 18:00,0,0,0,6.130
2019-01-11 19:00,0,0,0,5.862
2019-01-11 20:00,0,0,0,5.507
2019-01-11 21:00,0,0,0,5.109
2019-01-11 22:00,0,0,0,4.528
2019-01-11 23:00,0,0,0,3.956
2019-01-12 00:00,0,0,0,3.496
2019-01-12 01:00,0,0,0,3.135
2019-01-12 02:00,0,0,0,2.834
2019-01-12 03:00,0,0,0,2.607
2019-01-12 04:00,0,0,0,2.440
2019-01-12 05:00,0,-0,0,2.210
2019-01-12 06:00,0.144,0.141,0.025,2.499
2019-01-12 07:00,0.423,0.410,0.054,4.093
2019-01-12 08:00,0.609,0.628,0.061,5.282
2019-01-12 09:00,0.710,0.758,0.067,6.408
2019-01-12 10:00,0.748,0.813,0.070,7.319
2019-01-12 11:00,0.727,0.787,0.069,7.813
2019-01-12 12:00,0.643,0.679,0.065,8.041
2019-01-12 13:00,0.486,0.489,0.058,8.128
2019-01-12 14:00,0.236,0.223,0.043,7.376
2019-01-12 15:00,0,0.008,0.004,5.865
2019-01-12 16:00,0,0,0,5.281
2019-01-12 17:00,0,0,0,4.698
2019-01-12 18:00,0,0,0,4.024
2019-01-12 19:00,0,0,0,3.466
2019-01-12 20:00,0,0,0,3.030
2019-01-12 21:00,0,0,0,2.734
2019-01-12 22:00,0,0,0,2.560
2019-01-12 23:00,0,0,0,2.547
2019-01-13 00:00,0,0,0,2.618
2019-01-13 01:00,0,0,0,2.714
2019-01-13 02:00,0,0,0,2.819
2019-01-13 03:00,0,0,0,2.819
2019-01-13 04:00,0,0,0,2.798
2019-01-13 05:00,0,-0,0,2.881
2019-01-13 06:00,0.093,0.085,0.031,3.462
2019-01-13 07:00,0.330,0.284,0.078,4.932
2019-01-13 08:00,0.557,0.542,0.084,5.965
2019-01-13 09:00,0.685,0.708,0.085,6.710
2019-01-13 10:00,0.725,0.762,0.089,7.402
2019-01-13 11:00,0.636,0.619,0.113,7.884
2019-01-13 12:00,0.280,0.152,0.161,7.917
2019-01-13 13:00,0.084,0.020,0.089,7.517
2019-01-13 14:00,0.018,0.005,0.033,7.005
2019-01-13 15:00,0,0,0.002,6.766
2019-01-13 16:00,0,0,0,6.660
2019-01-13 17:00,0,0,0,6.525
2019-01-13 18:00,0,0,0,6.371
2019-01-13 19:00,0,0,0,6.069
2019-01-13 20:00,0,0,0,5.924
2019-01-13 21:00,0,0,0,5.840
2019-01-13 22:00,0,0,0,5.848
2019-01-13 23:00,0,0,0,5.929
2019-01-14 00:00,0,0,0,6.029
2019-01-14 01:00,0,0,0,6.165
2019-01-14 02:00,0,0,0,6.445
2019-01-14 03:00,0,0,0,6.715
2019-01-14 04:00,0,0,0,6.780
2019-01-14 05:00,0,-0,0,6.775
2019-01-14 06:00,0,0.001,0.009,6.933
2019-01-14 07:00,0.017,0.001,0.035,7.331
2019-01-14 08:00,0.037,0.002,0.057,7.697
2019-01-14 09:00,0.052,0.002,0.073,7.813
2019-01-14 10:00,0.058,0.003,0.078,7.542
2019-01-14 11:00,0.050,0.002,0.071,7.182
2019-01-14 12:00,0.040,0.002,0.060,6.942
2019-01-14 13:00,0.026,0.002,0.045,6.651
2019-01-14 14:00,0.003,0.001,0.019,6.381
2019-01-14 15:00,0,0,0.002,6.090
2019-01-14 16:00,0,0,0,6.081
2019-01-14 17:00,0,0,0,6.260
2019-01-14 18:00,0,0,0,6.381
2019-01-14 19:00,0,0,0,6.415
2019-01-14 20:00,0,0,0,6.433
2019-01-14 21:00,0,0,0,6.755
2019-01-14 22:00,0,0,0,6.903
2019-01-14 23:00,0,0,0,6.674
2019-01-15 00:00,0,0,0,6.284
2019-01-15 01:00,0,0,0,5.754
2019-01-15 02:00,0,0,0,5.220
2019-01-15 03:00,0,0,0,4.750
2019-01-15 04:00,0,0,0,4.309
2019-01-15 05:00,0,-0,0,4.150
2019-01-15 06:00,0.147,0.145,0.027,4.722
2019-01-15 07:00,0.428,0.422,0.053,6.467
2019-01-15 08:00,0.630,0.666,0.056,7.080
2019-01-15 09:00,0.743,0.816,0.059,7.142
2019-01-15 10:00,0.787,0.877,0.060,7.201
2019-01-15 11:00,0.766,0.848,0.059,7.265
2019-01-15 12:00,0.679,0.730,0.056,7.259
2019-01-15 13:00,0.518,0.530,0.051,7.077
2019-01-15 14:00,0.263,0.252,0.041,6.304
2019-01-15 15:00,0.002,0.013,0.005,4.816
2019-01-15 16:00,0,0,0,4.445
2019-01-15 17:00,0,0,0,4.241
2019-01-15 18:00,0,0,0,3.897
2019-01-15 19:00,0,0,0,3.485
2019-01-15 20:00,0,0,0,3.109
2019-01-15 21:00,0,0,0,2.764
2019-01-15 22:00,0,0,0,2.582
2019-01-15 23:00,0,0,0,2.728
2019-01-16 00:00,0,0,0,3.081
2019-01-16 01:00,0,0,0,3.469
2019-01-16 02:00,0,0,0,3.896
2019-01-16 03:00,0,0,0,4.139
2019-01-16 04:00,0,0,0,4.263
2019-01-16 05:00,0,-0,0,4.498
2019-01-16 06:00,0.180,0.179,0.026,4.848
2019-01-16 07:00,0.433,0.426,0.054,6.236
2019-01-16 08:00,0.605,0.627,0.064,7.340
2019-01-16 09:00,0.704,0.755,0.070,8.140
2019-01-16 10:00,0.739,0.805,0.073,8.833
2019-01-16 11:00,0.715,0.773,0.073,9.322
2019-01-16 12:00,0.626,0.657,0.070,9.585
2019-01-16 13:00,0.467,0.464,0.064,9.561
2019-01-16 14:00,0.222,0.205,0.048,8.953
2019-01-16 15:00,0.001,0.010,0.006,8.292
2019-01-16 16:00,0,0,0,8.087
2019-01-16 17:00,0,0,0,7.995
2019-01-16 18:00,0,0,0,7.819
2019-01-16 19:00,0,0,0,7.552
2019-01-16 20:00,0,0,0,7.396
2019-01-16 21:00,0,0,0,7.190
2019-01-16 22:00,0,0,0,7.120
2019-01-16 23:00,0,0,0,7.005
2019-01-17 00:00,0,0,0,6.777
2019-01-17 01:00,0,0,0,6.538
2019-01-17 02:00,0,0,0,6.381
2019-01-17 03:00,0,0,0,6.200
2019-01-17 04:00,0,0,0,5.960
2019-01-17 05:00,0,-0,0,5.668
2019-01-17 06:00,0.182,0.181,0.027,6.108
2019-01-17 07:00,0.431,0.427,0.055,7.666
2019-01-17 08:00,0.603,0.630,0.064,8.895
2019-01-17 09:00,0.701,0.759,0.070,9.860
2019-01-17 10:00,0.736,0.810,0.073,10.676
2019-01-17 11:00,0.711,0.777,0.073,11.252
2019-01-17 12:00,0.624,0.662,0.070,11.572
2019-01-17 13:00,0.467,0.469,0.064,11.549
2019-01-17 14:00,0.220,0.204,0.050,10.725
2019-01-17 15:00,0,0.008,0.006,9.563
2019-01-17 16:00,0,0,0,9.398
2019-01-17 17:00,0,0,0,9.382
2019-01-17 18:00,0,0,0,9.548
2019-01-17 19:00,0,0,0,9.500
2019-01-17 20:00,0,0,0,9.253
2019-01-17 21:00,0,0,0,8.901
2019-01-17 22:00,0,0,0,8.864
2019-01-17 23:00,0,0,0,8.856
2019-01-18 00:00,0,0,0,9.200
2019-01-18 01:00,0,0,0,9.518
2019-01-18 02:00,0,0,0,9.772
2019-01-18 03:00,0,0,0,9.963
2019-01-18 04:00,0,0,0,10.085
2019-01-18 05:00,0,-0,0,10.190
2019-01-18 06:00,0.005,0.003,0.019,10.494
2019-01-18 07:00,0.052,0.007,0.069,11.265
2019-01-18 08:00,0.101,0.013,0.115,11.966
2019-01-18 09:00,0.147,0.021,0.156,12.337
2019-01-18 10:00,0.148,0.018,0.160,12.436
2019-01-18 11:00,0.110,0.010,0.129,12.394
2019-01-18 12:00,0.067,0.005,0.088,12.166
2019-01-18 13:00,0.034,0.002,0.054,11.765
2019-01-18 14:00,0.008,0.001,0.025,11.282
2019-01-18 15:00,0,0,0.002,10.875
2019-01-18 16:00,0,0,0,10.658
2019-01-18 17:00,0,0,0,10.599
2019-01-18 18:00,0,0,0,10.608
2019-01-18 19:00,0,0,0,10.554
2019-01-18 20:00,0,0,0,10.484
2019-01-18 21:00,0,0,0,10.312
2019-01-18 22:00,0,0,0,10.331
2019-01-18 23:00,0,0,0,10.399
2019-01-19 00:00,0,0,0,10.495
2019-01-19 01:00,0,0,0,10.512
2019-01-19 02:00,0,0,0,10.436
2019-01-19 03:00,0,0,0,10.469
2019-01-19 04:00,0,0,0,10.372
2019-01-19 05:00,0,-0,0,10.254
2019-01-19 06:00,0.018,0.010,0.029,10.493
2019-01-19 07:00,0.097,0.029,0.095,11.368
2019-01-19 08:00,0.181,0.057,0.156,11.853
2019-01-19 09:00,0.220,0.065,0.189,12.105
2019-01-19 10:00,0.234,0.066,0.204,12.207
2019-01-19 11:00,0.216,0.056,0.194,12.168
2019-01-19 12:00,0.146,0.027,0.148,11.952
2019-01-19 13:00,0.077,0.012,0.092,11.579
2019-01-19 14:00,0.026,0.005,0.042,10.872
2019-01-19 15:00,0,0,0.003,10.098
2019-01-19 16:00,0,0,0,9.811
2019-01-19 17:00,0,0,0,9.734
2019-01-19 18:00,0,0,0,9.734
2019-01-19 19:00,0,0,0,9.753
2019-01-19 20:00,0,0,0,9.739
2019-01-19 21:00,0,0,0,9.817
2019-01-19 22:00,0,0,0,10.019
2019-01-19 23:00,0,0,0,10.249
2019-01-20 00:00,0,0,0,10.488
2019-01-20 01:00,0,0,0,10.609
2019-01-20 02:00,0,0,0,10.636
2019-01-20 03:00,0,0,0,10.502
2019-01-20 04:00,0,0,0,10.316
2019-01-20 05:00,0,-0,0,10.222
2019-01-20 06:00,0.066,0.054,0.037,10.418
2019-01-20 07:00,0.245,0.182,0.098,11.265
2019-01-20 08:00,0.416,0.347,0.126,11.663
2019-01-20 09:00,0.533,0.480,0.136,11.982
2019-01-20 10:00,0.586,0.548,0.137,12.376
2019-01-20 11:00,0.559,0.515,0.137,12.742
2019-01-20 12:00,0.463,0.399,0.132,12.870
2019-01-20 13:00,0.315,0.247,0.113,12.784
2019-01-20 14:00,0.121,0.081,0.068,12.361
2019-01-20 15:00,0,0.003,0.006,11.771
2019-01-20 16:00,0,0,0,11.580
2019-01-20 17:00,0,0,0,11.469
2019-01-20 18:00,0,0,0,11.160
2019-01-20 19:00,0,0,0,10.813
2019-01-20 20:00,0,0,0,10.450
2019-01-20 21:00,0,0,0,10.095
2019-01-20 22:00,0,0,0,9.816
2019-01-20 23:00,0,0,0,9.514
2019-01-21 00:00,0,0,0,9.259
2019-01-21 01:00,0,0,0,9.028
2019-01-21 02:00,0,0,0,8.755
2019-01-21 03:00,0,0,0,8.467
2019-01-21 04:00,0,0,0,8.189
2019-01-21 05:00,0,-0,0,7.925
2019-01-21 06:00,0.089,0.075,0.039,8.185
2019-01-21 07:00,0.291,0.235,0.094,9.641
2019-01-21 08:00,0.469,0.418,0.116,10.741
2019-01-21 09:00,0.539,0.487,0.137,11.824
2019-01-21 10:00,0.564,0.510,0.148,12.663
2019-01-21 11:00,0.495,0.409,0.162,13.090
2019-01-21 12:00,0.360,0.248,0.163,13.157
2019-01-21 13:00,0.190,0.095,0.128,12.941
2019-01-21 14:00,0.062,0.025,0.062,12.286
2019-01-21 15:00,0,0.002,0.005,11.476
2019-01-21 16:00,0,0,0,11.081
2019-01-21 17:00,0,0,0,10.801
2019-01-21 18:00,0,0,0,10.549
2019-01-21 19:00,0,0,0,10.452
2019-01-21 20:00,0,0,0,10.512
2019-01-21 21:00,0,0,0,10.499
2019-01-21 22:00,0,0,0,10.374
2019-01-21 23:00,0,0,0,10.257
2019-01-22 00:00,0,0,0,10.206
2019-01-22 01:00,0,0,0,10.193
2019-01-22 02:00,0,0,0,10.180
2019-01-22 03:00,0,0,0,10.174
2019-01-22 04:00,0,0,0,10.190
2019-01-22 05:00,0,-0,0,10.177
2019-01-22 06:00,0.005,0.003,0.020,10.283
2019-01-22 07:00,0.067,0.010,0.081,10.551
2019-01-22 08:00,0.090,0.009,0.107,10.801
2019-01-22 09:00,0.106,0.009,0.124,11.033
2019-01-22 10:00,0.136,0.014,0.151,11.337
2019-01-22 11:00,0.148,0.017,0.161,11.777
2019-01-22 12:00,0.068,0.004,0.089,11.946
2019-01-22 13:00,0.025,0.002,0.045,11.889
2019-01-22 14:00,0.004,0.001,0.020,11.896
2019-01-22 15:00,0,0,0.002,11.918
2019-01-22 16:00,0,0,0,11.912
2019-01-22 17:00,0,0,0,11.934
2019-01-22 18:00,0,0,0,11.973
2019-01-22 19:00,0,0,0,11.940
2019-01-22 20:00,0,0,0,11.863
2019-01-22 21:00,0,0,0,11.523
2019-01-22 22:00,0,0,0,10.941
2019-01-22 23:00,0,0,0,10.541
2019-01-23 00:00,0,0,0,10.341
2019-01-23 01:00,0,0,0,10.072
2019-01-23 02:00,0,0,0,9.958
2019-01-23 03:00,0,0,0,9.759
2019-01-23 04:00,0,0,0,9.723
2019-01-23 05:00,0,-0,0,9.547
2019-01-23 06:00,0.018,0.008,0.030,9.806
2019-01-23 07:00,0.090,0.020,0.096,10.501
2019-01-23 08:00,0.136,0.024,0.141,10.707
2019-01-23 09:00,0.113,0.011,0.129,10.518
2019-01-23 10:00,0.105,0.008,0.124,10.217
2019-01-23 11:00,0.097,0.007,0.116,9.811
2019-01-23 12:00,0.085,0.007,0.104,9.415
2019-01-23 13:00,0.053,0.004,0.072,9.148
2019-01-23 14:00,0.017,0.002,0.035,8.823
2019-01-23 15:00,0,0,0.003,8.276
2019-01-23 16:00,0,0,0,7.939
2019-01-23 17:00,0,0,0,7.632
2019-01-23 18:00,0,0,0,7.317
2019-01-23 19:00,0,0,0,6.922
2019-01-23 20:00,0,0,0,6.733
2019-01-23 21:00,0,0,0,6.736
2019-01-23 22:00,0,0,0,6.908
2019-01-23 23:00,0,0,0,7.161
2019-01-24 00:00,0,0,0,7.294
2019-01-24 01:00,0,0,0,7.380
2019-01-24 02:00,0,0,0,7.319
2019-01-24 03:00,0,0,0,7.385
2019-01-24 04:00,0,0,0,7.338
2019-01-24 05:00,0,-0,0,7.217
2019-01-24 06:00,0.114,0.097,0.043,7.619
2019-01-24 07:00,0.341,0.296,0.085,9.003
2019-01-24 08:00,0.515,0.485,0.101,9.761
2019-01-24 09:00,0.627,0.625,0.107,10.529
2019-01-24 10:00,0.662,0.669,0.113,11.202
2019-01-24 11:00,0.590,0.559,0.129,11.636
2019-01-24 12:00,0.458,0.387,0.137,11.854
2019-01-24 13:00,0.294,0.215,0.120,11.858
2019-01-24 14:00,0.115,0.071,0.072,11.447
2019-01-24 15:00,0,0.005,0.008,10.553
2019-01-24 16:00,0,0,0,10.126
2019-01-24 17:00,0,0,0,9.903
2019-01-24 18:00,0,0,0,9.788
2019-01-24 19:00,0,0,0,9.496
2019-01-24 20:00,0,0,0,9.142
2019-01-24 21:00,0,0,0,8.875
2019-01-24 22:00,0,0,0,8.859
2019-01-24 23:00,0,0,0,8.898
2019-01-25 00:00,0,0,0,9.322
2019-01-25 01:00,0,0,0,9.414
2019-01-25 02:00,0,0,0,9.172
2019-01-25 03:00,0,0,0,9.040
2019-01-25 04:00,0,0,0,9.128
2019-01-25 05:00,0,-0,0,9.399
2019-01-25 06:00,0.004,0.002,0.019,9.875
2019-01-25 07:00,0.041,0.004,0.060,10.570
2019-01-25 08:00,0.085,0.008,0.103,11.316
2019-01-25 09:00,0.113,0.010,0.130,11.618
2019-01-25 10:00,0.124,0.011,0.141,11.579
2019-01-25 11:00,0.124,0.011,0.141,11.411
2019-01-25 12:00,0.101,0.009,0.119,11.192
2019-01-25 13:00,0.070,0.007,0.088,10.848
2019-01-25 14:00,0.024,0.003,0.041,10.184
2019-01-25 15:00,0,0,0.004,9.498
2019-01-25 16:00,0,0,0,9.240
2019-01-25 17:00,0,0,0,9.033
2019-01-25 18:00,0,0,0,8.871
2019-01-25 19:00,0,0,0,8.732
2019-01-25 20:00,0,0,0,8.528
2019-01-25 21:00,0,0,0,8.220
2019-01-25 22:00,0,0,0,7.893
2019-01-25 23:00,0,0,0,7.551
2019-01-26 00:00,0,0,0,7.213
2019-01-26 01:00,0,0,0,6.881
2019-01-26 02:00,0,0,0,6.539
2019-01-26 03:00,0,0,0,6.096
2019-01-26 04:00,0,0,0,5.563
2019-01-26 05:00,0,-0,0.001,5.043
2019-01-26 06:00,0.075,0.053,0.045,5.268
2019-01-26 07:00,0.253,0.174,0.108,6.070
2019-01-26 08:00,0.351,0.238,0.151,6.852
2019-01-26 09:00,0.418,0.286,0.181,7.956
2019-01-26 10:00,0.449,0.313,0.192,8.883
2019-01-26 11:00,0.453,0.328,0.183,9.427
2019-01-26 12:00,0.428,0.329,0.153,9.783
2019-01-26 13:00,0.387,0.330,0.106,9.933
2019-01-26 14:00,0.205,0.167,0.068,9.514
2019-01-26 15:00,0.008,0.015,0.011,8.126
2019-01-26 16:00,0,0,0,7.511
2019-01-26 17:00,0,0,0,7.195
2019-01-26 18:00,0,0,0,6.855
2019-01-26 19:00,0,0,0,6.543
2019-01-26 20:00,0,0,0,6.261
2019-01-26 21:00,0,0,0,6.006
2019-01-26 22:00,0,0,0,5.793
2019-01-26 23:00,0,0,0,5.660
2019-01-27 00:00,0,0,0,5.697
2019-01-27 01:00,0,0,0,5.870
2019-01-27 02:00,0,0,0,6.111
2019-01-27 03:00,0,0,0,6.231
2019-01-27 04:00,0,0,0,6.246
2019-01-27 05:00,0,-0,0.001,6.289
2019-01-27 06:00,0.126,0.106,0.045,6.700
2019-01-27 07:00,0.426,0.409,0.067,8.081
2019-01-27 08:00,0.602,0.620,0.074,9.015
2019-01-27 09:00,0.703,0.754,0.079,10.064
2019-01-27 10:00,0.740,0.808,0.081,10.927
2019-01-27 11:00,0.716,0.777,0.081,11.466
2019-01-27 12:00,0.631,0.664,0.078,11.749
2019-01-27 13:00,0.478,0.476,0.071,11.726
2019-01-27 14:00,0.245,0.223,0.057,11.228
2019-01-27 15:00,0.014,0.022,0.011,9.772
2019-01-27 16:00,0,0,0,9.207
2019-01-27 17:00,0,0,0,9.071
2019-01-27 18:00,0,0,0,9.262
2019-01-27 19:00,0,0,0,9.328
2019-01-27 20:00,0,0,0,9.509
2019-01-27 21:00,0,0,0,9.776
2019-01-27 22:00,0,0,0,9.989
2019-01-27 23:00,0,0,0,10.056
2019-01-28 00:00,0,0,0,10.318
2019-01-28 01:00,0,0,0,10.581
2019-01-28 02:00,0,0,0,10.827
2019-01-28 03:00,0,0,0,10.964
2019-01-28 04:00,0,0,0,11.080
2019-01-28 05:00,0,0,0,11.184
2019-01-28 06:00,0.023,0.009,0.035,11.514
2019-01-28 07:00,0.134,0.050,0.113,12.192
2019-01-28 08:00,0.307,0.180,0.171,12.895
2019-01-28 09:00,0.572,0.517,0.153,13.471
2019-01-28 10:00,0.592,0.533,0.165,13.592
2019-01-28 11:00,0.424,0.273,0.213,13.438
2019-01-28 12:00,0.145,0.026,0.149,13.049
2019-01-28 13:00,0.043,0.004,0.063,12.763
2019-01-28 14:00,0.014,0.002,0.032,12.621
2019-01-28 15:00,0,0,0.005,12.562
2019-01-28 16:00,0,0,0,12.501
2019-01-28 17:00,0,0,0,12.317
2019-01-28 18:00,0,0,0,12.053
2019-01-28 19:00,0,0,0,11.705
2019-01-28 20:00,0,0,0,11.224
2019-01-28 21:00,0,0,0,10.759
2019-01-28 22:00,0,0,0,10.477
2019-01-28 23:00,0,0,0,10.403
2019-01-29 00:00,0,0,0,10.166
2019-01-29 01:00,0,0,0,9.967
2019-01-29 02:00,0,0,0,10.071
2019-01-29 03:00,0,0,0,10.367
2019-01-29 04:00,0,0,0,10.556
2019-01-29 05:00,0,0,0,10.648
2019-01-29 06:00,0.008,0.002,0.024,10.808
2019-01-29 07:00,0.055,0.006,0.073,11.267
2019-01-29 08:00,0.114,0.014,0.127,11.777
2019-01-29 09:00,0.149,0.019,0.160,12.153
2019-01-29 10:00,0.162,0.020,0.173,12.325
2019-01-29 11:00,0.154,0.018,0.166,12.339
2019-01-29 12:00,0.119,0.013,0.135,12.145
2019-01-29 13:00,0.065,0.006,0.084,11.683
2019-01-29 14:00,0.019,0.002,0.037,10.932
2019-01-29 15:00,0,0,0.005,10.156
2019-01-29 16:00,0,0,0,9.568
2019-01-29 17:00,0,0,0,9.154
2019-01-29 18:00,0,0,0,8.761
2019-01-29 19:00,0,0,0,8.289
2019-01-29 20:00,0,0,0,7.661
2019-01-29 21:00,0,0,0,6.978
2019-01-29 22:00,0,0,0,6.615
2019-01-29 23:00,0,0,0,6.470
2019-01-30 00:00,0,0,0,6.369
2019-01-30 01:00,0,0,0,6.273
2019-01-30 02:00,0,0,0,6.274
2019-01-30 03:00,0,0,0,6.406
2019-01-30 04:00,0,0,0,6.642
2019-01-30 05:00,0,0.001,0.001,6.911
2019-01-30 06:00,0.094,0.068,0.052,7.468
2019-01-30 07:00,0.347,0.292,0.096,8.565
2019-01-30 08:00,0.533,0.500,0.108,9.346
2019-01-30 09:00,0.629,0.615,0.118,10.177
2019-01-30 10:00,0.642,0.620,0.133,10.682
2019-01-30 11:00,0.555,0.485,0.155,10.884
2019-01-30 12:00,0.414,0.305,0.164,10.858
2019-01-30 13:00,0.243,0.138,0.139,10.587
2019-01-30 14:00,0.088,0.038,0.076,10.132
2019-01-30 15:00,0,0.003,0.010,9.472
2019-01-30 16:00,0,0,0,9.322
2019-01-30 17:00,0,0,0,9.296
2019-01-30 18:00,0,0,0,9.324
2019-01-30 19:00,0,0,0,9.418
2019-01-30 20:00,0,0,0,9.420
2019-01-30 21:00,0,0,0,9.500
2019-01-30 22:00,0,0,0,9.504
2019-01-30 23:00,0,0,0,9.293
2019-01-31 00:00,0,0,0,8.895
2019-01-31 01:00,0,0,0,8.572
2019-01-31 02:00,0,0,0,8.538
2019-01-31 03:00,0,0,0,8.660
2019-01-31 04:00,0,0,0,8.758
2019-01-31 05:00,0,0,0,8.778
2019-01-31 06:00,0.014,0.005,0.029,9.057
2019-01-31 07:00,0.082,0.019,0.089,9.669
2019-01-31 08:00,0.278,0.141,0.174,10.392
2019-01-31 09:00,0.469,0.349,0.184,10.691
2019-01-31 10:00,0.543,0.448,0.178,10.834
2019-01-31 11:00,0.564,0.490,0.161,10.864
2019-01-31 12:00,0.505,0.432,0.145,10.723
2019-01-31 13:00,0.329,0.239,0.132,10.428
2019-01-31 14:00,0.142,0.086,0.084,10.003
2019-01-31 15:00,0.011,0.015,0.015,9.149
2019-01-31 16:00,0,0,0,8.821
2019-01-31 17:00,0,0,0,9.343
2019-01-31 18:00,0,0,0,9.809
2019-01-31 19:00,0,0,0,9.702
2019-01-31 20:00,0,0,0,9.409
2019-01-31 21:00,0,0,0,8.922
2019-01-31 22:00,0,0,0,8.662
2019-01-31 23:00,0,0,0,8.681
2019-02-01 00:00,0,0,0,8.962
2019-02-01 01:00,0,0,0,9.218
2019-02-01 02:00,0,0,0,9.446
2019-02-01 03:00,0,0,0,9.828
2019-02-01 04:00,0,0,0,10.108
2019-02-01 05:00,0,0,0.001,10.352
2019-02-01 06:00,0.051,0.026,0.049,11.199
2019-02-01 07:00,0.185,0.095,0.123,12.390
2019-02-01 08:00,0.279,0.148,0.172,13.062
2019-02-01 09:00,0.394,0.250,0.202,13.495
2019-02-01 10:00,0.424,0.275,0.212,13.678
2019-02-01 11:00,0.439,0.302,0.204,13.762
2019-02-01 12:00,0.350,0.217,0.184,13.719
2019-02-01 13:00,0.294,0.195,0.142,13.647
2019-02-01 14:00,0.122,0.067,0.085,13.341
2019-02-01 15:00,0.012,0.015,0.016,12.705
2019-02-01 16:00,0,0,0,12.330
2019-02-01 17:00,0,0,0,12.240
2019-02-01 18:00,0,0,0,12.243
2019-02-01 19:00,0,0,0,12.365
2019-02-01 20:00,0,0,0,12.475
2019-02-01 21:00,0,0,0,12.492
2019-02-01 22:00,0,0,0,12.513
2019-02-01 23:00,0,0,0,12.480
2019-02-02 00:00,0,0,0,12.470
2019-02-02 01:00,0,0,0,12.506
2019-02-02 02:00,0,0,0,12.618
2019-02-02 03:00,0,0,0,12.664
2019-02-02 04:00,0,0,0,12.619
2019-02-02 05:00,0,0.001,0.002,12.571
2019-02-02 06:00,0.066,0.038,0.053,12.884
2019-02-02 07:00,0.209,0.124,0.121,13.413
2019-02-02 08:00,0.430,0.351,0.144,13.908
2019-02-02 09:00,0.612,0.597,0.131,14.481
2019-02-02 10:00,0.575,0.517,0.163,14.890
2019-02-02 11:00,0.435,0.304,0.200,15.082
2019-02-02 12:00,0.299,0.158,0.188,15.124
2019-02-02 13:00,0.249,0.142,0.147,15.122
2019-02-02 14:00,0.118,0.062,0.087,14.875
2019-02-02 15:00,0.004,0.007,0.014,14.295
2019-02-02 16:00,0,0,0,13.993
2019-02-02 17:00,0,0,0,13.889
2019-02-02 18:00,0,0,0,13.804
2019-02-02 19:00,0,0,0,13.781
2019-02-02 20:00,0,0,0,13.760
2019-02-02 21:00,0,0,0,13.781
2019-02-02 22:00,0,0,0,13.844
2019-02-02 23:00,0,0,0,13.828
2019-02-03 00:00,0,0,0,13.788
2019-02-03 01:00,0,0,0,13.763
2019-02-03 02:00,0,0,0,13.827
2019-02-03 03:00,0,0,0,13.904
2019-02-03 04:00,0,0,0,13.950
2019-02-03 05:00,0,0,0.001,14.019
2019-02-03 06:00,0.012,0.003,0.028,14.263
2019-02-03 07:00,0.088,0.017,0.099,14.728
2019-02-03 08:00,0.166,0.040,0.160,15.335
2019-02-03 09:00,0.262,0.089,0.216,15.838
2019-02-03 10:00,0.298,0.113,0.234,16.081
2019-02-03 11:00,0.312,0.132,0.229,16.057
2019-02-03 12:00,0.330,0.178,0.204,15.915
2019-02-03 13:00,0.246,0.129,0.158,15.654
2019-02-03 14:00,0.099,0.040,0.089,15.178
2019-02-03 15:00,0.003,0.005,0.015,14.438
2019-02-03 16:00,0,0,0,13.922
2019-02-03 17:00,0,0,0,13.645
2019-02-03 18:00,0,0,0,13.452
2019-02-03 19:00,0,0,0,13.363
2019-02-03 20:00,0,0,0,13.252
2019-02-03 21:00,0,0,0,13.212
2019-02-03 22:00,0,0,0,13.220
2019-02-03 23:00,0,0,0,13.191
2019-02-04 00:00,0,0,0,13.006
2019-02-04 01:00,0,0,0,12.729
2019-02-04 02:00,0,0,0,12.556
2019-02-04 03:00,0,0,0,12.578
2019-02-04 04:00,0,0,0,12.615
2019-02-04 05:00,0,0,0.001,12.554
2019-02-04 06:00,0.005,0.001,0.021,12.618
2019-02-04 07:00,0.044,0.004,0.064,13.074
2019-02-04 08:00,0.111,0.013,0.127,13.789
2019-02-04 09:00,0.166,0.023,0.176,14.415
2019-02-04 10:00,0.143,0.014,0.160,14.821
2019-02-04 11:00,0.119,0.010,0.139,14.992
2019-02-04 12:00,0.134,0.017,0.148,15.163
2019-02-04 13:00,0.167,0.046,0.155,15.368
2019-02-04 14:00,0.098,0.033,0.094,15.014
2019-02-04 15:00,0.002,0.004,0.015,14.083
2019-02-04 16:00,0,0,0,13.613
2019-02-04 17:00,0,0,0,13.306
2019-02-04 18:00,0,0,0,12.927
2019-02-04 19:00,0,0,0,12.482
2019-02-04 20:00,0,0,0,12.117
2019-02-04 21:00,0,0,0,11.886
2019-02-04 22:00,0,0,0,11.683
2019-02-04 23:00,0,0,0,11.451
2019-02-05 00:00,0,0,0,11.160
2019-02-05 01:00,0,0,0,10.937
2019-02-05 02:00,0,0,0,10.957
2019-02-05 03:00,0,0,0,10.822
2019-02-05 04:00,0,0,0,10.556
2019-02-05 05:00,0,0.002,0.004,10.239
2019-02-05 06:00,0.142,0.106,0.064,10.813
2019-02-05 07:00,0.280,0.194,0.126,12.076
2019-02-05 08:00,0.359,0.232,0.178,13.009
2019-02-05 09:00,0.372,0.206,0.221,13.852
2019-02-05 10:00,0.301,0.113,0.234,14.427
2019-02-05 11:00,0.240,0.065,0.214,14.763
2019-02-05 12:00,0.173,0.035,0.172,14.867
2019-02-05 13:00,0.090,0.012,0.105,14.628
2019-02-05 14:00,0.031,0.004,0.049,13.986
2019-02-05 15:00,0,0.001,0.010,13.310
2019-02-05 16:00,0,0,0,12.954
2019-02-05 17:00,0,0,0,12.682
2019-02-05 18:00,0,0,0,12.439
2019-02-05 19:00,0,0,0,12.123
2019-02-05 20:00,0,0,0,11.665
2019-02-05 21:00,0,0,0,11.229
2019-02-05 22:00,0,0,0,10.609
2019-02-05 23:00,0,0,0,9.994
2019-02-06 00:00,0,0,0,9.530
2019-02-06 01:00,0,0,0,9.105
2019-02-06 02:00,0,0,0,8.919
2019-02-06 03:00,0,0,0,9.157
2019-02-06 04:00,0,0,0,9.540
2019-02-06 05:00,0,0,0.002,9.782
2019-02-06 06:00,0.012,0.002,0.029,10.134
2019-02-06 07:00,0.048,0.004,0.068,10.665
2019-02-06 08:00,0.080,0.005,0.100,11.106
2019-02-06 09:00,0.103,0.007,0.124,11.259
2019-02-06 10:00,0.118,0.008,0.138,11.309
2019-02-06 11:00,0.113,0.007,0.133,11.415
2019-02-06 12:00,0.089,0.006,0.110,11.527
2019-02-06 13:00,0.065,0.005,0.085,11.676
2019-02-06 14:00,0.035,0.004,0.054,11.609
2019-02-06 15:00,0,0.001,0.013,11.026
2019-02-06 16:00,0,0,0,10.424
2019-02-06 17:00,0,0,0,9.998
2019-02-06 18:00,0,0,0,9.411
2019-02-06 19:00,0,0,0,8.762
2019-02-06 20:00,0,0,0,8.303
2019-02-06 21:00,0,0,0,7.922
2019-02-06 22:00,0,0,0,7.584
2019-02-06 23:00,0,0,0,7.304
2019-02-07 00:00,0,0,0,7.125
2019-02-07 01:00,0,0,0,6.951
2019-02-07 02:00,0,0,0,6.843
2019-02-07 03:00,0,0,0,6.832
2019-02-07 04:00,0,0,0,6.917
2019-02-07 05:00,0,0.004,0.004,7.074
2019-02-07 06:00,0.199,0.174,0.054,8.189
2019-02-07 07:00,0.433,0.412,0.077,10.009
2019-02-07 08:00,0.599,0.613,0.086,11.487
2019-02-07 09:00,0.707,0.762,0.088,12.655
2019-02-07 10:00,0.737,0.805,0.093,13.261
2019-02-07 11:00,0.708,0.761,0.096,13.527
2019-02-07 12:00,0.590,0.589,0.106,13.493
2019-02-07 13:00,0.393,0.338,0.111,13.226
2019-02-07 14:00,0.211,0.164,0.081,12.683
2019-02-07 15:00,0.029,0.030,0.021,11.779
2019-02-07 16:00,0,0,0,11.471
2019-02-07 17:00,0,0,0,11.407
2019-02-07 18:00,0,0,0,11.294
2019-02-07 19:00,0,0,0,11.197
2019-02-07 20:00,0,0,0,10.895
2019-02-07 21:00,0,0,0,10.596
2019-02-07 22:00,0,0,0,10.183
2019-02-07 23:00,0,0,0,9.892
2019-02-08 00:00,0,0,0,9.842
2019-02-08 01:00,0,0,0,9.829
2019-02-08 02:00,0,0,0,9.912
2019-02-08 03:00,0,0,0,10.089
2019-02-08 04:00,0,0,0,10.160
2019-02-08 05:00,0,0.002,0.004,10.297
2019-02-08 06:00,0.104,0.068,0.063,10.856
2019-02-08 07:00,0.268,0.187,0.119,11.997
2019-02-08 08:00,0.488,0.434,0.129,12.823
2019-02-08 09:00,0.631,0.626,0.122,13.166
2019-02-08 10:00,0.682,0.699,0.120,13.294
2019-02-08 11:00,0.662,0.671,0.119,13.321
2019-02-08 12:00,0.584,0.571,0.114,13.190
2019-02-08 13:00,0.441,0.402,0.104,12.883
2019-02-08 14:00,0.221,0.173,0.083,12.302
2019-02-08 15:00,0.027,0.026,0.023,11.053
2019-02-08 16:00,0,0,0,10.374
2019-02-08 17:00,0,0,0,10.227
2019-02-08 18:00,0,0,0,10.172
2019-02-08 19:00,0,0,0,10.181
2019-02-08 20:00,0,0,0,10.149
2019-02-08 21:00,0,0,0,10.125
2019-02-08 22:00,0,0,0,10.065
2019-02-08 23:00,0,0,0,10.076
2019-02-09 00:00,0,0,0,10.068
2019-02-09 01:00,0,0,0,9.928
2019-02-09 02:00,0,0,0,9.881
2019-02-09 03:00,0,0,0,9.737
2019-02-09 04:00,0,0,0,9.538
2019-02-09 05:00,0,0.004,0.005,9.435
2019-02-09 06:00,0.178,0.149,0.060,9.900
2019-02-09 07:00,0.404,0.371,0.087,10.929
2019-02-09 08:00,0.567,0.560,0.098,11.712
2019-02-09 09:00,0.704,0.754,0.092,12.374
2019-02-09 10:00,0.743,0.809,0.094,12.714
2019-02-09 11:00,0.717,0.770,0.095,12.753
2019-02-09 12:00,0.636,0.661,0.092,12.587
2019-02-09 13:00,0.485,0.470,0.087,12.250
2019-02-09 14:00,0.249,0.208,0.077,11.674
2019-02-09 15:00,0.028,0.026,0.023,10.541
2019-02-09 16:00,0,0,0,10.101
2019-02-09 17:00,0,0,0,10.045
2019-02-09 18:00,0,0,0,9.854
2019-02-09 19:00,0,0,0,9.738
2019-02-09 20:00,0,0,0,9.700
2019-02-09 21:00,0,0,0,9.742
2019-02-09 22:00,0,0,0,9.656
2019-02-09 23:00,0,0,0,9.600
2019-02-10 00:00,0,0,0,9.476
2019-02-10 01:00,0,0,0,9.247
2019-02-10 02:00,0,0,0,9.133
2019-02-10 03:00,0,0,0,9.104
2019-02-10 04:00,0,0,0,9.014
2019-02-10 05:00,0,0.006,0.006,8.874
2019-02-10 06:00,0.230,0.208,0.054,9.448
2019-02-10 07:00,0.458,0.448,0.072,10.680
2019-02-10 08:00,0.624,0.653,0.080,11.772
2019-02-10 09:00,0.723,0.789,0.085,12.579
2019-02-10 10:00,0.757,0.836,0.089,12.996
2019-02-10 11:00,0.709,0.757,0.099,13.155
2019-02-10 12:00,0.579,0.566,0.113,13.072
2019-02-10 13:00,0.421,0.373,0.108,12.805
2019-02-10 14:00,0.229,0.181,0.083,12.309
2019-02-10 15:00,0.030,0.027,0.025,11.158
2019-02-10 16:00,0,0,0,10.441
2019-02-10 17:00,0,0,0,10.307
2019-02-10 18:00,0,0,0,10.254
2019-02-10 19:00,0,0,0,10.411
2019-02-10 20:00,0,0,0,10.518
2019-02-10 21:00,0,0,0,10.549
2019-02-10 22:00,0,0,0,10.606
2019-02-10 23:00,0,0,0,10.754
2019-02-11 00:00,0,0,0,10.967
2019-02-11 01:00,0,0,0,11.164
2019-02-11 02:00,0,0,0,11.327
2019-02-11 03:00,0,0,0,11.422
2019-02-11 04:00,0,0,0,11.451
2019-02-11 05:00,0,0.003,0.006,11.595
2019-02-11 06:00,0.162,0.124,0.069,12.560
2019-02-11 07:00,0.407,0.368,0.099,13.468
2019-02-11 08:00,0.553,0.530,0.119,14.156
2019-02-11 09:00,0.571,0.514,0.159,14.548
2019-02-11 10:00,0.541,0.441,0.194,14.741
2019-02-11 11:00,0.461,0.321,0.214,14.726
2019-02-11 12:00,0.319,0.158,0.209,14.515
2019-02-11 13:00,0.141,0.034,0.138,14.119
2019-02-11 14:00,0.053,0.010,0.068,13.772
2019-02-11 15:00,0.002,0.002,0.016,13.592
2019-02-11 16:00,0,0,0,13.517
2019-02-11 17:00,0,0,0,13.020
2019-02-11 18:00,0,0,0,12.022
2019-02-11 19:00,0,0,0,11.210
2019-02-11 20:00,0,0,0,10.736
2019-02-11 21:00,0,0,0,10.387
2019-02-11 22:00,0,0,0,10.005
2019-02-11 23:00,0,0,0,9.680
2019-02-12 00:00,0,0,0,9.361
2019-02-12 01:00,0,0,0,8.975
2019-02-12 02:00,0,0,0,8.664
2019-02-12 03:00,0,0,0,8.463
2019-02-12 04:00,0,0,0,8.349
2019-02-12 05:00,0,0.002,0.005,8.279
2019-02-12 06:00,0.103,0.060,0.069,8.953
2019-02-12 07:00,0.375,0.315,0.108,9.804
2019-02-12 08:00,0.577,0.556,0.110,10.344
2019-02-12 09:00,0.644,0.626,0.129,10.749
2019-02-12 10:00,0.630,0.584,0.154,11.069
2019-02-12 11:00,0.583,0.511,0.166,11.295
2019-02-12 12:00,0.476,0.377,0.167,11.364
2019-02-12 13:00,0.330,0.226,0.147,11.141
2019-02-12 14:00,0.180,0.111,0.099,10.591
2019-02-12 15:00,0.028,0.021,0.028,9.552
2019-02-12 16:00,0,0,0,8.659
2019-02-12 17:00,0,0,0,8.160
2019-02-12 18:00,0,0,0,7.492
2019-02-12 19:00,0,0,0,6.770
2019-02-12 20:00,0,0,0,6.170
2019-02-12 21:00,0,0,0,5.670
2019-02-12 22:00,0,0,0,5.263
2019-02-12 23:00,0,0,0,4.980
2019-02-13 00:00,0,0,0,4.742
2019-02-13 01:00,0,0,0,4.513
2019-02-13 02:00,0,0,0,4.348
2019-02-13 03:00,0,0,0,4.290
2019-02-13 04:00,0,0,0,4.263
2019-02-13 05:00,0.007,0.016,0.008,4.224
2019-02-13 06:00,0.293,0.277,0.047,5.235
2019-02-13 07:00,0.514,0.511,0.064,6.131
2019-02-13 08:00,0.651,0.668,0.081,6.820
2019-02-13 09:00,0.705,0.721,0.102,7.359
2019-02-13 10:00,0.683,0.665,0.129,7.636
2019-02-13 11:00,0.626,0.575,0.144,7.753
2019-02-13 12:00,0.528,0.452,0.144,7.769
2019-02-13 13:00,0.391,0.308,0.128,7.738
2019-02-13 14:00,0.217,0.154,0.092,7.546
2019-02-13 15:00,0.041,0.034,0.029,6.785
2019-02-13 16:00,0,0,0,5.971
2019-02-13 17:00,0,0,0,5.678
2019-02-13 18:00,0,0,0,5.348
2019-02-13 19:00,0,0,0,4.985
2019-02-13 20:00,0,0,0,4.568
2019-02-13 21:00,0,0,0,4.177
2019-02-13 22:00,0,0,0,3.861
2019-02-13 23:00,0,0,0,3.585
2019-02-14 00:00,0,0,0,3.370
2019-02-14 01:00,0,0,0,3.232
2019-02-14 02:00,0,0,0,3.138
2019-02-14 03:00,0,0,0,3.057
2019-02-14 04:00,0,0,0,2.982
2019-02-14 05:00,0.011,0.021,0.008,2.975
2019-02-14 06:00,0.324,0.317,0.039,4.459
2019-02-14 07:00,0.552,0.571,0.050,6.068
2019-02-14 08:00,0.706,0.768,0.058,7.469
2019-02-14 09:00,0.791,0.889,0.065,8.971
2019-02-14 10:00,0.819,0.936,0.069,10.502
2019-02-14 11:00,0.792,0.901,0.069,11.668
2019-02-14 12:00,0.708,0.784,0.067,12.330
2019-02-14 13:00,0.562,0.592,0.062,12.483
2019-02-14 14:00,0.346,0.339,0.054,12.057
2019-02-14 15:00,0.084,0.085,0.025,10.584
2019-02-14 16:00,0,0,0,9.374
2019-02-14 17:00,0,0,0,8.854
2019-02-14 18:00,0,0,0,8.083
2019-02-14 19:00,0,0,0,7.195
2019-02-14 20:00,0,0,0,6.444
2019-02-14 21:00,0,0,0,5.938
2019-02-14 22:00,0,0,0,5.598
2019-02-14 23:00,0,0,0,5.407
2019-02-15 00:00,0,0,0,5.343
2019-02-15 01:00,0,0,0,5.333
2019-02-15 02:00,0,0,0,5.315
2019-02-15 03:00,0,0,0,5.302
2019-02-15 04:00,0,0,0,5.310
2019-02-15 05:00,0.008,0.015,0.010,5.442
2019-02-15 06:00,0.264,0.239,0.056,7.094
2019-02-15 07:00,0.489,0.479,0.073,8.887
2019-02-15 08:00,0.649,0.674,0.083,9.791
2019-02-15 09:00,0.726,0.769,0.098,10.420
2019-02-15 10:00,0.679,0.667,0.137,10.733
2019-02-15 11:00,0.489,0.362,0.196,10.752
2019-02-15 12:00,0.429,0.301,0.185,10.703
2019-02-15 13:00,0.309,0.194,0.155,10.457
2019-02-15 14:00,0.173,0.099,0.103,9.951
2019-02-15 15:00,0.031,0.021,0.031,8.791
2019-02-15 16:00,0,0,0,7.962
2019-02-15 17:00,0,0,0,7.743
2019-02-15 18:00,0,0,0,7.460
2019-02-15 19:00,0,0,0,7.118
2019-02-15 20:00,0,0,0,6.868
2019-02-15 21:00,0,0,0,6.548
2019-02-15 22:00,0,0,0,6.077
2019-02-15 23:00,0,0,0,5.572
2019-02-16 00:00,0,0,0,5.193
2019-02-16 01:00,0,0,0,4.900
2019-02-16 02:00,0,0,0,4.692
2019-02-16 03:00,0,0,0,4.617
2019-02-16 04:00,0,0,0,4.605
2019-02-16 05:00,0.011,0.019,0.010,4.663
2019-02-16 06:00,0.287,0.269,0.050,6.151
2019-02-16 07:00,0.515,0.517,0.063,7.919
2019-02-16 08:00,0.674,0.719,0.071,9.143
2019-02-16 09:00,0.769,0.851,0.076,10.233
2019-02-16 10:00,0.803,0.905,0.079,11.155
2019-02-16 11:00,0.781,0.877,0.079,11.916
2019-02-16 12:00,0.701,0.767,0.075,12.440
2019-02-16 13:00,0.559,0.582,0.069,12.635
2019-02-16 14:00,0.347,0.336,0.060,12.351
2019-02-16 15:00,0.082,0.076,0.032,11.032
2019-02-16 16:00,0,0,0,10.024
2019-02-16 17:00,0,0,0,9.816
2019-02-16 18:00,0,0,0,9.654
2019-02-16 19:00,0,0,0,9.538
2019-02-16 20:00,0,0,0,9.451
2019-02-16 21:00,0,0,0,9.214
2019-02-16 22:00,0,0,0,8.831
2019-02-16 23:00,0,0,0,8.422
2019-02-17 00:00,0,0,0,8.062
2019-02-17 01:00,0,0,0,7.673
2019-02-17 02:00,0,0,0,7.448
2019-02-17 03:00,0,0,0,7.209
2019-02-17 04:00,0,0,0,7.100
2019-02-17 05:00,0.012,0.020,0.011,7.062
2019-02-17 06:00,0.286,0.269,0.051,8.151
2019-02-17 07:00,0.511,0.517,0.064,9.756
2019-02-17 08:00,0.667,0.716,0.072,11.079
2019-02-17 09:00,0.760,0.848,0.078,12.248
2019-02-17 10:00,0.795,0.902,0.080,13.110
2019-02-17 11:00,0.773,0.873,0.080,13.523
2019-02-17 12:00,0.695,0.762,0.077,13.554
2019-02-17 13:00,0.554,0.576,0.072,13.291
2019-02-17 14:00,0.341,0.326,0.063,12.662
2019-02-17 15:00,0.080,0.071,0.034,11.266
2019-02-17 16:00,0,0,0,10.460
2019-02-17 17:00,0,0,0,10.377
2019-02-17 18:00,0,0,0,10.265
2019-02-17 19:00,0,0,0,10.151
2019-02-17 20:00,0,0,0,9.865
2019-02-17 21:00,0,0,0,9.647
2019-02-17 22:00,0,0,0,9.564
2019-02-17 23:00,0,0,0,9.499
2019-02-18 00:00,0,0,0,9.401
2019-02-18 01:00,0,0,0,9.332
2019-02-18 02:00,0,0,0,9.305
2019-02-18 03:00,0,0,0,9.112
2019-02-18 04:00,0,0,0,8.970
2019-02-18 05:00,0.014,0.022,0.012,8.940
2019-02-18 06:00,0.285,0.269,0.052,9.814
2019-02-18 07:00,0.508,0.518,0.065,11.235
2019-02-18 08:00,0.666,0.720,0.072,12.346
2019-02-18 09:00,0.758,0.852,0.078,13.366
2019-02-18 10:00,0.794,0.906,0.080,13.981
2019-02-18 11:00,0.773,0.878,0.080,14.353
2019-02-18 12:00,0.696,0.767,0.077,14.508
2019-02-18 13:00,0.557,0.584,0.071,14.297
2019-02-18 14:00,0.349,0.338,0.061,13.685
2019-02-18 15:00,0.088,0.080,0.035,12.518
2019-02-18 16:00,0,0,0,11.834
2019-02-18 17:00,0,0,0,11.707
2019-02-18 18:00,0,0,0,11.622
2019-02-18 19:00,0,0,0,11.358
2019-02-18 20:00,0,0,0,11.150
2019-02-18 21:00,0,0,0,10.909
2019-02-18 22:00,0,0,0,10.623
2019-02-18 23:00,0,0,0,10.281
2019-02-19 00:00,0,0,0,9.977
2019-02-19 01:00,0,0,0,9.722
2019-02-19 02:00,0,0,0,9.538
2019-02-19 03:00,0,0,0,9.243
2019-02-19 04:00,0,0,0,8.971
2019-02-19 05:00,0.015,0.021,0.013,8.885
2019-02-19 06:00,0.275,0.255,0.056,9.909
2019-02-19 07:00,0.498,0.502,0.069,11.477
2019-02-19 08:00,0.657,0.703,0.077,12.407
2019-02-19 09:00,0.753,0.837,0.082,13.022
2019-02-19 10:00,0.789,0.890,0.085,13.430
2019-02-19 11:00,0.768,0.861,0.085,13.587
2019-02-19 12:00,0.690,0.748,0.082,13.527
2019-02-19 13:00,0.549,0.565,0.076,13.284
2019-02-19 14:00,0.340,0.320,0.067,12.833
2019-02-19 15:00,0.081,0.070,0.038,11.890
2019-02-19 16:00,0,0,0,11.306
2019-02-19 17:00,0,0,0,11.276
2019-02-19 18:00,0,0,0,11.316
2019-02-19 19:00,0,0,0,11.222
2019-02-19 20:00,0,0,0,11.068
2019-02-19 21:00,0,0,0,10.871
2019-02-19 22:00,0,0,0,10.716
2019-02-19 23:00,0,0,0,10.639
2019-02-20 00:00,0,0,0,10.564
2019-02-20 01:00,0,0,0,10.522
2019-02-20 02:00,0,0,0,10.551
2019-02-20 03:00,0,0,0,10.584
2019-02-20 04:00,0,0,0,10.578
2019-02-20 05:00,0.002,0.005,0.013,10.608
2019-02-20 06:00,0.107,0.054,0.080,11.021
2019-02-20 07:00,0.316,0.227,0.132,11.781
2019-02-20 08:00,0.555,0.522,0.123,12.446
2019-02-20 09:00,0.704,0.740,0.108,13.036
2019-02-20 10:00,0.764,0.836,0.102,13.445
2019-02-20 11:00,0.753,0.826,0.097,13.653
2019-02-20 12:00,0.680,0.725,0.092,13.646
2019-02-20 13:00,0.544,0.551,0.084,13.410
2019-02-20 14:00,0.333,0.306,0.074,12.897
2019-02-20 15:00,0.081,0.066,0.041,11.758
2019-02-20 16:00,0,0,0,10.440
2019-02-20 17:00,0,0,0,10.118
2019-02-20 18:00,0,0,0,9.905
2019-02-20 19:00,0,0,0,9.743
2019-02-20 20:00,0,0,0,9.615
2019-02-20 21:00,0,0,0,9.557
2019-02-20 22:00,0,0,0,9.535
2019-02-20 23:00,0,0,0,9.516
2019-02-21 00:00,0,0,0,9.500
2019-02-21 01:00,0,0,0,9.495
2019-02-21 02:00,0,0,0,9.515
2019-02-21 03:00,0,0,0,9.615
2019-02-21 04:00,0,0,0,9.630
2019-02-21 05:00,0.003,0.006,0.014,9.697
2019-02-21 06:00,0.126,0.071,0.082,10.624
2019-02-21 07:00,0.367,0.299,0.118,12.055
2019-02-21 08:00,0.612,0.623,0.101,13.287
2019-02-21 09:00,0.729,0.794,0.096,14.318
2019-02-21 10:00,0.768,0.855,0.097,14.853
2019-02-21 11:00,0.751,0.832,0.096,15.066
2019-02-21 12:00,0.671,0.718,0.094,15.035
2019-02-21 13:00,0.534,0.539,0.087,14.771
2019-02-21 14:00,0.331,0.304,0.075,14.132
2019-02-21 15:00,0.084,0.069,0.042,12.642
2019-02-21 16:00,0,0,0,11.230
2019-02-21 17:00,0,0,0,10.856
2019-02-21 18:00,0,0,0,10.619
2019-02-21 19:00,0,0,0,10.462
2019-02-21 20:00,0,0,0,10.353
2019-02-21 21:00,0,0,0,10.276
2019-02-21 22:00,0,0,0,10.235
2019-02-21 23:00,0,0,0,10.214
2019-02-22 00:00,0,0,0,10.235
2019-02-22 01:00,0,0,0,10.210
2019-02-22 02:00,0,0,0,10.246
2019-02-22 03:00,0,0,0,10.199
2019-02-22 04:00,0,0,0,10.068
2019-02-22 05:00,0.005,0.006,0.016,10.044
2019-02-22 06:00,0.124,0.058,0.094,10.859
2019-02-22 07:00,0.240,0.111,0.164,11.950
2019-02-22 08:00,0.276,0.099,0.216,12.251
2019-02-22 09:00,0.242,0.053,0.225,12.222
2019-02-22 10:00,0.190,0.025,0.197,12.045
2019-02-22 11:00,0.188,0.026,0.194,11.745
2019-02-22 12:00,0.282,0.090,0.231,11.736
2019-02-22 13:00,0.352,0.217,0.183,11.845
2019-02-22 14:00,0.229,0.140,0.124,11.681
2019-02-22 15:00,0.041,0.018,0.046,10.907
2019-02-22 16:00,0,0,0,10.298
2019-02-22 17:00,0,0,0,10.418
2019-02-22 18:00,0,0,0,10.499
2019-02-22 19:00,0,0,0,10.652
2019-02-22 20:00,0,0,0,10.655
2019-02-22 21:00,0,0,0,10.399
2019-02-22 22:00,0,0,0,10.019
2019-02-22 23:00,0,0,0,9.430
2019-02-23 00:00,0,0,0,8.554
2019-02-23 01:00,0,0,0,7.700
2019-02-23 02:00,0,0,0,6.775
2019-02-23 03:00,0,0,0,5.551
2019-02-23 04:00,0,0,0,4.423
2019-02-23 05:00,0,0.001,0.010,3.701
2019-02-23 06:00,0.035,0.003,0.053,3.352
2019-02-23 07:00,0.082,0.006,0.099,3.119
2019-02-23 08:00,0.103,0.006,0.120,3.038
2019-02-23 09:00,0.127,0.007,0.143,3.594
2019-02-23 10:00,0.144,0.009,0.160,4.267
2019-02-23 11:00,0.143,0.009,0.159,4.825
2019-02-23 12:00,0.129,0.008,0.145,5.205
2019-02-23 13:00,0.096,0.006,0.114,5.450
2019-02-23 14:00,0.045,0.003,0.065,5.427
2019-02-23 15:00,0.004,0.001,0.020,5.296
2019-02-23 16:00,0,0,0,5.195
2019-02-23 17:00,0,0,0,5.108
2019-02-23 18:00,0,0,0,4.866
2019-02-23 19:00,0,0,0,4.337
2019-02-23 20:00,0,0,0,3.726
2019-02-23 21:00,0,0,0,3.139
2019-02-23 22:00,0,0,0,2.644
2019-02-23 23:00,0,0,0,2.307
2019-02-24 00:00,0,0,0,2.011
2019-02-24 01:00,0,0,0,1.743
2019-02-24 02:00,0,0,0,1.523
2019-02-24 03:00,0,0,0,1.468
2019-02-24 04:00,0,0,0,1.525
2019-02-24 05:00,0.026,0.027,0.018,1.801
2019-02-24 06:00,0.271,0.232,0.065,3.101
2019-02-24 07:00,0.508,0.486,0.077,4.318
2019-02-24 08:00,0.682,0.705,0.081,5.761
2019-02-24 09:00,0.786,0.853,0.083,7.011
2019-02-24 10:00,0.823,0.909,0.085,7.854
2019-02-24 11:00,0.801,0.880,0.085,8.438
2019-02-24 12:00,0.720,0.768,0.083,8.776
2019-02-24 13:00,0.578,0.586,0.077,8.817
2019-02-24 14:00,0.370,0.345,0.068,8.450
2019-02-24 15:00,0.109,0.091,0.043,7.370
2019-02-24 16:00,0,0,0.001,5.838
2019-02-24 17:00,0,0,0,5.235
2019-02-24 18:00,0,0,0,4.711
2019-02-24 19:00,0,0,0,4.275
2019-02-24 20:00,0,0,0,3.898
2019-02-24 21:00,0,0,0,3.597
2019-02-24 22:00,0,0,0,3.341
2019-02-24 23:00,0,0,0,3.105
2019-02-25 00:00,0,0,0,2.904
2019-02-25 01:00,0,0,0,2.735
2019-02-25 02:00,0,0,0,2.607
2019-02-25 03:00,0,0,0,2.498
2019-02-25 04:00,0,0,0,2.490
2019-02-25 05:00,0.038,0.041,0.018,2.796
2019-02-25 06:00,0.320,0.296,0.055,4.470
2019-02-25 07:00,0.543,0.540,0.068,5.706
2019-02-25 08:00,0.688,0.714,0.084,6.798
2019-02-25 09:00,0.664,0.628,0.141,7.566
2019-02-25 10:00,0.448,0.272,0.229,7.912
2019-02-25 11:00,0.514,0.374,0.208,8.471
2019-02-25 12:00,0.668,0.668,0.112,9.072
2019-02-25 13:00,0.574,0.576,0.083,9.298
2019-02-25 14:00,0.369,0.341,0.072,9.153
2019-02-25 15:00,0.107,0.086,0.047,8.230
2019-02-25 16:00,0,0,0.001,6.882
2019-02-25 17:00,0,0,0,6.347
2019-02-25 18:00,0,0,0,5.853
2019-02-25 19:00,0,0,0,5.569
2019-02-25 20:00,0,0,0,5.551
2019-02-25 21:00,0,0,0,5.605
2019-02-25 22:00,0,0,0,5.615
2019-02-25 23:00,0,0,0,5.529
2019-02-26 00:00,0,0,0,5.341
2019-02-26 01:00,0,0,0,5.081
2019-02-26 02:00,0,0,0,4.924
2019-02-26 03:00,0,0,0,4.905
2019-02-26 04:00,0,0,0,5.008
2019-02-26 05:00,0.033,0.034,0.020,5.397
2019-02-26 06:00,0.298,0.270,0.061,7.068
2019-02-26 07:00,0.526,0.525,0.072,8.744
2019-02-26 08:00,0.684,0.728,0.079,10.078
2019-02-26 09:00,0.781,0.866,0.084,11.089
2019-02-26 10:00,0.817,0.922,0.086,11.711
2019-02-26 11:00,0.800,0.900,0.085,12.233
2019-02-26 12:00,0.714,0.775,0.086,12.604
2019-02-26 13:00,0.536,0.525,0.097,12.661
2019-02-26 14:00,0.230,0.151,0.114,12.195
2019-02-26 15:00,0.029,0.010,0.040,11.163
2019-02-26 16:00,0,0,0.001,10.328
2019-02-26 17:00,0,0,0,10.205
2019-02-26 18:00,0,0,0,10.059
2019-02-26 19:00,0,0,0,10.129
2019-02-26 20:00,0,0,0,9.990
2019-02-26 21:00,0,0,0,9.797
2019-02-26 22:00,0,0,0,9.400
2019-02-26 23:00,0,0,0,9.285
2019-02-27 00:00,0,0,0,8.878
2019-02-27 01:00,0,0,0,8.575
2019-02-27 02:00,0,0,0,8.377
2019-02-27 03:00,0,0,0,8.228
2019-02-27 04:00,0,0,0,7.963
2019-02-27 05:00,0.041,0.043,0.020,8.038
2019-02-27 06:00,0.311,0.295,0.056,9.997
2019-02-27 07:00,0.534,0.549,0.066,11.346
2019-02-27 08:00,0.689,0.748,0.074,11.886
2019-02-27 09:00,0.772,0.861,0.084,12.370
2019-02-27 10:00,0.798,0.897,0.090,12.846
2019-02-27 11:00,0.773,0.858,0.093,13.160
2019-02-27 12:00,0.678,0.716,0.097,13.280
2019-02-27 13:00,0.508,0.486,0.103,13.165
2019-02-27 14:00,0.308,0.260,0.091,12.752
2019-02-27 15:00,0.106,0.084,0.050,11.500
2019-02-27 16:00,0,0,0.001,9.913
2019-02-27 17:00,0,0,0,9.373
2019-02-27 18:00,0,0,0,8.956
2019-02-27 19:00,0,0,0,8.560
2019-02-27 20:00,0,0,0,8.206
2019-02-27 21:00,0,0,0,7.866
2019-02-27 22:00,0,0,0,7.572
2019-02-27 23:00,0,0,0,7.412
2019-02-28 00:00,0,0,0,7.231
2019-02-28 01:00,0,0,0,7.084
2019-02-28 02:00,0,0,0,6.983
2019-02-28 03:00,0,0,0,6.870
2019-02-28 04:00,0,0,0,6.732
2019-02-28 05:00,0.052,0.055,0.020,6.840
2019-02-28 06:00,0.329,0.316,0.051,8.064
2019-02-28 07:00,0.548,0.563,0.062,9.306
2019-02-28 08:00,0.701,0.760,0.071,10.256
2019-02-28 09:00,0.792,0.890,0.077,10.998
2019-02-28 10:00,0.826,0.942,0.080,11.513
2019-02-28 11:00,0.806,0.913,0.080,11.818
2019-02-28 12:00,0.730,0.804,0.077,11.914
2019-02-28 13:00,0.594,0.622,0.071,11.792
2019-02-28 14:00,0.393,0.383,0.063,11.413
2019-02-28 15:00,0.136,0.120,0.044,10.544
2019-02-28 16:00,0,0.001,0.002,9.669
2019-02-28 17:00,0,0,0,9.593
2019-02-28 18:00,0,0,0,9.470
2019-02-28 19:00,0,0,0,9.323
2019-02-28 20:00,0,0,0,9.161
2019-02-28 21:00,0,0,0,9.003
2019-02-28 22:00,0,0,0,8.784
2019-02-28 23:00,0,0,0,8.548
2019-03-01 00:00,0,0,0,8.221
2019-03-01 01:00,0,0,0,7.920
2019-03-01 02:00,0,0,0,7.783
2019-03-01 03:00,0,0,0,7.804
2019-03-01 04:00,0,0,0,7.900
2019-03-01 05:00,0.041,0.040,0.024,8.315
2019-03-01 06:00,0.244,0.200,0.077,9.785
2019-03-01 07:00,0.471,0.446,0.091,11.188
2019-03-01 08:00,0.643,0.667,0.093,12.293
2019-03-01 09:00,0.751,0.825,0.093,13.186
2019-03-01 10:00,0.799,0.902,0.091,13.853
2019-03-01 11:00,0.780,0.876,0.090,14.213
2019-03-01 12:00,0.703,0.766,0.088,14.280
2019-03-01 13:00,0.569,0.588,0.082,14.124
2019-03-01 14:00,0.372,0.354,0.072,13.706
2019-03-01 15:00,0.125,0.105,0.049,12.695
2019-03-01 16:00,0,0.001,0.002,11.459
2019-03-01 17:00,0,0,0,11.248
2019-03-01 18:00,0,0,0,11.169
2019-03-01 19:00,0,0,0,11.098
2019-03-01 20:00,0,0,0,11.045
2019-03-01 21:00,0,0,0,10.955
2019-03-01 22:00,0,0,0,10.799
2019-03-01 23:00,0,0,0,10.590
2019-03-02 00:00,0,0,0,10.360
2019-03-02 01:00,0,0,0,10.175
2019-03-02 02:00,0,0,0,10.031
2019-03-02 03:00,0,0,0,9.950
2019-03-02 04:00,0,0,0,9.949
2019-03-02 05:00,0.009,0.006,0.022,10.085
2019-03-02 06:00,0.113,0.043,0.097,11.016
2019-03-02 07:00,0.281,0.158,0.163,12.243
2019-03-02 08:00,0.482,0.381,0.176,13.384
2019-03-02 09:00,0.658,0.640,0.149,14.396
2019-03-02 10:00,0.731,0.764,0.135,15.167
2019-03-02 11:00,0.679,0.678,0.148,15.705
2019-03-02 12:00,0.582,0.541,0.154,16.090
2019-03-02 13:00,0.451,0.385,0.142,16.201
2019-03-02 14:00,0.281,0.213,0.114,15.783
2019-03-02 15:00,0.088,0.055,0.061,14.487
2019-03-02 16:00,0,0.001,0.002,12.924
2019-03-02 17:00,0,0,0,12.285
2019-03-02 18:00,0,0,0,11.838
2019-03-02 19:00,0,0,0,11.502
2019-03-02 20:00,0,0,0,11.250
2019-03-02 21:00,0,0,0,10.992
2019-03-02 22:00,0,0,0,10.683
2019-03-02 23:00,0,0,0,10.340
2019-03-03 00:00,0,0,0,9.955
2019-03-03 01:00,0,0,0,9.537
2019-03-03 02:00,0,0,0,9.083
2019-03-03 03:00,0,0,0,8.629
2019-03-03 04:00,0,0,0,8.229
2019-03-03 05:00,0.056,0.056,0.024,8.285
2019-03-03 06:00,0.318,0.301,0.057,10.182
2019-03-03 07:00,0.537,0.552,0.067,11.598
2019-03-03 08:00,0.689,0.754,0.074,13.255
2019-03-03 09:00,0.780,0.891,0.079,14.582
2019-03-03 10:00,0.814,0.944,0.082,15.226
2019-03-03 11:00,0.794,0.915,0.082,15.491
2019-03-03 12:00,0.719,0.803,0.080,15.439
2019-03-03 13:00,0.586,0.621,0.074,15.161
2019-03-03 14:00,0.388,0.380,0.067,14.575
2019-03-03 15:00,0.139,0.121,0.049,13.263
2019-03-03 16:00,0,0.002,0.003,11.544
2019-03-03 17:00,0,0,0,11.060
2019-03-03 18:00,0,0,0,10.777
2019-03-03 19:00,0,0,0,10.519
2019-03-03 20:00,0,0,0,10.299
2019-03-03 21:00,0,0,0,10.140
2019-03-03 22:00,0,0,0,9.971
2019-03-03 23:00,0,0,0,9.772
2019-03-04 00:00,0,0,0,9.575
2019-03-04 01:00,0,0,0,9.420
2019-03-04 02:00,0,0,0,9.359
2019-03-04 03:00,0,0,0,9.491
2019-03-04 04:00,0,0,0,9.704
2019-03-04 05:00,0.057,0.054,0.027,9.999
2019-03-04 06:00,0.304,0.279,0.066,11.184
2019-03-04 07:00,0.514,0.516,0.080,12.850
2019-03-04 08:00,0.663,0.708,0.090,14.315
2019-03-04 09:00,0.713,0.756,0.115,14.904
2019-03-04 10:00,0.663,0.640,0.160,15.100
2019-03-04 11:00,0.554,0.453,0.201,15.040
2019-03-04 12:00,0.495,0.390,0.188,14.869
2019-03-04 13:00,0.454,0.388,0.138,14.624
2019-03-04 14:00,0.347,0.309,0.090,14.169
2019-03-04 15:00,0.141,0.118,0.053,13.284
2019-03-04 16:00,0,0.002,0.004,12.034
2019-03-04 17:00,0,0,0,11.656
2019-03-04 18:00,0,0,0,11.409
2019-03-04 19:00,0,0,0,11.156
2019-03-04 20:00,0,0,0,10.882
2019-03-04 21:00,0,0,0,10.507
2019-03-04 22:00,0,0,0,10.178
2019-03-04 23:00,0,0,0,10.047
2019-03-05 00:00,0,0,0,10.003
2019-03-05 01:00,0,0,0,9.813
2019-03-05 02:00,0,0,0,9.618
2019-03-05 03:00,0,0,0,9.554
2019-03-05 04:00,0,0,0,9.491
2019-03-05 05:00,0.053,0.047,0.030,9.830
2019-03-05 06:00,0.296,0.265,0.072,11.904
2019-03-05 07:00,0.512,0.510,0.084,13.233
2019-03-05 08:00,0.669,0.713,0.091,14.290
2019-03-05 09:00,0.748,0.820,0.102,14.972
2019-03-05 10:00,0.778,0.861,0.109,15.333
2019-03-05 11:00,0.741,0.795,0.120,15.437
2019-03-05 12:00,0.555,0.482,0.173,15.303
2019-03-05 13:00,0.261,0.116,0.187,14.916
2019-03-05 14:00,0.175,0.074,0.135,14.623
2019-03-05 15:00,0.061,0.025,0.062,14.007
2019-03-05 16:00,0,0.001,0.003,12.955
2019-03-05 17:00,0,0,0,12.712
2019-03-05 18:00,0,0,0,12.658
2019-03-05 19:00,0,0,0,12.677
2019-03-05 20:00,0,0,0,12.686
2019-03-05 21:00,0,0,0,12.620
2019-03-05 22:00,0,0,0,12.393
2019-03-05 23:00,0,0,0,12.051
2019-03-06 00:00,0,0,0,11.821
2019-03-06 01:00,0,0,0,11.689
2019-03-06 02:00,0,0,0,11.901
2019-03-06 03:00,0,0,0,11.884
2019-03-06 04:00,0,0,0,11.707
2019-03-06 05:00,0.057,0.051,0.030,11.742
2019-03-06 06:00,0.293,0.265,0.071,13.316
2019-03-06 07:00,0.504,0.504,0.083,14.476
2019-03-06 08:00,0.667,0.721,0.088,15.477
2019-03-06 09:00,0.756,0.848,0.094,16.127
2019-03-06 10:00,0.793,0.904,0.096,16.413
2019-03-06 11:00,0.778,0.881,0.096,16.460
2019-03-06 12:00,0.707,0.778,0.092,16.332
2019-03-06 13:00,0.580,0.606,0.084,16.065
2019-03-06 14:00,0.391,0.379,0.074,15.606
2019-03-06 15:00,0.151,0.130,0.053,14.785
2019-03-06 16:00,0,0.003,0.005,13.600
2019-03-06 17:00,0,0,0,13.265
2019-03-06 18:00,0,0,0,12.849
2019-03-06 19:00,0,0,0,12.313
2019-03-06 20:00,0,0,0,11.808
2019-03-06 21:00,0,0,0,11.444
2019-03-06 22:00,0,0,0,11.231
2019-03-06 23:00,0,0,0,11.069
2019-03-07 00:00,0,0,0,10.904
2019-03-07 01:00,0,0,0,10.716
2019-03-07 02:00,0,0,0,10.511
2019-03-07 03:00,0,0,0,10.260
2019-03-07 04:00,0,0,0,9.985
2019-03-07 05:00,0.069,0.064,0.030,10.358
2019-03-07 06:00,0.313,0.291,0.066,12.160
2019-03-07 07:00,0.522,0.529,0.079,13.617
2019-03-07 08:00,0.665,0.715,0.089,15.222
2019-03-07 09:00,0.749,0.831,0.099,16.011
2019-03-07 10:00,0.770,0.857,0.108,16.391
2019-03-07 11:00,0.749,0.824,0.109,16.497
2019-03-07 12:00,0.690,0.745,0.101,16.393
2019-03-07 13:00,0.559,0.569,0.095,16.112
2019-03-07 14:00,0.352,0.316,0.091,15.585
2019-03-07 15:00,0.124,0.092,0.062,14.688
2019-03-07 16:00,0,0.003,0.005,13.319
2019-03-07 17:00,0,0,0,12.804
2019-03-07 18:00,0,0,0,12.504
2019-03-07 19:00,0,0,0,12.242
2019-03-07 20:00,0,0,0,12.096
2019-03-07 21:00,0,0,0,12.041
2019-03-07 22:00,0,0,0,11.937
2019-03-07 23:00,0,0,0,11.649
2019-03-08 00:00,0,0,0,11.312
2019-03-08 01:00,0,0,0,11.045
2019-03-08 02:00,0,0,0,10.850
2019-03-08 03:00,0,0,0,10.741
2019-03-08 04:00,0,0,0,10.734
2019-03-08 05:00,0.025,0.012,0.034,11.096
2019-03-08 06:00,0.136,0.055,0.111,12.320
2019-03-08 07:00,0.290,0.157,0.176,13.182
2019-03-08 08:00,0.429,0.285,0.208,13.846
2019-03-08 09:00,0.596,0.515,0.192,14.551
2019-03-08 10:00,0.728,0.747,0.148,15.243
2019-03-08 11:00,0.725,0.756,0.137,15.695
2019-03-08 12:00,0.637,0.629,0.139,15.846
2019-03-08 13:00,0.490,0.436,0.138,15.744
2019-03-08 14:00,0.303,0.230,0.121,15.407
2019-03-08 15:00,0.106,0.064,0.071,14.571
2019-03-08 16:00,0,0.002,0.006,13.174
2019-03-08 17:00,0,0,0,12.680
2019-03-08 18:00,0,0,0,12.412
2019-03-08 19:00,0,0,0,12.178
2019-03-08 20:00,0,0,0,11.944
2019-03-08 21:00,0,0,0,11.792
2019-03-08 22:00,0,0,0,11.661
2019-03-08 23:00,0,0,0,11.468
2019-03-09 00:00,0,0,0,11.177
2019-03-09 01:00,0,0,0,11.054
2019-03-09 02:00,0,0,0,11.011
2019-03-09 03:00,0,0,0,11.028
2019-03-09 04:00,0,0,0,10.938
2019-03-09 05:00,0.034,0.019,0.037,11.355
2019-03-09 06:00,0.175,0.094,0.112,12.625
2019-03-09 07:00,0.330,0.217,0.161,13.521
2019-03-09 08:00,0.570,0.524,0.147,14.463
2019-03-09 09:00,0.687,0.696,0.140,15.227
2019-03-09 10:00,0.720,0.743,0.143,15.703
2019-03-09 11:00,0.735,0.781,0.127,15.939
2019-03-09 12:00,0.676,0.706,0.117,15.982
2019-03-09 13:00,0.548,0.539,0.108,15.863
2019-03-09 14:00,0.363,0.325,0.095,15.569
2019-03-09 15:00,0.137,0.103,0.066,14.882
2019-03-09 16:00,0,0.002,0.007,13.332
2019-03-09 17:00,0,0,0,12.771
2019-03-09 18:00,0,0,0,12.439
2019-03-09 19:00,0,0,0,12.174
2019-03-09 20:00,0,0,0,12.003
2019-03-09 21:00,0,0,0,11.887
2019-03-09 22:00,0,0,0,11.828
2019-03-09 23:00,0,0,0,11.785
2019-03-10 00:00,0,0,0,11.648
2019-03-10 01:00,0,0,0,11.555
2019-03-10 02:00,0,0,0,11.501
2019-03-10 03:00,0,0,0,11.431
2019-03-10 04:00,0,0,0,11.295
2019-03-10 05:00,0.064,0.052,0.037,11.490
2019-03-10 06:00,0.276,0.234,0.083,12.995
2019-03-10 07:00,0.500,0.491,0.091,14.190
2019-03-10 08:00,0.663,0.708,0.093,15.417
2019-03-10 09:00,0.757,0.847,0.097,16.200
2019-03-10 10:00,0.798,0.910,0.098,16.535
2019-03-10 11:00,0.782,0.887,0.097,16.586
2019-03-10 12:00,0.711,0.782,0.094,16.407
2019-03-10 13:00,0.583,0.607,0.089,16.022
2019-03-10 14:00,0.369,0.338,0.088,15.421
2019-03-10 15:00,0.147,0.117,0.063,14.644
2019-03-10 16:00,0,0.004,0.008,13.133
2019-03-10 17:00,0,0,0,12.380
2019-03-10 18:00,0,0,0,11.952
2019-03-10 19:00,0,0,0,11.619
2019-03-10 20:00,0,0,0,11.362
2019-03-10 21:00,0,0,0,11.211
2019-03-10 22:00,0,0,0,11.184
2019-03-10 23:00,0,0,0,11.155
2019-03-11 00:00,0,0,0,11.015
2019-03-11 01:00,0,0,0,10.900
2019-03-11 02:00,0,0,0,10.854
2019-03-11 03:00,0,0,0,10.940
2019-03-11 04:00,0,0,0,11.030
2019-03-11 05:00,0.069,0.052,0.042,11.596
2019-03-11 06:00,0.275,0.219,0.097,13.233
2019-03-11 07:00,0.479,0.438,0.118,14.398
2019-03-11 08:00,0.612,0.591,0.140,15.227
2019-03-11 09:00,0.620,0.551,0.193,15.698
2019-03-11 10:00,0.575,0.440,0.244,15.844
2019-03-11 11:00,0.485,0.295,0.273,15.736
2019-03-11 12:00,0.356,0.149,0.263,15.432
2019-03-11 13:00,0.210,0.050,0.197,14.974
2019-03-11 14:00,0.108,0.017,0.120,14.490
2019-03-11 15:00,0.029,0.004,0.047,13.960
2019-03-11 16:00,0,0,0.003,13.419
2019-03-11 17:00,0,0,0,13.393
2019-03-11 18:00,0,0,0,13.468
2019-03-11 19:00,0,0,0,13.470
2019-03-11 20:00,0,0,0,13.400
2019-03-11 21:00,0,0,0,13.290
2019-03-11 22:00,0,0,0,13.062
2019-03-11 23:00,0,0,0,12.664
2019-03-12 00:00,0,0,0,12.009
2019-03-12 01:00,0,0,0,11.307
2019-03-12 02:00,0,0,0,10.939
2019-03-12 03:00,0,0,0,10.743
2019-03-12 04:00,0,-0,0,10.703
2019-03-12 05:00,0.023,0.005,0.039,10.975
2019-03-12 06:00,0.099,0.015,0.111,11.567
2019-03-12 07:00,0.124,0.012,0.140,11.532
2019-03-12 08:00,0.166,0.015,0.181,11.808
2019-03-12 09:00,0.228,0.026,0.237,11.911
2019-03-12 10:00,0.205,0.018,0.219,11.504
2019-03-12 11:00,0.206,0.019,0.220,11.015
2019-03-12 12:00,0.185,0.016,0.199,10.490
2019-03-12 13:00,0.125,0.009,0.143,9.844
2019-03-12 14:00,0.077,0.005,0.096,9.349
2019-03-12 15:00,0.027,0.002,0.046,9.025
2019-03-12 16:00,0,0,0.005,8.747
2019-03-12 17:00,0,0,0,8.495
2019-03-12 18:00,0,0,0,8.079
2019-03-12 19:00,0,0,0,7.720
2019-03-12 20:00,0,0,0,7.468
2019-03-12 21:00,0,0,0,7.243
2019-03-12 22:00,0,0,0,7.060
2019-03-12 23:00,0,0,0,6.880
2019-03-13 00:00,0,0,0,6.722
2019-03-13 01:00,0,0,0,6.609
2019-03-13 02:00,0,0,0,6.531
2019-03-13 03:00,0,0,0,6.449
2019-03-13 04:00,0,-0,0,6.303
2019-03-13 05:00,0.105,0.093,0.037,7.106
2019-03-13 06:00,0.357,0.344,0.057,9.289
2019-03-13 07:00,0.572,0.594,0.067,10.467
2019-03-13 08:00,0.724,0.795,0.075,11.581
2019-03-13 09:00,0.815,0.928,0.081,12.257
2019-03-13 10:00,0.850,0.983,0.084,12.594
2019-03-13 11:00,0.832,0.955,0.084,12.691
2019-03-13 12:00,0.752,0.828,0.087,12.517
2019-03-13 13:00,0.519,0.477,0.123,12.034
2019-03-13 14:00,0.290,0.204,0.125,11.373
2019-03-13 15:00,0.121,0.075,0.075,10.662
2019-03-13 16:00,0,0.005,0.010,9.427
2019-03-13 17:00,0,0,0,9.368
2019-03-13 18:00,0,0,0,9.648
2019-03-13 19:00,0,0,0,9.588
2019-03-13 20:00,0,0,0,9.237
2019-03-13 21:00,0,0,0,8.993
2019-03-13 22:00,0,0,0,8.905
2019-03-13 23:00,0,0,0,8.847
2019-03-14 00:00,0,0,0,8.807
2019-03-14 01:00,0,0,0,8.860
2019-03-14 02:00,0,0,0,8.836
2019-03-14 03:00,0,0,0,8.723
2019-03-14 04:00,0,0,0,8.550
2019-03-14 05:00,0.043,0.014,0.052,9.198
2019-03-14 06:00,0.127,0.028,0.127,10.619
2019-03-14 07:00,0.190,0.035,0.187,11.220
2019-03-14 08:00,0.262,0.050,0.249,11.421
2019-03-14 09:00,0.214,0.023,0.225,11.171
2019-03-14 10:00,0.203,0.017,0.218,10.792
2019-03-14 11:00,0.184,0.014,0.201,10.231
2019-03-14 12:00,0.156,0.010,0.174,9.596
2019-03-14 13:00,0.092,0.005,0.113,9.041
2019-03-14 14:00,0.048,0.002,0.069,8.625
2019-03-14 15:00,0.018,0.001,0.037,8.365
2019-03-14 16:00,0,0,0.004,8.317
2019-03-14 17:00,0,0,0,8.457
2019-03-14 18:00,0,0,0,8.545
2019-03-14 19:00,0,0,0,8.609
2019-03-14 20:00,0,0,0,8.590
2019-03-14 21:00,0,0,0,8.390
2019-03-14 22:00,0,0,0,8.228
2019-03-14 23:00,0,0,0,8.135
2019-03-15 00:00,0,0,0,8.201
2019-03-15 01:00,0,0,0,8.269
2019-03-15 02:00,0,0,0,8.290
2019-03-15 03:00,0,0,0,8.370
2019-03-15 04:00,0,0,0,8.479
2019-03-15 05:00,0.038,0.016,0.045,8.887
2019-03-15 06:00,0.271,0.209,0.098,10.354
2019-03-15 07:00,0.507,0.483,0.099,11.446
2019-03-15 08:00,0.675,0.704,0.101,12.314
2019-03-15 09:00,0.742,0.786,0.117,12.881
2019-03-15 10:00,0.748,0.777,0.135,13.178
2019-03-15 11:00,0.738,0.768,0.132,13.311
2019-03-15 12:00,0.686,0.706,0.118,13.316
2019-03-15 13:00,0.585,0.588,0.099,13.221
2019-03-15 14:00,0.413,0.391,0.082,12.934
2019-03-15 15:00,0.183,0.152,0.063,12.387
2019-03-15 16:00,0.003,0.008,0.012,10.971
2019-03-15 17:00,0,0,0,10.625
2019-03-15 18:00,0,0,0,10.675
2019-03-15 19:00,0,0,0,10.697
2019-03-15 20:00,0,0,0,10.689
2019-03-15 21:00,0,0,0,10.438
2019-03-15 22:00,0,0,0,10.500
2019-03-15 23:00,0,0,0,10.527
2019-03-16 00:00,0,0,0,10.565
2019-03-16 01:00,0,0,0,10.576
2019-03-16 02:00,0,0,0,10.537
2019-03-16 03:00,0,0,0,10.329
2019-03-16 04:00,0,0,0.001,10.045
2019-03-16 05:00,0.102,0.086,0.042,10.444
2019-03-16 06:00,0.340,0.322,0.064,11.960
2019-03-16 07:00,0.546,0.561,0.076,13.266
2019-03-16 08:00,0.692,0.755,0.084,14.453
2019-03-16 09:00,0.779,0.881,0.091,15.362
2019-03-16 10:00,0.813,0.934,0.094,15.917
2019-03-16 11:00,0.795,0.908,0.094,16.131
2019-03-16 12:00,0.726,0.805,0.090,16.114
2019-03-16 13:00,0.601,0.635,0.084,15.910
2019-03-16 14:00,0.418,0.411,0.074,15.469
2019-03-16 15:00,0.188,0.164,0.059,14.701
2019-03-16 16:00,0.005,0.009,0.012,13.101
2019-03-16 17:00,0,0,0,12.370
2019-03-16 18:00,0,0,0,12.001
2019-03-16 19:00,0,0,0,11.681
2019-03-16 20:00,0,0,0,11.364
2019-03-16 21:00,0,0,0,11.026
2019-03-16 22:00,0,0,0,10.720
2019-03-16 23:00,0,0,0,10.477
2019-03-17 00:00,0,0,0,10.256
2019-03-17 01:00,0,0,0,10.051
2019-03-17 02:00,0,0,0,9.876
2019-03-17 03:00,0,0,0,9.742
2019-03-17 04:00,0,0,0.001,9.640
2019-03-17 05:00,0.101,0.084,0.044,10.588
2019-03-17 06:00,0.336,0.316,0.067,12.569
2019-03-17 07:00,0.541,0.554,0.078,13.854
2019-03-17 08:00,0.688,0.749,0.086,14.945
2019-03-17 09:00,0.778,0.882,0.091,15.714
2019-03-17 10:00,0.814,0.939,0.093,16.231
2019-03-17 11:00,0.799,0.917,0.093,16.495
2019-03-17 12:00,0.729,0.815,0.089,16.532
2019-03-17 13:00,0.604,0.642,0.083,16.332
2019-03-17 14:00,0.422,0.416,0.074,15.896
2019-03-17 15:00,0.190,0.166,0.060,15.174
2019-03-17 16:00,0.006,0.010,0.013,13.731
2019-03-17 17:00,0,0,0,12.923
2019-03-17 18:00,0,0,0,12.671
2019-03-17 19:00,0,0,0,12.391
2019-03-17 20:00,0,0,0,12.105
2019-03-17 21:00,0,0,0,11.943
2019-03-17 22:00,0,0,0,11.849
2019-03-17 23:00,0,0,0,11.748
2019-03-18 00:00,0,0,0,11.665
2019-03-18 01:00,0,0,0,11.590
2019-03-18 02:00,0,0,0,11.537
2019-03-18 03:00,0,0,0,11.444
2019-03-18 04:00,0,0,0.001,11.345
2019-03-18 05:00,0.030,0.007,0.046,11.799
2019-03-18 06:00,0.101,0.018,0.110,12.525
2019-03-18 07:00,0.202,0.049,0.187,13.061
2019-03-18 08:00,0.350,0.143,0.258,13.604
2019-03-18 09:00,0.454,0.236,0.288,14.141
2019-03-18 10:00,0.445,0.213,0.302,14.534
2019-03-18 11:00,0.490,0.285,0.286,14.855
2019-03-18 12:00,0.537,0.403,0.229,15.041
2019-03-18 13:00,0.450,0.332,0.189,14.944
2019-03-18 14:00,0.320,0.225,0.143,14.654
2019-03-18 15:00,0.152,0.096,0.088,14.173
2019-03-18 16:00,0.005,0.006,0.016,12.868
2019-03-18 17:00,0,0,0,12.111
2019-03-18 18:00,0,0,0,11.919
2019-03-18 19:00,0,0,0,11.814
2019-03-18 20:00,0,0,0,11.672
2019-03-18 21:00,0,0,0,11.433
2019-03-18 22:00,0,0,0,11.147
2019-03-18 23:00,0,0,0,10.852
2019-03-19 00:00,0,0,0,10.589
2019-03-19 01:00,0,0,0,10.359
2019-03-19 02:00,0,0,0,10.167
2019-03-19 03:00,0,0,0,9.969
2019-03-19 04:00,0,0,0.002,9.764
2019-03-19 05:00,0.099,0.076,0.049,10.598
2019-03-19 06:00,0.330,0.301,0.075,12.396
2019-03-19 07:00,0.536,0.541,0.085,13.720
2019-03-19 08:00,0.683,0.734,0.094,14.862
2019-03-19 09:00,0.767,0.855,0.102,15.717
2019-03-19 10:00,0.790,0.885,0.110,16.289
2019-03-19 11:00,0.771,0.856,0.111,16.611
2019-03-19 12:00,0.703,0.759,0.107,16.659
2019-03-19 13:00,0.562,0.560,0.109,16.372
2019-03-19 14:00,0.353,0.295,0.113,15.764
2019-03-19 15:00,0.126,0.072,0.086,14.848
2019-03-19 16:00,0.002,0.004,0.015,13.481
2019-03-19 17:00,0,0,0,12.722
2019-03-19 18:00,0,0,0,12.399
2019-03-19 19:00,0,0,0,12.144
2019-03-19 20:00,0,0,0,11.887
2019-03-19 21:00,0,0,0,11.749
2019-03-19 22:00,0,0,0,11.695
2019-03-19 23:00,0,0,0,11.616
2019-03-20 00:00,0,0,0,11.662
2019-03-20 01:00,0,0,0,11.800
2019-03-20 02:00,0,0,0,11.976
2019-03-20 03:00,0,0,0,11.834
2019-03-20 04:00,0,0,0.002,11.467
2019-03-20 05:00,0.086,0.052,0.060,11.795
2019-03-20 06:00,0.300,0.241,0.102,13.187
2019-03-20 07:00,0.505,0.472,0.117,14.558
2019-03-20 08:00,0.627,0.612,0.143,15.944
2019-03-20 09:00,0.624,0.552,0.203,16.894
2019-03-20 10:00,0.589,0.454,0.254,17.407
2019-03-20 11:00,0.466,0.255,0.294,17.516
2019-03-20 12:00,0.335,0.117,0.273,17.351
2019-03-20 13:00,0.227,0.054,0.214,17.076
2019-03-20 14:00,0.120,0.018,0.133,16.649
2019-03-20 15:00,0.039,0.005,0.059,15.921
2019-03-20 16:00,0,0,0.009,15.008
2019-03-20 17:00,0,0,0,14.529
2019-03-20 18:00,0,0,0,14.449
2019-03-20 19:00,0,0,0,14.491
2019-03-20 20:00,0,0,0,14.532
2019-03-20 21:00,0,0,0,14.403
2019-03-20 22:00,0,0,0,14.147
2019-03-20 23:00,0,0,0,13.865
2019-03-21 00:00,0,0,0,13.535
2019-03-21 01:00,0,0,0,13.189
2019-03-21 02:00,0,0,0,12.876
2019-03-21 03:00,0,0,0,12.580
2019-03-21 04:00,0,0,0.002,12.364
2019-03-21 05:00,0.075,0.042,0.059,12.858
2019-03-21 06:00,0.285,0.230,0.099,14.209
2019-03-21 07:00,0.493,0.469,0.108,15.645
2019-03-21 08:00,0.638,0.660,0.115,17.171
2019-03-21 09:00,0.750,0.834,0.110,18.335
2019-03-21 10:00,0.774,0.868,0.118,19.022
2019-03-21 11:00,0.710,0.748,0.141,19.211
2019-03-21 12:00,0.619,0.607,0.150,19.142
2019-03-21 13:00,0.508,0.471,0.136,19.032
2019-03-21 14:00,0.383,0.349,0.101,18.727
2019-03-21 15:00,0.175,0.136,0.076,17.875
2019-03-21 16:00,0.009,0.009,0.018,16.130
2019-03-21 17:00,0,0,0,15.162
2019-03-21 18:00,0,0,0,14.670
2019-03-21 19:00,0,0,0,14.249
2019-03-21 20:00,0,0,0,13.893
2019-03-21 21:00,0,0,0,13.622
2019-03-21 22:00,0,0,0,13.383
2019-03-21 23:00,0,0,0,13.116
2019-03-22 00:00,0,0,0,12.779
2019-03-22 01:00,0,0,0,12.560
2019-03-22 02:00,0,0,0,12.229
2019-03-22 03:00,0,0,0,12.043
2019-03-22 04:00,0,0,0.003,11.935
2019-03-22 05:00,0.099,0.073,0.054,12.600
2019-03-22 06:00,0.325,0.296,0.078,14.176
2019-03-22 07:00,0.528,0.535,0.087,15.640
2019-03-22 08:00,0.676,0.734,0.093,16.855
2019-03-22 09:00,0.771,0.877,0.096,17.545
2019-03-22 10:00,0.807,0.932,0.099,17.821
2019-03-22 11:00,0.787,0.900,0.100,18.002
2019-03-22 12:00,0.722,0.807,0.095,18.077
2019-03-22 13:00,0.597,0.632,0.089,17.987
2019-03-22 14:00,0.416,0.405,0.082,17.660
2019-03-22 15:00,0.192,0.161,0.068,16.773
2019-03-22 16:00,0.011,0.012,0.019,14.928
2019-03-22 17:00,0,0,0,13.852
2019-03-22 18:00,0,0,0,13.450
2019-03-22 19:00,0,0,0,13.224
2019-03-22 20:00,0,0,0,13.088
2019-03-22 21:00,0,0,0,12.935
2019-03-22 22:00,0,0,0,12.739
2019-03-22 23:00,0,0,0,12.443
2019-03-23 00:00,0,0,0,12.175
2019-03-23 01:00,0,0,0,11.984
2019-03-23 02:00,0,0,0,11.820
2019-03-23 03:00,0,0,0,11.616
2019-03-23 04:00,0,0,0.004,11.468
2019-03-23 05:00,0.102,0.076,0.054,12.206
2019-03-23 06:00,0.334,0.307,0.075,13.864
2019-03-23 07:00,0.538,0.551,0.083,15.566
2019-03-23 08:00,0.684,0.749,0.090,16.890
2019-03-23 09:00,0.774,0.884,0.094,17.711
2019-03-23 10:00,0.809,0.940,0.097,18.007
2019-03-23 11:00,0.794,0.916,0.096,18.136
2019-03-23 12:00,0.725,0.812,0.093,18.061
2019-03-23 13:00,0.600,0.637,0.088,17.766
2019-03-23 14:00,0.422,0.413,0.080,17.148
2019-03-23 15:00,0.200,0.172,0.066,16.168
2019-03-23 16:00,0.014,0.014,0.020,14.591
2019-03-23 17:00,0,0,0,13.689
2019-03-23 18:00,0,0,0,13.427
2019-03-23 19:00,0,0,0,13.340
2019-03-23 20:00,0,0,0,13.323
2019-03-23 21:00,0,0,0,13.207
2019-03-23 22:00,0,0,0,13.073
2019-03-23 23:00,0,0,0,12.732
2019-03-24 00:00,0,0,0,12.366
2019-03-24 01:00,0,0,0,12.159
2019-03-24 02:00,0,0,0,12.152
2019-03-24 03:00,0,0,0,12.174
2019-03-24 04:00,0,0,0.004,12.034
2019-03-24 05:00,0.116,0.096,0.050,12.801
2019-03-24 06:00,0.351,0.336,0.067,14.472
2019-03-24 07:00,0.552,0.577,0.076,15.947
2019-03-24 08:00,0.695,0.773,0.084,17.364
2019-03-24 09:00,0.781,0.903,0.090,18.157
2019-03-24 10:00,0.816,0.955,0.093,18.240
2019-03-24 11:00,0.799,0.927,0.094,18.041
2019-03-24 12:00,0.729,0.818,0.092,17.665
2019-03-24 13:00,0.605,0.641,0.087,17.132
2019-03-24 14:00,0.425,0.415,0.080,16.463
2019-03-24 15:00,0.202,0.172,0.067,15.620
2019-03-24 16:00,0.015,0.015,0.021,14.185
2019-03-24 17:00,0,0,0,13.588
2019-03-24 18:00,0,0,0,13.618
2019-03-24 19:00,0,0,0,13.408
2019-03-24 20:00,0,0,0,13.071
2019-03-24 21:00,0,0,0,12.909
2019-03-24 22:00,0,0,0,12.880
2019-03-24 23:00,0,0,0,12.904
2019-03-25 00:00,0,0,0,12.871
2019-03-25 01:00,0,0,0,12.814
2019-03-25 02:00,0,0,0,12.667
2019-03-25 03:00,0,0,0,12.381
2019-03-25 04:00,0,0,0.005,11.993
2019-03-25 05:00,0.120,0.100,0.050,12.347
2019-03-25 06:00,0.356,0.342,0.066,13.995
2019-03-25 07:00,0.558,0.585,0.075,15.215
2019-03-25 08:00,0.703,0.782,0.082,16.314
2019-03-25 09:00,0.791,0.913,0.088,17.013
2019-03-25 10:00,0.825,0.966,0.091,17.343
2019-03-25 11:00,0.807,0.938,0.091,17.394
2019-03-25 12:00,0.738,0.832,0.089,17.281
2019-03-25 13:00,0.614,0.657,0.084,17.064
2019-03-25 14:00,0.431,0.425,0.078,16.709
2019-03-25 15:00,0.205,0.176,0.066,16.079
2019-03-25 16:00,0.017,0.015,0.022,14.706
2019-03-25 17:00,0,0,0,13.899
2019-03-25 18:00,0,0,0,13.444
2019-03-25 19:00,0,0,0,12.997
2019-03-25 20:00,0,0,0,12.650
2019-03-25 21:00,0,0,0,12.569
2019-03-25 22:00,0,0,0,12.583
2019-03-25 23:00,0,0,0,12.532
2019-03-26 00:00,0,0,0,12.477
2019-03-26 01:00,0,0,0,12.399
2019-03-26 02:00,0,0,0,12.331
2019-03-26 03:00,0,0,0,12.276
2019-03-26 04:00,0,0,0.004,12.276
2019-03-26 05:00,0.063,0.023,0.066,12.919
2019-03-26 06:00,0.285,0.218,0.111,14.429
2019-03-26 07:00,0.491,0.458,0.117,15.648
2019-03-26 08:00,0.639,0.651,0.123,16.669
2019-03-26 09:00,0.731,0.783,0.127,17.294
2019-03-26 10:00,0.770,0.843,0.128,17.681
2019-03-26 11:00,0.757,0.828,0.126,17.923
2019-03-26 12:00,0.685,0.722,0.124,18.018
2019-03-26 13:00,0.557,0.546,0.121,17.875
2019-03-26 14:00,0.378,0.328,0.114,17.507
2019-03-26 15:00,0.155,0.095,0.095,16.829
2019-03-26 16:00,0.011,0.006,0.024,15.387
2019-03-26 17:00,0,0,0,14.717
2019-03-26 18:00,0,0,0,14.640
2019-03-26 19:00,0,0,0,14.195
2019-03-26 20:00,0,0,0,13.729
2019-03-26 21:00,0,0,0,13.328
2019-03-26 22:00,0,0,0,13.019
2019-03-26 23:00,0,0,0,12.673
2019-03-27 00:00,0,0,0,12.365
2019-03-27 01:00,0,0,0,12.152
2019-03-27 02:00,0,0,0,11.941
2019-03-27 03:00,0,0,0,11.775
2019-03-27 04:00,0,0,0.005,11.584
2019-03-27 05:00,0.077,0.028,0.075,12.204
2019-03-27 06:00,0.248,0.144,0.143,13.409
2019-03-27 07:00,0.406,0.281,0.187,14.887
2019-03-27 08:00,0.497,0.353,0.230,16.051
2019-03-27 09:00,0.590,0.462,0.246,16.728
2019-03-27 10:00,0.579,0.420,0.274,17.123
2019-03-27 11:00,0.565,0.402,0.275,17.393
2019-03-27 12:00,0.481,0.293,0.274,17.361
2019-03-27 13:00,0.295,0.098,0.246,16.948
2019-03-27 14:00,0.116,0.014,0.133,16.313
2019-03-27 15:00,0.028,0.002,0.049,15.673
2019-03-27 16:00,0,0,0.008,15.037
2019-03-27 17:00,0,0,0,14.632
2019-03-27 18:00,0,0,0,14.249
2019-03-27 19:00,0,0,0,13.805
2019-03-27 20:00,0,0,0,13.400
2019-03-27 21:00,0,0,0,13.062
2019-03-27 22:00,0,0,0,12.740
2019-03-27 23:00,0,0,0,12.403
2019-03-28 00:00,0,0,0,11.960
2019-03-28 01:00,0,0,0,11.522
2019-03-28 02:00,0,0,0,11.105
2019-03-28 03:00,0,0,0,10.828
2019-03-28 04:00,0,0,0.003,10.736
2019-03-28 05:00,0.023,0.002,0.042,11.198
2019-03-28 06:00,0.107,0.013,0.121,12.071
2019-03-28 07:00,0.247,0.063,0.223,13.081
2019-03-28 08:00,0.387,0.156,0.288,14.219
2019-03-28 09:00,0.436,0.182,0.323,14.951
2019-03-28 10:00,0.433,0.163,0.340,15.336
2019-03-28 11:00,0.386,0.118,0.328,15.481
2019-03-28 12:00,0.326,0.083,0.293,15.485
2019-03-28 13:00,0.262,0.060,0.244,15.391
2019-03-28 14:00,0.164,0.028,0.169,15.165
2019-03-28 15:00,0.073,0.009,0.090,14.767
2019-03-28 16:00,0.003,0.001,0.019,13.972
2019-03-28 17:00,0,0,0,13.406
2019-03-28 18:00,0,0,0,13.044
2019-03-28 19:00,0,0,0,12.642
2019-03-28 20:00,0,0,0,12.258
2019-03-28 21:00,0,0,0,11.798
2019-03-28 22:00,0,0,0,11.287
2019-03-28 23:00,0,0,0,10.799
2019-03-29 00:00,0,0,0,10.272
2019-03-29 01:00,0,0,0,9.750
2019-03-29 02:00,0,0,0,9.331
2019-03-29 03:00,0,0,0,8.902
2019-03-29 04:00,0,0,0.007,8.563
2019-03-29 05:00,0.138,0.118,0.047,9.749
2019-03-29 06:00,0.381,0.373,0.059,11.399
2019-03-29 07:00,0.587,0.620,0.067,12.620
2019-03-29 08:00,0.732,0.818,0.075,13.741
2019-03-29 09:00,0.818,0.949,0.081,14.773
2019-03-29 10:00,0.848,1.001,0.084,15.700
2019-03-29 11:00,0.827,0.970,0.085,16.371
2019-03-29 12:00,0.756,0.863,0.082,16.734
2019-03-29 13:00,0.630,0.685,0.078,16.894
2019-03-29 14:00,0.449,0.454,0.071,16.832
2019-03-29 15:00,0.223,0.200,0.063,16.137
2019-03-29 16:00,0.024,0.020,0.026,14.325
2019-03-29 17:00,0,0,0,13.076
2019-03-29 18:00,0,0,0,12.551
2019-03-29 19:00,0,0,0,11.990
2019-03-29 20:00,0,0,0,11.485
2019-03-29 21:00,0,0,0,11.094
2019-03-29 22:00,0,0,0,10.798
2019-03-29 23:00,0,0,0,10.523
2019-03-30 00:00,0,0,0,10.296
2019-03-30 01:00,0,0,0,10.131
2019-03-30 02:00,0,0,0,10.009
2019-03-30 03:00,0,0,0,9.870
2019-03-30 04:00,0,0,0.008,9.743
2019-03-30 05:00,0.128,0.100,0.056,10.760
2019-03-30 06:00,0.358,0.335,0.072,12.433
2019-03-30 07:00,0.557,0.571,0.082,13.785
2019-03-30 08:00,0.701,0.765,0.089,15.117
2019-03-30 09:00,0.785,0.891,0.095,16.183
2019-03-30 10:00,0.815,0.940,0.099,16.914
2019-03-30 11:00,0.802,0.923,0.098,17.422
2019-03-30 12:00,0.731,0.816,0.096,17.658
2019-03-30 13:00,0.604,0.638,0.092,17.592
2019-03-30 14:00,0.423,0.408,0.087,17.132
2019-03-30 15:00,0.204,0.165,0.077,16.220
2019-03-30 16:00,0.022,0.014,0.029,14.648
2019-03-30 17:00,0,0,0,13.495
2019-03-30 18:00,0,0,0,13.152
2019-03-30 19:00,0,0,0,12.872
2019-03-30 20:00,0,0,0,12.611
2019-03-30 21:00,0,0,0,12.459
2019-03-30 22:00,0,0,0,12.333
2019-03-30 23:00,0,0,0,12.199
2019-03-31 00:00,0,0,0,12.056
2019-03-31 01:00,0,0,0,11.861
2019-03-31 02:00,0,0,0,11.688
2019-03-31 03:00,0,0,0,11.520
2019-03-31 04:00,0,0,0.009,11.324
2019-03-31 05:00,0.131,0.106,0.055,12.175
2019-03-31 06:00,0.362,0.346,0.069,13.812
2019-03-31 07:00,0.561,0.586,0.077,15.575
2019-03-31 08:00,0.703,0.783,0.084,17.019
2019-03-31 09:00,0.789,0.913,0.090,17.791
2019-03-31 10:00,0.825,0.969,0.092,18.007
2019-03-31 11:00,0.809,0.943,0.092,18.058
2019-03-31 12:00,0.739,0.835,0.090,17.907
2019-03-31 13:00,0.616,0.660,0.086,17.531
2019-03-31 14:00,0.438,0.433,0.080,16.784
2019-03-31 15:00,0.218,0.186,0.070,15.658
2019-03-31 16:00,0.025,0.018,0.029,14.059
2019-03-31 17:00,0,0,0,12.813
2019-03-31 18:00,0,0,0,12.525
2019-03-31 19:00,0,0,0,12.403
2019-03-31 20:00,0,0,0,12.306
2019-03-31 21:00,0,0,0,12.217
2019-03-31 22:00,0,0,0,12.206
2019-03-31 23:00,0,0,0,12.121
2019-04-01 00:00,0,0,0,11.991
2019-04-01 01:00,0,0,0,11.862
2019-04-01 02:00,0,0,0,11.816
2019-04-01 03:00,0,0,0,11.695
2019-04-01 04:00,0,0,0.010,11.564
2019-04-01 05:00,0.125,0.093,0.061,12.354
2019-04-01 06:00,0.350,0.324,0.078,14.016
2019-04-01 07:00,0.548,0.563,0.085,15.776
2019-04-01 08:00,0.690,0.761,0.091,17.667
2019-04-01 09:00,0.777,0.893,0.096,18.691
2019-04-01 10:00,0.813,0.950,0.098,18.744
2019-04-01 11:00,0.798,0.924,0.098,18.510
2019-04-01 12:00,0.730,0.817,0.096,18.144
2019-04-01 13:00,0.606,0.640,0.093,17.620
2019-04-01 14:00,0.428,0.413,0.087,16.906
2019-04-01 15:00,0.211,0.173,0.077,15.998
2019-04-01 16:00,0.025,0.016,0.032,14.545
2019-04-01 17:00,0,0,0,13.496
2019-04-01 18:00,0,0,0,13.391
2019-04-01 19:00,0,0,0,13.501
2019-04-01 20:00,0,0,0,13.419
2019-04-01 21:00,0,0,0,13.268
2019-04-01 22:00,0,0,0,13.088
2019-04-01 23:00,0,0,0,12.786
2019-04-02 00:00,0,0,0,12.598
2019-04-02 01:00,0,0,0,12.534
2019-04-02 02:00,0,0,0,12.375
2019-04-02 03:00,0,0,0,12.271
2019-04-02 04:00,0,0,0.011,12.208
2019-04-02 05:00,0.117,0.072,0.074,13.026
2019-04-02 06:00,0.327,0.273,0.103,14.707
2019-04-02 07:00,0.515,0.491,0.116,16.230
2019-04-02 08:00,0.657,0.678,0.125,17.258
2019-04-02 09:00,0.742,0.799,0.132,17.820
2019-04-02 10:00,0.774,0.842,0.138,17.950
2019-04-02 11:00,0.733,0.761,0.155,17.812
2019-04-02 12:00,0.614,0.556,0.186,17.498
2019-04-02 13:00,0.417,0.269,0.217,17.024
2019-04-02 14:00,0.245,0.103,0.184,16.510
2019-04-02 15:00,0.104,0.026,0.108,15.951
2019-04-02 16:00,0.012,0.002,0.029,15.105
2019-04-02 17:00,0,0,0,14.631
2019-04-02 18:00,0,0,0,14.472
2019-04-02 19:00,0,0,0,14.270
2019-04-02 20:00,0,0,0,14.137
2019-04-02 21:00,0,0,0,14.090
2019-04-02 22:00,0,0,0,14.071
2019-04-02 23:00,0,0,0,13.959
2019-04-03 00:00,0,0,0,13.854
2019-04-03 01:00,0,0,0,13.780
2019-04-03 02:00,0,0,0,13.724
2019-04-03 03:00,0,0,0,13.624
2019-04-03 04:00,0,0,0.007,13.548
2019-04-03 05:00,0.037,0.003,0.057,14.194
2019-04-03 06:00,0.099,0.008,0.120,15.050
2019-04-03 07:00,0.166,0.016,0.184,15.571
2019-04-03 08:00,0.223,0.025,0.237,15.944
2019-04-03 09:00,0.287,0.041,0.293,16.293
2019-04-03 10:00,0.313,0.048,0.316,16.455
2019-04-03 11:00,0.272,0.032,0.285,16.444
2019-04-03 12:00,0.197,0.016,0.218,16.323
2019-04-03 13:00,0.157,0.011,0.179,16.193
2019-04-03 14:00,0.118,0.009,0.140,16.013
2019-04-03 15:00,0.067,0.006,0.089,15.584
2019-04-03 16:00,0.010,0.001,0.028,14.683
2019-04-03 17:00,0,0,0,13.969
2019-04-03 18:00,0,0,0,13.700
2019-04-03 19:00,0,0,0,13.432
2019-04-03 20:00,0,0,0,13.166
2019-04-03 21:00,0,0,0,12.940
2019-04-03 22:00,0,0,0,12.716
2019-04-03 23:00,0,0,0,12.551
2019-04-04 00:00,0,0,0,12.401
2019-04-04 01:00,0,0,0,12.189
2019-04-04 02:00,0,0,0,12.005
2019-04-04 03:00,0,0,0,11.792
2019-04-04 04:00,0,0,0.012,11.723
2019-04-04 05:00,0.113,0.064,0.078,13.097
2019-04-04 06:00,0.314,0.252,0.109,14.216
2019-04-04 07:00,0.511,0.481,0.117,15.051
2019-04-04 08:00,0.660,0.679,0.120,15.712
2019-04-04 09:00,0.760,0.828,0.120,16.286
2019-04-04 10:00,0.795,0.882,0.123,16.610
2019-04-04 11:00,0.766,0.831,0.129,16.680
2019-04-04 12:00,0.696,0.728,0.127,16.722
2019-04-04 13:00,0.585,0.584,0.117,16.645
2019-04-04 14:00,0.414,0.374,0.107,16.282
2019-04-04 15:00,0.203,0.146,0.094,15.718
2019-04-04 16:00,0.024,0.007,0.039,14.808
2019-04-04 17:00,0,0,0,14.053
2019-04-04 18:00,0,0,0,13.629
2019-04-04 19:00,0,0,0,13.283
2019-04-04 20:00,0,0,0,13.061
2019-04-04 21:00,0,0,0,12.864
2019-04-04 22:00,0,0,0,12.706
2019-04-04 23:00,0,0,0,12.593
2019-04-05 00:00,0,0,0,12.498
2019-04-05 01:00,0,0,0,12.375
2019-04-05 02:00,0,0,0,12.208
2019-04-05 03:00,0,0,0,12.052
2019-04-05 04:00,0,0,0.007,11.897
2019-04-05 05:00,0.043,0.005,0.062,12.113
2019-04-05 06:00,0.134,0.022,0.142,12.623
2019-04-05 07:00,0.243,0.061,0.220,13.440
2019-04-05 08:00,0.402,0.182,0.281,14.395
2019-04-05 09:00,0.543,0.355,0.285,15.188
2019-04-05 10:00,0.599,0.439,0.276,15.724
2019-04-05 11:00,0.639,0.531,0.241,16.143
2019-04-05 12:00,0.608,0.522,0.209,16.425
2019-04-05 13:00,0.525,0.445,0.176,16.507
2019-04-05 14:00,0.380,0.295,0.147,16.388
2019-04-05 15:00,0.181,0.100,0.117,15.937
2019-04-05 16:00,0.028,0.007,0.044,14.950
2019-04-05 17:00,0,0,0,14.051
2019-04-05 18:00,0,0,0,13.934
2019-04-05 19:00,0,0,0,13.939
2019-04-05 20:00,0,0,0,13.929
2019-04-05 21:00,0,0,0,13.927
2019-04-05 22:00,0,0,0,13.923
2019-04-05 23:00,0,0,0,13.807
2019-04-06 00:00,0,0,0,13.390
2019-04-06 01:00,0,0,0,13.038
2019-04-06 02:00,0,0,0,12.783
2019-04-06 03:00,0,0,0,12.621
2019-04-06 04:00,0,0,0.010,12.537
2019-04-06 05:00,0.073,0.018,0.081,13.405
2019-04-06 06:00,0.249,0.143,0.146,14.390
2019-04-06 07:00,0.522,0.495,0.119,15.754
2019-04-06 08:00,0.673,0.710,0.114,17.193
2019-04-06 09:00,0.769,0.860,0.114,18.348
2019-04-06 10:00,0.803,0.915,0.117,18.852
2019-04-06 11:00,0.781,0.876,0.120,18.893
2019-04-06 12:00,0.700,0.745,0.126,18.626
2019-04-06 13:00,0.561,0.539,0.134,18.103
2019-04-06 14:00,0.369,0.293,0.137,17.385
2019-04-06 15:00,0.183,0.111,0.109,16.588
2019-04-06 16:00,0.030,0.009,0.044,15.564
2019-04-06 17:00,0,0,0,14.737
2019-04-06 18:00,0,0,0,14.520
2019-04-06 19:00,0,0,0,14.438
2019-04-06 20:00,0,0,0,14.267
2019-04-06 21:00,0,0,0,14.141
2019-04-06 22:00,0,0,0,14.043
2019-04-06 23:00,0,0,0,13.874
2019-04-07 00:00,0,0,0,13.657
2019-04-07 01:00,0,0,0,13.443
2019-04-07 02:00,0,0,0,13.280
2019-04-07 03:00,0,0,0,13.099
2019-04-07 04:00,0,0,0.016,13.091
2019-04-07 05:00,0.123,0.068,0.085,14.504
2019-04-07 06:00,0.323,0.257,0.117,15.643
2019-04-07 07:00,0.507,0.466,0.132,16.544
2019-04-07 08:00,0.645,0.642,0.142,17.144
2019-04-07 09:00,0.720,0.738,0.157,17.526
2019-04-07 10:00,0.733,0.742,0.174,17.690
2019-04-07 11:00,0.709,0.697,0.183,17.674
2019-04-07 12:00,0.598,0.508,0.212,17.389
2019-04-07 13:00,0.396,0.217,0.243,16.732
2019-04-07 14:00,0.197,0.049,0.186,15.930
2019-04-07 15:00,0.073,0.008,0.092,15.135
2019-04-07 16:00,0.004,0,0.020,14.474
2019-04-07 17:00,0,0,0,14.155
2019-04-07 18:00,0,0,0,14.174
2019-04-07 19:00,0,0,0,14.083
2019-04-07 20:00,0,0,0,13.891
2019-04-07 21:00,0,0,0,13.634
2019-04-07 22:00,0,0,0,13.271
2019-04-07 23:00,0,0,0,12.827
2019-04-08 00:00,0,0,0,12.349
2019-04-08 01:00,0,0,0,11.934
2019-04-08 02:00,0,0,0,11.519
2019-04-08 03:00,0,0,0,11.142
2019-04-08 04:00,0,0,0.007,10.862
2019-04-08 05:00,0.031,0.002,0.051,10.918
2019-04-08 06:00,0.091,0.006,0.111,10.847
2019-04-08 07:00,0.162,0.014,0.178,10.875
2019-04-08 08:00,0.245,0.031,0.249,11.046
2019-04-08 09:00,0.331,0.059,0.316,11.438
2019-04-08 10:00,0.327,0.054,0.317,11.743
2019-04-08 11:00,0.362,0.078,0.334,12.279
2019-04-08 12:00,0.405,0.132,0.330,12.678
2019-04-08 13:00,0.354,0.122,0.282,12.649
2019-04-08 14:00,0.245,0.068,0.214,12.382
2019-04-08 15:00,0.119,0.021,0.127,12.054
2019-04-08 16:00,0.021,0.002,0.040,11.614
2019-04-08 17:00,0,0,0,11.249
2019-04-08 18:00,0,0,0,11.374
2019-04-08 19:00,0,0,0,11.493
2019-04-08 20:00,0,0,0,11.643
2019-04-08 21:00,0,0,0,11.741
2019-04-08 22:00,0,0,0,11.708
2019-04-08 23:00,0,0,0,11.833
2019-04-09 00:00,0,0,0,11.866
2019-04-09 01:00,0,0,0,11.877
2019-04-09 02:00,0,0,0,11.876
2019-04-09 03:00,0,0,0,11.901
2019-04-09 04:00,0,0,0.003,11.956
2019-04-09 05:00,0.009,0,0.027,12.184
2019-04-09 06:00,0.042,0.001,0.065,12.474
2019-04-09 07:00,0.102,0.004,0.126,12.762
2019-04-09 08:00,0.157,0.008,0.180,13.099
2019-04-09 09:00,0.222,0.016,0.242,13.445
2019-04-09 10:00,0.250,0.021,0.268,13.690
2019-04-09 11:00,0.267,0.026,0.282,13.800
2019-04-09 12:00,0.243,0.023,0.258,13.767
2019-04-09 13:00,0.210,0.021,0.224,13.734
2019-04-09 14:00,0.176,0.021,0.188,13.654
2019-04-09 15:00,0.095,0.009,0.114,13.442
2019-04-09 16:00,0.014,0.001,0.033,13.052
2019-04-09 17:00,0,0,0,12.655
2019-04-09 18:00,0,0,0,12.705
2019-04-09 19:00,0,0,0,12.733
2019-04-09 20:00,0,0,0,12.802
2019-04-09 21:00,0,0,0,12.792
2019-04-09 22:00,0,0,0,12.642
2019-04-09 23:00,0,0,0,12.533
2019-04-10 00:00,0,0,0,12.465
2019-04-10 01:00,0,0,0,12.438
2019-04-10 02:00,0,0,0,12.395
2019-04-10 03:00,0,0,0,12.334
2019-04-10 04:00,0,0,0.016,12.436
2019-04-10 05:00,0.084,0.018,0.093,13.455
2019-04-10 06:00,0.207,0.070,0.172,14.000
2019-04-10 07:00,0.336,0.149,0.237,14.408
2019-04-10 08:00,0.398,0.173,0.286,14.837
2019-04-10 09:00,0.471,0.229,0.319,14.971
2019-04-10 10:00,0.487,0.232,0.335,15.010
2019-04-10 11:00,0.461,0.207,0.329,14.999
2019-04-10 12:00,0.473,0.257,0.294,15.026
2019-04-10 13:00,0.442,0.278,0.235,15.019
2019-04-10 14:00,0.357,0.241,0.171,14.964
2019-04-10 15:00,0.207,0.129,0.115,14.735
2019-04-10 16:00,0.044,0.014,0.054,14.058
2019-04-10 17:00,0,0,0.001,12.828
2019-04-10 18:00,0,0,0,12.360
2019-04-10 19:00,0,0,0,12.124
2019-04-10 20:00,0,0,0,11.975
2019-04-10 21:00,0,0,0,11.965
2019-04-10 22:00,0,0,0,12.045
2019-04-10 23:00,0,0,0,12.011
2019-04-11 00:00,0,0,0,11.926
2019-04-11 01:00,0,0,0,11.850
2019-04-11 02:00,0,0,0,11.790
2019-04-11 03:00,0,0,0,11.682
2019-04-11 04:00,0.004,0,0.020,11.729
2019-04-11 05:00,0.116,0.052,0.093,13.211
2019-04-11 06:00,0.271,0.163,0.150,14.310
2019-04-11 07:00,0.410,0.282,0.192,15.062
2019-04-11 08:00,0.525,0.397,0.220,15.668
2019-04-11 09:00,0.595,0.473,0.238,16.059
2019-04-11 10:00,0.664,0.588,0.219,16.418
2019-04-11 11:00,0.705,0.686,0.182,16.729
2019-04-11 12:00,0.663,0.648,0.160,16.841
2019-04-11 13:00,0.567,0.537,0.140,16.772
2019-04-11 14:00,0.408,0.350,0.125,16.503
2019-04-11 15:00,0.208,0.138,0.107,15.961
2019-04-11 16:00,0.040,0.011,0.053,14.845
2019-04-11 17:00,0,0,0.001,13.547
2019-04-11 18:00,0,0,0,13.118
2019-04-11 19:00,0,0,0,12.796
2019-04-11 20:00,0,0,0,12.576
2019-04-11 21:00,0,0,0,12.428
2019-04-11 22:00,0,0,0,12.330
2019-04-11 23:00,0,0,0,12.194
2019-04-12 00:00,0,0,0,12.041
2019-04-12 01:00,0,0,0,11.895
2019-04-12 02:00,0,0,0,11.734
2019-04-12 03:00,0,0,0,11.507
2019-04-12 04:00,0.004,0,0.021,11.438
2019-04-12 05:00,0.111,0.041,0.099,12.659
2019-04-12 06:00,0.261,0.138,0.163,13.527
2019-04-12 07:00,0.391,0.237,0.213,14.174
2019-04-12 08:00,0.490,0.318,0.252,14.566
2019-04-12 09:00,0.565,0.394,0.272,14.947
2019-04-12 10:00,0.605,0.447,0.275,15.349
2019-04-12 11:00,0.598,0.446,0.268,15.624
2019-04-12 12:00,0.545,0.391,0.253,15.764
2019-04-12 13:00,0.460,0.317,0.220,15.835
2019-04-12 14:00,0.346,0.226,0.174,15.803
2019-04-12 15:00,0.187,0.097,0.126,15.501
2019-04-12 16:00,0.040,0.008,0.055,14.661
2019-04-12 17:00,0,0,0.001,13.864
2019-04-12 18:00,0,0,0,13.666
2019-04-12 19:00,0,0,0,13.464
2019-04-12 20:00,0,0,0,13.185
2019-04-12 21:00,0,0,0,12.907
2019-04-12 22:00,0,0,0,12.697
2019-04-12 23:00,0,0,0,12.479
2019-04-13 00:00,0,0,0,12.334
2019-04-13 01:00,0,0,0,12.245
2019-04-13 02:00,0,0,0,12.137
2019-04-13 03:00,0,0,0,12.064
2019-04-13 04:00,0,0,0.014,12.088
2019-04-13 05:00,0.062,0.006,0.081,12.866
2019-04-13 06:00,0.168,0.032,0.169,13.848
2019-04-13 07:00,0.307,0.102,0.252,14.575
2019-04-13 08:00,0.442,0.216,0.298,15.205
2019-04-13 09:00,0.550,0.340,0.311,15.670
2019-04-13 10:00,0.581,0.372,0.320,15.901
2019-04-13 11:00,0.554,0.333,0.323,15.971
2019-04-13 12:00,0.490,0.262,0.312,15.882
2019-04-13 13:00,0.337,0.109,0.281,15.549
2019-04-13 14:00,0.152,0.018,0.167,14.970
2019-04-13 15:00,0.061,0.004,0.083,14.393
2019-04-13 16:00,0.007,0,0.024,13.799
2019-04-13 17:00,0,0,0,13.225
2019-04-13 18:00,0,0,0,12.933
2019-04-13 19:00,0,0,0,12.748
2019-04-13 20:00,0,0,0,12.557
2019-04-13 21:00,0,0,0,12.396
2019-04-13 22:00,0,0,0,12.195
2019-04-13 23:00,0,0,0,11.919
2019-04-14 00:00,0,0,0,11.598
2019-04-14 01:00,0,0,0,11.301
2019-04-14 02:00,0,0,0,11.065
2019-04-14 03:00,0,0,0,10.899
2019-04-14 04:00,0,0,0.008,10.896
2019-04-14 05:00,0.030,0.001,0.051,11.143
2019-04-14 06:00,0.108,0.009,0.127,11.438
2019-04-14 07:00,0.165,0.015,0.180,11.875
2019-04-14 08:00,0.269,0.041,0.267,12.441
2019-04-14 09:00,0.384,0.100,0.338,13.091
2019-04-14 10:00,0.457,0.164,0.363,13.635
2019-04-14 11:00,0.468,0.186,0.355,13.922
2019-04-14 12:00,0.448,0.190,0.327,14.013
2019-04-14 13:00,0.382,0.159,0.280,13.973
2019-04-14 14:00,0.287,0.111,0.219,13.830
2019-04-14 15:00,0.164,0.051,0.145,13.530
2019-04-14 16:00,0.042,0.006,0.060,12.931
2019-04-14 17:00,0,0,0.002,12.229
2019-04-14 18:00,0,0,0,12.176
2019-04-14 19:00,0,0,0,12.116
2019-04-14 20:00,0,0,0,12.062
2019-04-14 21:00,0,0,0,12.051
2019-04-14 22:00,0,0,0,12.000
2019-04-14 23:00,0,0,0,11.845
2019-04-15 00:00,0,0,0,11.673
2019-04-15 01:00,0,0,0,11.534
2019-04-15 02:00,0,0,0,11.386
2019-04-15 03:00,0,0,0,11.176
2019-04-15 04:00,0.004,0,0.020,11.154
2019-04-15 05:00,0.086,0.014,0.099,12.080
2019-04-15 06:00,0.225,0.074,0.187,12.989
2019-04-15 07:00,0.362,0.165,0.249,13.843
2019-04-15 08:00,0.445,0.216,0.299,14.627
2019-04-15 09:00,0.476,0.217,0.337,15.224
2019-04-15 10:00,0.485,0.211,0.356,15.653
2019-04-15 11:00,0.461,0.187,0.351,15.888
2019-04-15 12:00,0.423,0.161,0.331,15.942
2019-04-15 13:00,0.271,0.056,0.259,15.597
2019-04-15 14:00,0.183,0.027,0.190,15.156
2019-04-15 15:00,0.091,0.009,0.110,14.763
2019-04-15 16:00,0.019,0.001,0.039,14.245
2019-04-15 17:00,0,0,0.001,13.700
2019-04-15 18:00,0,0,0,13.575
2019-04-15 19:00,0,0,0,13.577
2019-04-15 20:00,0,0,0,13.514
2019-04-15 21:00,0,0,0,13.428
2019-04-15 22:00,0,0,0,13.388
2019-04-15 23:00,0,0,0,13.216
2019-04-16 00:00,0,0,0,12.973
2019-04-16 01:00,0,0,0,12.733
2019-04-16 02:00,0,0,0,12.620
2019-04-16 03:00,0,0,0,12.361
2019-04-16 04:00,0.008,0,0.026,12.218
2019-04-16 05:00,0.145,0.094,0.082,13.402
2019-04-16 06:00,0.353,0.309,0.097,14.690
2019-04-16 07:00,0.541,0.534,0.105,15.951
2019-04-16 08:00,0.669,0.701,0.116,16.773
2019-04-16 09:00,0.744,0.802,0.127,17.158
2019-04-16 10:00,0.767,0.828,0.137,17.278
2019-04-16 11:00,0.745,0.790,0.141,17.231
2019-04-16 12:00,0.679,0.692,0.139,17.040
2019-04-16 13:00,0.572,0.553,0.129,16.750
2019-04-16 14:00,0.418,0.373,0.114,16.344
2019-04-16 15:00,0.230,0.178,0.092,15.799
2019-04-16 16:00,0.052,0.022,0.055,14.902
2019-04-16 17:00,0,0,0.003,13.550
2019-04-16 18:00,0,0,0,13.146
2019-04-16 19:00,0,0,0,12.974
2019-04-16 20:00,0,0,0,12.879
2019-04-16 21:00,0,0,0,12.755
2019-04-16 22:00,0,0,0,12.613
2019-04-16 23:00,0,0,0,12.355
2019-04-17 00:00,0,0,0,12.097
2019-04-17 01:00,0,0,0,11.858
2019-04-17 02:00,0,0,0,11.654
2019-04-17 03:00,0,0,0,11.402
2019-04-17 04:00,0.008,0,0.026,11.325
2019-04-17 05:00,0.163,0.125,0.069,12.536
2019-04-17 06:00,0.375,0.345,0.085,13.659
2019-04-17 07:00,0.547,0.541,0.102,14.869
2019-04-17 08:00,0.668,0.692,0.118,15.773
2019-04-17 09:00,0.738,0.783,0.132,16.321
2019-04-17 10:00,0.760,0.808,0.142,16.587
2019-04-17 11:00,0.736,0.766,0.148,16.632
2019-04-17 12:00,0.675,0.681,0.143,16.519
2019-04-17 13:00,0.574,0.557,0.128,16.298
2019-04-17 14:00,0.425,0.384,0.110,15.971
2019-04-17 15:00,0.232,0.179,0.093,15.506
2019-04-17 16:00,0.051,0.019,0.058,14.650
2019-04-17 17:00,0,0,0.003,13.268
2019-04-17 18:00,0,0,0,12.892
2019-04-17 19:00,0,0,0,12.705
2019-04-17 20:00,0,0,0,12.509
2019-04-17 21:00,0,0,0,12.278
2019-04-17 22:00,0,0,0,12.063
2019-04-17 23:00,0,0,0,11.825
2019-04-18 00:00,0,0,0,11.623
2019-04-18 01:00,0,0,0,11.466
2019-04-18 02:00,0,0,0,11.346
2019-04-18 03:00,0,0,0,11.326
2019-04-18 04:00,0.009,0,0.028,11.628
2019-04-18 05:00,0.158,0.114,0.075,13.263
2019-04-18 06:00,0.371,0.341,0.086,14.750
2019-04-18 07:00,0.555,0.565,0.095,16.402
2019-04-18 08:00,0.688,0.744,0.104,17.407
2019-04-18 09:00,0.757,0.837,0.116,17.834
2019-04-18 10:00,0.788,0.881,0.122,18.039
2019-04-18 11:00,0.766,0.843,0.125,18.065
2019-04-18 12:00,0.690,0.724,0.129,17.953
2019-04-18 13:00,0.572,0.562,0.126,17.766
2019-04-18 14:00,0.414,0.370,0.115,17.498
2019-04-18 15:00,0.227,0.173,0.096,17.087
2019-04-18 16:00,0.052,0.020,0.058,16.093
2019-04-18 17:00,0,0,0.003,14.738
2019-04-18 18:00,0,0,0,14.242
2019-04-18 19:00,0,0,0,13.827
2019-04-18 20:00,0,0,0,13.484
2019-04-18 21:00,0,0,0,13.314
2019-04-18 22:00,0,0,0,13.181
2019-04-18 23:00,0,0,0,12.997
2019-04-19 00:00,0,0,0,12.815
2019-04-19 01:00,0,0,0,12.599
2019-04-19 02:00,0,0,0,12.404
2019-04-19 03:00,0,0,0,12.214
2019-04-19 04:00,0.009,0,0.027,12.109
2019-04-19 05:00,0.167,0.135,0.064,13.395
2019-04-19 06:00,0.383,0.367,0.075,15.078
2019-04-19 07:00,0.570,0.595,0.083,16.526
2019-04-19 08:00,0.706,0.783,0.090,17.348
2019-04-19 09:00,0.791,0.910,0.095,17.705
2019-04-19 10:00,0.824,0.962,0.098,17.806
2019-04-19 11:00,0.809,0.936,0.098,17.758
2019-04-19 12:00,0.742,0.831,0.097,17.551
2019-04-19 13:00,0.623,0.661,0.093,17.172
2019-04-19 14:00,0.459,0.454,0.084,16.648
2019-04-19 15:00,0.252,0.221,0.074,16.051
2019-04-19 16:00,0.055,0.028,0.052,15.136
2019-04-19 17:00,0,0,0.004,13.670
2019-04-19 18:00,0,0,0,13.257
2019-04-19 19:00,0,0,0,13.157
2019-04-19 20:00,0,0,0,13.116
2019-04-19 21:00,0,0,0,13.097
2019-04-19 22:00,0,0,0,13.054
2019-04-19 23:00,0,0,0,12.850
2019-04-20 00:00,0,0,0,12.556
2019-04-20 01:00,0,0,0,12.223
2019-04-20 02:00,0,0,0,12.123
2019-04-20 03:00,0,0,0,12.072
2019-04-20 04:00,0.012,0,0.031,12.329
2019-04-20 05:00,0.173,0.144,0.062,13.910
2019-04-20 06:00,0.392,0.381,0.073,15.335
2019-04-20 07:00,0.577,0.610,0.081,17.146
2019-04-20 08:00,0.711,0.796,0.089,18.225
2019-04-20 09:00,0.794,0.921,0.094,18.688
2019-04-20 10:00,0.827,0.974,0.097,18.860
2019-04-20 11:00,0.812,0.950,0.097,18.890
2019-04-20 12:00,0.746,0.846,0.095,18.780
2019-04-20 13:00,0.630,0.680,0.089,18.524
2019-04-20 14:00,0.463,0.464,0.082,18.106
2019-04-20 15:00,0.254,0.226,0.073,17.499
2019-04-20 16:00,0.056,0.029,0.054,16.281
2019-04-20 17:00,0,0,0.004,14.697
2019-04-20 18:00,0,0,0,14.239
2019-04-20 19:00,0,0,0,14.047
2019-04-20 20:00,0,0,0,13.908
2019-04-20 21:00,0,0,0,13.759
2019-04-20 22:00,0,0,0,13.723
2019-04-20 23:00,0,0,0,13.290
2019-04-21 00:00,0,0,0,12.881
2019-04-21 01:00,0,0,0,12.781
2019-04-21 02:00,0,0,0,12.785
2019-04-21 03:00,0,0,0,12.858
2019-04-21 04:00,0.014,0,0.033,13.294
2019-04-21 05:00,0.126,0.051,0.106,14.887
2019-04-21 06:00,0.327,0.247,0.131,15.840
2019-04-21 07:00,0.515,0.473,0.135,16.453
2019-04-21 08:00,0.637,0.625,0.148,16.976
2019-04-21 09:00,0.729,0.759,0.149,17.342
2019-04-21 10:00,0.764,0.808,0.153,17.449
2019-04-21 11:00,0.723,0.726,0.172,17.294
2019-04-21 12:00,0.596,0.508,0.209,16.934
2019-04-21 13:00,0.511,0.418,0.185,16.671
2019-04-21 14:00,0.396,0.315,0.146,16.368
2019-04-21 15:00,0.217,0.136,0.120,15.941
2019-04-21 16:00,0.051,0.010,0.067,15.331
2019-04-21 17:00,0,0,0.005,14.233
2019-04-21 18:00,0,0,0,13.764
2019-04-21 19:00,0,0,0,13.512
2019-04-21 20:00,0,0,0,13.474
2019-04-21 21:00,0,0,0,13.350
2019-04-21 22:00,0,0,0,13.178
2019-04-21 23:00,0,0,0,12.976
2019-04-22 00:00,0,0,0,12.867
2019-04-22 01:00,0,0,0,12.736
2019-04-22 02:00,0,0,0,12.673
2019-04-22 03:00,0,0,0,12.403
2019-04-22 04:00,0.016,0,0.036,12.437
2019-04-22 05:00,0.129,0.043,0.116,13.748
2019-04-22 06:00,0.309,0.194,0.162,14.722
2019-04-22 07:00,0.496,0.410,0.171,15.792
2019-04-22 08:00,0.599,0.521,0.199,16.768
2019-04-22 09:00,0.660,0.581,0.227,17.446
2019-04-22 10:00,0.620,0.468,0.285,17.718
2019-04-22 11:00,0.539,0.319,0.324,17.751
2019-04-22 12:00,0.459,0.220,0.320,17.764
2019-04-22 13:00,0.329,0.103,0.282,17.711
2019-04-22 14:00,0.190,0.031,0.197,17.428
2019-04-22 15:00,0.082,0.006,0.104,16.877
2019-04-22 16:00,0.014,0,0.034,16.163
2019-04-22 17:00,0,0,0.003,15.582
2019-04-22 18:00,0,0,0,15.343
2019-04-22 19:00,0,0,0,14.901
2019-04-22 20:00,0,0,0,14.524
2019-04-22 21:00,0,0,0,14.486
2019-04-22 22:00,0,0,0,14.372
2019-04-22 23:00,0,0,0,14.182
2019-04-23 00:00,0,0,0,14.143
2019-04-23 01:00,0,0,0,14.331
2019-04-23 02:00,0,0,0,14.546
2019-04-23 03:00,0,0,0,14.434
2019-04-23 04:00,0.014,0,0.034,14.548
2019-04-23 05:00,0.102,0.021,0.111,15.433
2019-04-23 06:00,0.220,0.073,0.187,16.506
2019-04-23 07:00,0.369,0.195,0.237,17.973
2019-04-23 08:00,0.580,0.494,0.209,19.369
2019-04-23 09:00,0.643,0.568,0.225,19.962
2019-04-23 10:00,0.620,0.491,0.269,19.717
2019-04-23 11:00,0.595,0.454,0.271,19.599
2019-04-23 12:00,0.636,0.586,0.199,19.825
2019-04-23 13:00,0.535,0.464,0.180,19.710
2019-04-23 14:00,0.365,0.251,0.178,19.213
2019-04-23 15:00,0.185,0.073,0.150,18.318
2019-04-23 16:00,0.030,0.002,0.052,17.091
2019-04-23 17:00,0,0,0.005,16.150
2019-04-23 18:00,0,0,0,15.652
2019-04-23 19:00,0,0,0,15.332
2019-04-23 20:00,0,0,0,15.205
2019-04-23 21:00,0,0,0,15.210
2019-04-23 22:00,0,0,0,15.166
2019-04-23 23:00,0,0,0,14.957
2019-04-24 00:00,0,0,0,14.790
2019-04-24 01:00,0,0,0,14.676
2019-04-24 02:00,0,0,0,14.609
2019-04-24 03:00,0,0,0,14.565
2019-04-24 04:00,0.017,0,0.037,14.915
2019-04-24 05:00,0.139,0.063,0.109,16.413
2019-04-24 06:00,0.318,0.229,0.142,17.567
2019-04-24 07:00,0.491,0.432,0.152,18.916
2019-04-24 08:00,0.618,0.601,0.162,20.863
2019-04-24 09:00,0.634,0.578,0.212,21.765
2019-04-24 10:00,0.623,0.530,0.246,21.964
2019-04-24 11:00,0.656,0.606,0.217,21.988
2019-04-24 12:00,0.595,0.526,0.208,21.954
2019-04-24 13:00,0.516,0.446,0.180,21.826
2019-04-24 14:00,0.376,0.289,0.159,21.367
2019-04-24 15:00,0.205,0.115,0.132,20.452
2019-04-24 16:00,0.055,0.010,0.072,19.057
2019-04-24 17:00,0,0,0.006,17.710
2019-04-24 18:00,0,0,0,17.320
2019-04-24 19:00,0,0,0,17.208
2019-04-24 20:00,0,0,0,17.037
2019-04-24 21:00,0,0,0,16.905
2019-04-24 22:00,0,0,0,16.745
2019-04-24 23:00,0,0,0,16.472
2019-04-25 00:00,0,0,0,16.183
2019-04-25 01:00,0,0,0,15.966
2019-04-25 02:00,0,0,0,15.825
2019-04-25 03:00,0,0,0,15.721
2019-04-25 04:00,0.017,0,0.038,16.025
2019-04-25 05:00,0.118,0.029,0.120,17.468
2019-04-25 06:00,0.237,0.090,0.192,18.573
2019-04-25 07:00,0.413,0.263,0.226,19.785
2019-04-25 08:00,0.561,0.451,0.233,20.884
2019-04-25 09:00,0.512,0.302,0.318,21.284
2019-04-25 10:00,0.474,0.215,0.354,21.287
2019-04-25 11:00,0.440,0.171,0.356,21.224
2019-04-25 12:00,0.360,0.107,0.321,21.027
2019-04-25 13:00,0.332,0.111,0.283,20.810
2019-04-25 14:00,0.302,0.134,0.224,20.626
2019-04-25 15:00,0.174,0.057,0.156,20.161
2019-04-25 16:00,0.052,0.006,0.073,19.301
2019-04-25 17:00,0,0,0.007,18.297
2019-04-25 18:00,0,0,0,17.933
2019-04-25 19:00,0,0,0,17.419
2019-04-25 20:00,0,0,0,17.100
2019-04-25 21:00,0,0,0,17.026
2019-04-25 22:00,0,0,0,17.050
2019-04-25 23:00,0,0,0,16.978
2019-04-26 00:00,0,0,0,16.836
2019-04-26 01:00,0,0,0,16.779
2019-04-26 02:00,0,0,0,16.717
2019-04-26 03:00,0,0,0,16.438
2019-04-26 04:00,0.020,0,0.041,16.448
2019-04-26 05:00,0.157,0.100,0.092,17.963
2019-04-26 06:00,0.350,0.304,0.108,19.137
2019-04-26 07:00,0.526,0.520,0.115,20.489
2019-04-26 08:00,0.654,0.700,0.121,22.201
2019-04-26 09:00,0.741,0.835,0.122,22.817
2019-04-26 10:00,0.771,0.879,0.126,22.801
2019-04-26 11:00,0.752,0.844,0.129,22.480
2019-04-26 12:00,0.697,0.762,0.123,22.038
2019-04-26 13:00,0.586,0.603,0.118,21.537
2019-04-26 14:00,0.431,0.405,0.109,20.973
2019-04-26 15:00,0.234,0.175,0.105,20.255
2019-04-26 16:00,0.056,0.010,0.072,19.190
2019-04-26 17:00,0,0,0.006,17.996
2019-04-26 18:00,0,0,0,17.753
2019-04-26 19:00,0,0,0,17.656
2019-04-26 20:00,0,0,0,17.478
2019-04-26 21:00,0,0,0,17.237
2019-04-26 22:00,0,0,0,17.011
2019-04-26 23:00,0,0,0,16.865
2019-04-27 00:00,0,0,0,16.688
2019-04-27 01:00,0,0,0,16.520
2019-04-27 02:00,0,0,0,16.417
2019-04-27 03:00,0,0,0,16.251
2019-04-27 04:00,0.012,0,0.032,16.388
2019-04-27 05:00,0.105,0.020,0.115,17.352
2019-04-27 06:00,0.286,0.153,0.183,18.196
2019-04-27 07:00,0.394,0.230,0.233,18.591
2019-04-27 08:00,0.495,0.303,0.286,18.685
2019-04-27 09:00,0.309,0.059,0.302,17.802
2019-04-27 10:00,0.216,0.021,0.235,17.054
2019-04-27 11:00,0.369,0.096,0.335,17.188
2019-04-27 12:00,0.595,0.474,0.246,18.076
2019-04-27 13:00,0.585,0.559,0.149,18.589
2019-04-27 14:00,0.442,0.399,0.122,18.476
2019-04-27 15:00,0.254,0.197,0.102,18.000
2019-04-27 16:00,0.069,0.026,0.071,17.183
2019-04-27 17:00,0,0,0.009,15.593
2019-04-27 18:00,0,0,0,14.885
2019-04-27 19:00,0,0,0,14.696
2019-04-27 20:00,0,0,0,14.644
2019-04-27 21:00,0,0,0,14.581
2019-04-27 22:00,0,0,0,14.372
2019-04-27 23:00,0,0,0,14.147
2019-04-28 00:00,0,0,0,14.002
2019-04-28 01:00,0,0,0,13.837
2019-04-28 02:00,0,0,0,13.629
2019-04-28 03:00,0,0,0,13.478
2019-04-28 04:00,0.022,0,0.044,13.537
2019-04-28 05:00,0.131,0.050,0.112,14.799
2019-04-28 06:00,0.326,0.246,0.132,15.895
2019-04-28 07:00,0.574,0.592,0.095,17.180
2019-04-28 08:00,0.707,0.780,0.098,18.218
2019-04-28 09:00,0.785,0.897,0.106,18.752
2019-04-28 10:00,0.780,0.866,0.130,19.071
2019-04-28 11:00,0.722,0.748,0.159,19.213
2019-04-28 12:00,0.626,0.585,0.181,19.105
2019-04-28 13:00,0.506,0.421,0.183,18.812
2019-04-28 14:00,0.371,0.281,0.154,18.466
2019-04-28 15:00,0.261,0.221,0.085,18.111
2019-04-28 16:00,0.066,0.032,0.061,17.227
2019-04-28 17:00,0,0,0.009,15.716
2019-04-28 18:00,0,0,0,15.187
2019-04-28 19:00,0,0,0,14.864
2019-04-28 20:00,0,0,0,14.448
2019-04-28 21:00,0,0,0,14.172
2019-04-28 22:00,0,0,0,13.839
2019-04-28 23:00,0,0,0,13.722
2019-04-29 00:00,0,0,0,13.724
2019-04-29 01:00,0,0,0,13.662
2019-04-29 02:00,0,0,0,13.563
2019-04-29 03:00,0,0,0,13.566
2019-04-29 04:00,0.021,0,0.043,14.085
2019-04-29 05:00,0.167,0.114,0.087,15.621
2019-04-29 06:00,0.385,0.362,0.085,16.398
2019-04-29 07:00,0.565,0.583,0.092,17.048
2019-04-29 08:00,0.701,0.770,0.098,17.618
2019-04-29 09:00,0.785,0.896,0.102,18.021
2019-04-29 10:00,0.817,0.946,0.105,18.285
2019-04-29 11:00,0.801,0.920,0.105,18.413
2019-04-29 12:00,0.736,0.820,0.103,18.396
2019-04-29 13:00,0.619,0.653,0.099,18.224
2019-04-29 14:00,0.457,0.446,0.092,17.892
2019-04-29 15:00,0.256,0.217,0.083,17.383
2019-04-29 16:00,0.065,0.028,0.064,16.612
2019-04-29 17:00,0,0,0.010,15.246
2019-04-29 18:00,0,0,0,14.693
2019-04-29 19:00,0,0,0,14.549
2019-04-29 20:00,0,0,0,14.431
2019-04-29 21:00,0,0,0,14.404
2019-04-29 22:00,0,0,0,14.213
2019-04-29 23:00,0,0,0,13.886
2019-04-30 00:00,0,0,0,13.502
2019-04-30 01:00,0,0,0,13.074
2019-04-30 02:00,0,0,0,12.582
2019-04-30 03:00,0,0,0.001,12.091
2019-04-30 04:00,0.023,0,0.044,12.524
2019-04-30 05:00,0.171,0.119,0.084,13.311
2019-04-30 06:00,0.374,0.334,0.095,13.711
2019-04-30 07:00,0.560,0.559,0.099,14.481
2019-04-30 08:00,0.710,0.770,0.098,15.297
2019-04-30 09:00,0.788,0.885,0.104,15.831
2019-04-30 10:00,0.818,0.932,0.108,16.171
2019-04-30 11:00,0.803,0.909,0.107,16.382
2019-04-30 12:00,0.739,0.813,0.105,16.422
2019-04-30 13:00,0.621,0.646,0.101,16.251
2019-04-30 14:00,0.456,0.437,0.095,15.889
2019-04-30 15:00,0.257,0.214,0.085,15.381
2019-04-30 16:00,0.067,0.030,0.063,14.684
2019-04-30 17:00,0,0,0.011,13.361
2019-04-30 18:00,0,0,0,12.834
2019-04-30 19:00,0,0,0,12.752
2019-04-30 20:00,0,0,0,12.758
2019-04-30 21:00,0,0,0,12.861
2019-04-30 22:00,0,0,0,12.922
2019-04-30 23:00,0,0,0,12.968
2019-05-01 00:00,0,0,0,12.927
2019-05-01 01:00,0,0,0,12.809
2019-05-01 02:00,0,0,0,12.717
2019-05-01 03:00,0,0,0.001,12.669
2019-05-01 04:00,0.026,0,0.048,12.862
2019-05-01 05:00,0.167,0.104,0.095,13.711
2019-05-01 06:00,0.366,0.314,0.106,14.250
2019-05-01 07:00,0.542,0.520,0.116,14.892
2019-05-01 08:00,0.655,0.656,0.135,15.528
2019-05-01 09:00,0.718,0.732,0.152,15.939
2019-05-01 10:00,0.743,0.762,0.160,16.144
2019-05-01 11:00,0.739,0.761,0.155,16.252
2019-05-01 12:00,0.669,0.660,0.154,16.245
2019-05-01 13:00,0.571,0.540,0.140,16.171
2019-05-01 14:00,0.433,0.387,0.117,16.032
2019-05-01 15:00,0.253,0.200,0.094,15.769
2019-05-01 16:00,0.069,0.029,0.067,15.230
2019-05-01 17:00,0,0,0.012,13.991
2019-05-01 18:00,0,0,0,13.518
2019-05-01 19:00,0,0,0,13.363
2019-05-01 20:00,0,0,0,13.201
2019-05-01 21:00,0,0,0,13.113
2019-05-01 22:00,0,0,0,13.022
2019-05-01 23:00,0,0,0,12.908
2019-05-02 00:00,0,0,0,12.943
2019-05-02 01:00,0,0,0,13.015
2019-05-02 02:00,0,0,0,12.973
2019-05-02 03:00,0,0,0.001,12.904
2019-05-02 04:00,0.025,0,0.047,13.101
2019-05-02 05:00,0.141,0.055,0.117,13.817
2019-05-02 06:00,0.322,0.223,0.147,14.346
2019-05-02 07:00,0.487,0.406,0.161,14.885
2019-05-02 08:00,0.592,0.522,0.183,15.502
2019-05-02 09:00,0.679,0.643,0.185,16.060
2019-05-02 10:00,0.732,0.736,0.172,16.638
2019-05-02 11:00,0.740,0.768,0.154,17.018
2019-05-02 12:00,0.698,0.726,0.136,17.205
2019-05-02 13:00,0.604,0.610,0.118,17.222
2019-05-02 14:00,0.455,0.432,0.102,17.096
2019-05-02 15:00,0.260,0.216,0.088,16.794
2019-05-02 16:00,0.070,0.030,0.067,16.150
2019-05-02 17:00,0,0,0.013,14.825
2019-05-02 18:00,0,0,0,14.437
2019-05-02 19:00,0,0,0,14.478
2019-05-02 20:00,0,0,0,14.432
2019-05-02 21:00,0,0,0,14.218
2019-05-02 22:00,0,0,0,13.994
2019-05-02 23:00,0,0,0,13.770
2019-05-03 00:00,0,0,0,13.600
2019-05-03 01:00,0,0,0,13.320
2019-05-03 02:00,0,0,0,12.934
2019-05-03 03:00,0,0,0.001,12.407
2019-05-03 04:00,0.026,0,0.048,12.829
2019-05-03 05:00,0.191,0.149,0.077,14.609
2019-05-03 06:00,0.379,0.337,0.102,15.946
2019-05-03 07:00,0.552,0.540,0.118,17.124
2019-05-03 08:00,0.616,0.567,0.179,17.939
2019-05-03 09:00,0.478,0.248,0.318,18.113
2019-05-03 10:00,0.422,0.151,0.344,18.027
2019-05-03 11:00,0.455,0.198,0.339,17.985
2019-05-03 12:00,0.539,0.376,0.268,18.044
2019-05-03 13:00,0.553,0.493,0.170,18.022
2019-05-03 14:00,0.413,0.335,0.149,17.671
2019-05-03 15:00,0.190,0.074,0.154,17.009
2019-05-03 16:00,0.056,0.005,0.077,16.295
2019-05-03 17:00,0,0,0.011,15.306
2019-05-03 18:00,0,0,0,14.800
2019-05-03 19:00,0,0,0,14.670
2019-05-03 20:00,0,0,0,14.509
2019-05-03 21:00,0,0,0,14.331
2019-05-03 22:00,0,0,0,14.222
2019-05-03 23:00,0,0,0,14.045
2019-05-04 00:00,0,0,0,14.130
2019-05-04 01:00,0,0,0,14.195
2019-05-04 02:00,0,0,0,14.177
2019-05-04 03:00,0,0,0.001,13.871
2019-05-04 04:00,0.012,0,0.031,13.921
2019-05-04 05:00,0.062,0.003,0.085,14.445
2019-05-04 06:00,0.124,0.008,0.147,14.815
2019-05-04 07:00,0.194,0.016,0.214,15.329
2019-05-04 08:00,0.254,0.027,0.269,16.008
2019-05-04 09:00,0.397,0.090,0.373,16.869
2019-05-04 10:00,0.435,0.114,0.396,17.579
2019-05-04 11:00,0.332,0.049,0.338,17.472
2019-05-04 12:00,0.302,0.041,0.311,17.174
2019-05-04 13:00,0.301,0.051,0.301,17.136
2019-05-04 14:00,0.158,0.012,0.181,16.848
2019-05-04 15:00,0.048,0.001,0.072,16.065
2019-05-04 16:00,0.014,0,0.033,15.532
2019-05-04 17:00,0,0,0.008,15.252
2019-05-04 18:00,0,0,0,15.101
2019-05-04 19:00,0,0,0,15.168
2019-05-04 20:00,0,0,0,15.161
2019-05-04 21:00,0,0,0,15.127
2019-05-04 22:00,0,0,0,14.998
2019-05-04 23:00,0,0,0,14.910
2019-05-05 00:00,0,0,0,14.928
2019-05-05 01:00,0,0,0,15.108
2019-05-05 02:00,0,0,0,15.367
2019-05-05 03:00,0,0,0.001,15.491
2019-05-05 04:00,0,0,0.013,15.589
2019-05-05 05:00,0.020,0.001,0.041,15.797
2019-05-05 06:00,0.055,0.002,0.079,16.051
2019-05-05 07:00,0.088,0.003,0.114,16.122
2019-05-05 08:00,0.146,0.008,0.171,16.194
2019-05-05 09:00,0.279,0.033,0.291,16.391
2019-05-05 10:00,0.429,0.129,0.371,16.748
2019-05-05 11:00,0.638,0.483,0.292,17.264
2019-05-05 12:00,0.670,0.623,0.199,17.683
2019-05-05 13:00,0.583,0.534,0.167,17.861
2019-05-05 14:00,0.440,0.373,0.145,17.793
2019-05-05 15:00,0.252,0.167,0.131,17.646
2019-05-05 16:00,0.078,0.013,0.093,17.227
2019-05-05 17:00,0,0,0.013,16.304
2019-05-05 18:00,0,0,0,15.868
2019-05-05 19:00,0,0,0,15.582
2019-05-05 20:00,0,0,0,15.267
2019-05-05 21:00,0,0,0,14.888
2019-05-05 22:00,0,0,0,14.500
2019-05-05 23:00,0,0,0,14.102
2019-05-06 00:00,0,0,0,13.626
2019-05-06 01:00,0,0,0,13.131
2019-05-06 02:00,0,0,0,12.794
2019-05-06 03:00,0,0,0.002,12.581
2019-05-06 04:00,0.034,0,0.057,13.459
2019-05-06 05:00,0.177,0.102,0.109,14.785
2019-05-06 06:00,0.357,0.273,0.139,15.351
2019-05-06 07:00,0.497,0.408,0.174,15.766
2019-05-06 08:00,0.592,0.496,0.211,16.038
2019-05-06 09:00,0.635,0.516,0.250,16.134
2019-05-06 10:00,0.625,0.463,0.289,16.092
2019-05-06 11:00,0.560,0.337,0.327,15.908
2019-05-06 12:00,0.418,0.152,0.333,15.449
2019-05-06 13:00,0.304,0.070,0.280,14.918
2019-05-06 14:00,0.219,0.038,0.218,14.547
2019-05-06 15:00,0.115,0.011,0.133,14.214
2019-05-06 16:00,0.026,0.001,0.047,13.758
2019-05-06 17:00,0,0,0.006,13.310
2019-05-06 18:00,0,0,0,13.013
2019-05-06 19:00,0,0,0,12.794
2019-05-06 20:00,0,0,0,12.390
2019-05-06 21:00,0,0,0,11.952
2019-05-06 22:00,0,0,0,11.658
2019-05-06 23:00,0,0,0,11.445
2019-05-07 00:00,0,0,0,11.211
2019-05-07 01:00,0,0,0,11.044
2019-05-07 02:00,0,0,0,10.933
2019-05-07 03:00,0,0,0.001,10.840
2019-05-07 04:00,0.031,0,0.053,11.342
2019-05-07 05:00,0.175,0.107,0.099,12.205
2019-05-07 06:00,0.365,0.305,0.111,12.800
2019-05-07 07:00,0.539,0.509,0.119,13.578
2019-05-07 08:00,0.667,0.676,0.127,14.414
2019-05-07 09:00,0.750,0.795,0.131,14.951
2019-05-07 10:00,0.787,0.855,0.129,15.294
2019-05-07 11:00,0.786,0.862,0.121,15.461
2019-05-07 12:00,0.734,0.794,0.111,15.427
2019-05-07 13:00,0.626,0.647,0.103,15.184
2019-05-07 14:00,0.469,0.453,0.092,14.854
2019-05-07 15:00,0.270,0.231,0.081,14.422
2019-05-07 16:00,0.073,0.034,0.065,13.855
2019-05-07 17:00,0.001,0,0.016,12.691
2019-05-07 18:00,0,0,0,12.011
2019-05-07 19:00,0,0,0,11.849
2019-05-07 20:00,0,0,0,11.763
2019-05-07 21:00,0,0,0,11.800
2019-05-07 22:00,0,0,0,11.934
2019-05-07 23:00,0,0,0,12.061
2019-05-08 00:00,0,0,0,12.163
2019-05-08 01:00,0,0,0,12.113
2019-05-08 02:00,0,0,0,12.084
2019-05-08 03:00,0,0,0.003,12.023
2019-05-08 04:00,0.031,0,0.053,12.523
2019-05-08 05:00,0.177,0.120,0.091,13.689
2019-05-08 06:00,0.364,0.313,0.106,14.600
2019-05-08 07:00,0.545,0.534,0.108,15.377
2019-05-08 08:00,0.693,0.743,0.106,16.116
2019-05-08 09:00,0.745,0.801,0.125,16.567
2019-05-08 10:00,0.760,0.813,0.138,16.792
2019-05-08 11:00,0.766,0.837,0.125,16.900
2019-05-08 12:00,0.738,0.815,0.104,16.901
2019-05-08 13:00,0.632,0.671,0.094,16.712
2019-05-08 14:00,0.474,0.471,0.084,16.379
2019-05-08 15:00,0.274,0.245,0.074,15.956
2019-05-08 16:00,0.071,0.039,0.059,15.337
2019-05-08 17:00,0.001,0,0.017,14.094
2019-05-08 18:00,0,0,0,13.751
2019-05-08 19:00,0,0,0,13.794
2019-05-08 20:00,0,0,0,13.783
2019-05-08 21:00,0,0,0,13.598
2019-05-08 22:00,0,0,0,13.456
2019-05-08 23:00,0,0,0,13.319
2019-05-09 00:00,0,0,0,13.237
2019-05-09 01:00,0,0,0,13.068
2019-05-09 02:00,0,0,0,13.051
2019-05-09 03:00,0,0,0.002,13.034
2019-05-09 04:00,0.038,0,0.061,13.546
2019-05-09 05:00,0.166,0.058,0.141,14.769
2019-05-09 06:00,0.286,0.122,0.209,15.431
2019-05-09 07:00,0.397,0.189,0.271,15.989
2019-05-09 08:00,0.441,0.181,0.334,16.464
2019-05-09 09:00,0.369,0.080,0.349,16.590
2019-05-09 10:00,0.325,0.048,0.330,16.544
2019-05-09 11:00,0.332,0.053,0.333,16.530
2019-05-09 12:00,0.385,0.093,0.356,16.658
2019-05-09 13:00,0.221,0.023,0.237,16.351
2019-05-09 14:00,0.175,0.016,0.193,16.053
2019-05-09 15:00,0.120,0.010,0.141,15.821
2019-05-09 16:00,0.037,0.001,0.059,15.464
2019-05-09 17:00,0,0,0.009,15.150
2019-05-09 18:00,0,0,0,15.071
2019-05-09 19:00,0,0,0,15.079
2019-05-09 20:00,0,0,0,15.136
2019-05-09 21:00,0,0,0,15.079
2019-05-09 22:00,0,0,0,15.001
2019-05-09 23:00,0,0,0,14.865
2019-05-10 00:00,0,0,0,14.773
2019-05-10 01:00,0,0,0,14.707
2019-05-10 02:00,0,0,0,14.545
2019-05-10 03:00,0,0,0.003,14.418
2019-05-10 04:00,0.036,0,0.060,15.109
2019-05-10 05:00,0.172,0.093,0.114,16.083
2019-05-10 06:00,0.345,0.264,0.138,16.738
2019-05-10 07:00,0.493,0.420,0.164,17.576
2019-05-10 08:00,0.558,0.440,0.230,18.201
2019-05-10 09:00,0.395,0.133,0.331,18.097
2019-05-10 10:00,0.327,0.068,0.314,17.764
2019-05-10 11:00,0.456,0.193,0.344,17.823
2019-05-10 12:00,0.576,0.452,0.241,18.074
2019-05-10 13:00,0.602,0.600,0.130,18.245
2019-05-10 14:00,0.458,0.434,0.106,18.031
2019-05-10 15:00,0.268,0.222,0.092,17.608
2019-05-10 16:00,0.078,0.034,0.072,16.907
2019-05-10 17:00,0.003,0,0.020,15.490
2019-05-10 18:00,0,0,0,14.680
2019-05-10 19:00,0,0,0,14.484
2019-05-10 20:00,0,0,0,14.366
2019-05-10 21:00,0,0,0,14.128
2019-05-10 22:00,0,0,0,13.847
2019-05-10 23:00,0,0,0,13.637
2019-05-11 00:00,0,0,0,13.508
2019-05-11 01:00,0,0,0,13.324
2019-05-11 02:00,0,0,0,13.102
2019-05-11 03:00,0,0,0.004,12.981
2019-05-11 04:00,0.029,0,0.051,13.612
2019-05-11 05:00,0.194,0.156,0.073,15.073
2019-05-11 06:00,0.396,0.377,0.084,16.511
2019-05-11 07:00,0.568,0.590,0.093,18.134
2019-05-11 08:00,0.694,0.766,0.100,19.344
2019-05-11 09:00,0.772,0.884,0.105,20.068
2019-05-11 10:00,0.797,0.920,0.112,20.225
2019-05-11 11:00,0.756,0.834,0.131,20.143
2019-05-11 12:00,0.614,0.570,0.183,19.894
2019-05-11 13:00,0.489,0.387,0.197,19.571
2019-05-11 14:00,0.355,0.239,0.179,19.223
2019-05-11 15:00,0.218,0.124,0.136,18.984
2019-05-11 16:00,0.077,0.022,0.084,18.660
2019-05-11 17:00,0.003,0,0.020,17.790
2019-05-11 18:00,0,0,0,17.246
2019-05-11 19:00,0,0,0,16.907
2019-05-11 20:00,0,0,0,16.393
2019-05-11 21:00,0,0,0,15.965
2019-05-11 22:00,0,0,0,15.543
2019-05-11 23:00,0,0,0,15.226
2019-05-12 00:00,0,0,0,14.998
2019-05-12 01:00,0,0,0,14.835
2019-05-12 02:00,0,0,0,14.702
2019-05-12 03:00,0,0,0.003,14.576
2019-05-12 04:00,0.033,0,0.056,15.146
2019-05-12 05:00,0.133,0.022,0.143,16.131
2019-05-12 06:00,0.234,0.057,0.218,16.895
2019-05-12 07:00,0.361,0.127,0.294,17.485
2019-05-12 08:00,0.312,0.055,0.309,17.250
2019-05-12 09:00,0.277,0.030,0.294,16.860
2019-05-12 10:00,0.286,0.030,0.304,16.919
2019-05-12 11:00,0.296,0.034,0.311,17.318
2019-05-12 12:00,0.287,0.036,0.301,17.699
2019-05-12 13:00,0.257,0.033,0.269,17.869
2019-05-12 14:00,0.196,0.023,0.212,17.811
2019-05-12 15:00,0.161,0.025,0.171,17.743
2019-05-12 16:00,0.088,0.009,0.109,17.468
2019-05-12 17:00,0,0,0.006,16.658
2019-05-12 18:00,0,0,0,16.153
2019-05-12 19:00,0,0,0,15.707
2019-05-12 20:00,0,0,0,15.042
2019-05-12 21:00,0,0,0,14.593
2019-05-12 22:00,0,0,0,14.394
2019-05-12 23:00,0,0,0,14.245
2019-05-13 00:00,0,0,0,14.215
2019-05-13 01:00,0,0,0,14.258
2019-05-13 02:00,0,0,0,14.165
2019-05-13 03:00,0,0,0.002,13.901
2019-05-13 04:00,0.019,0,0.040,13.839
2019-05-13 05:00,0.079,0.005,0.102,13.982
2019-05-13 06:00,0.175,0.021,0.188,14.343
2019-05-13 07:00,0.272,0.048,0.267,15.011
2019-05-13 08:00,0.338,0.070,0.321,15.880
2019-05-13 09:00,0.396,0.101,0.360,16.752
2019-05-13 10:00,0.523,0.243,0.379,17.738
2019-05-13 11:00,0.581,0.358,0.343,18.288
2019-05-13 12:00,0.502,0.254,0.343,18.317
2019-05-13 13:00,0.316,0.069,0.301,17.823
2019-05-13 14:00,0.155,0.013,0.177,17.125
2019-05-13 15:00,0.139,0.015,0.157,16.782
2019-05-13 16:00,0.069,0.004,0.093,16.543
2019-05-13 17:00,0.002,0,0.019,15.687
2019-05-13 18:00,0,0,0,15.017
2019-05-13 19:00,0,0,0,14.483
2019-05-13 20:00,0,0,0,13.799
2019-05-13 21:00,0,0,0,13.534
2019-05-13 22:00,0,0,0,13.696
2019-05-13 23:00,0,0,0,13.813
2019-05-14 00:00,0,0,0,13.918
2019-05-14 01:00,0,0,0,13.985
2019-05-14 02:00,0,0,0,14.174
2019-05-14 03:00,0,0,0.003,14.248
2019-05-14 04:00,0.035,0,0.059,14.688
2019-05-14 05:00,0.153,0.043,0.143,15.639
2019-05-14 06:00,0.305,0.160,0.195,16.323
2019-05-14 07:00,0.470,0.343,0.210,16.963
2019-05-14 08:00,0.576,0.460,0.231,17.430
2019-05-14 09:00,0.646,0.542,0.246,17.672
2019-05-14 10:00,0.665,0.554,0.262,17.758
2019-05-14 11:00,0.625,0.465,0.293,17.691
2019-05-14 12:00,0.438,0.171,0.343,17.354
2019-05-14 13:00,0.274,0.047,0.273,16.882
2019-05-14 14:00,0.171,0.017,0.189,16.406
2019-05-14 15:00,0.093,0.006,0.116,15.965
2019-05-14 16:00,0.028,0.001,0.050,15.437
2019-05-14 17:00,0,0,0.009,14.758
2019-05-14 18:00,0,0,0,14.386
2019-05-14 19:00,0,0,0,14.265
2019-05-14 20:00,0,0,0,14.185
2019-05-14 21:00,0,0,0,14.172
2019-05-14 22:00,0,0,0,14.067
2019-05-14 23:00,0,0,0,13.828
2019-05-15 00:00,0,0,0,13.631
2019-05-15 01:00,0,0,0,13.447
2019-05-15 02:00,0,0,0,13.366
2019-05-15 03:00,0,0,0.005,13.260
2019-05-15 04:00,0.040,0,0.064,13.789
2019-05-15 05:00,0.151,0.049,0.134,14.799
2019-05-15 06:00,0.266,0.113,0.196,15.151
2019-05-15 07:00,0.388,0.210,0.239,15.514
2019-05-15 08:00,0.543,0.410,0.232,16.038
2019-05-15 09:00,0.669,0.616,0.200,16.609
2019-05-15 10:00,0.722,0.712,0.184,16.981
2019-05-15 11:00,0.713,0.705,0.178,17.164
2019-05-15 12:00,0.662,0.642,0.167,17.190
2019-05-15 13:00,0.559,0.509,0.158,17.065
2019-05-15 14:00,0.414,0.338,0.145,16.831
2019-05-15 15:00,0.249,0.171,0.120,16.580
2019-05-15 16:00,0.083,0.026,0.085,16.223
2019-05-15 17:00,0.006,0,0.024,15.651
2019-05-15 18:00,0,0,0,15.180
2019-05-15 19:00,0,0,0,14.927
2019-05-15 20:00,0,0,0,14.728
2019-05-15 21:00,0,0,0,14.633
2019-05-15 22:00,0,0,0,14.599
2019-05-15 23:00,0,0,0,14.704
2019-05-16 00:00,0,0,0,14.661
2019-05-16 01:00,0,0,0,14.567
2019-05-16 02:00,0,0,0,14.437
2019-05-16 03:00,0,0,0.003,14.353
2019-05-16 04:00,0.016,0,0.036,14.404
2019-05-16 05:00,0.056,0.002,0.079,14.675
2019-05-16 06:00,0.103,0.005,0.126,14.953
2019-05-16 07:00,0.157,0.010,0.179,15.134
2019-05-16 08:00,0.252,0.028,0.266,15.545
2019-05-16 09:00,0.410,0.110,0.368,16.276
2019-05-16 10:00,0.543,0.272,0.373,17.058
2019-05-16 11:00,0.578,0.352,0.342,17.588
2019-05-16 12:00,0.521,0.294,0.325,17.714
2019-05-16 13:00,0.449,0.239,0.289,17.715
2019-05-16 14:00,0.336,0.148,0.245,17.685
2019-05-16 15:00,0.200,0.054,0.184,17.520
2019-05-16 16:00,0.074,0.005,0.097,17.109
2019-05-16 17:00,0.001,0,0.017,16.321
2019-05-16 18:00,0,0,0,15.886
2019-05-16 19:00,0,0,0,15.780
2019-05-16 20:00,0,0,0,15.692
2019-05-16 21:00,0,0,0,15.612
2019-05-16 22:00,0,0,0,15.435
2019-05-16 23:00,0,0,0,15.305
2019-05-17 00:00,0,0,0,15.107
2019-05-17 01:00,0,0,0,14.942
2019-05-17 02:00,0,0,0,14.846
2019-05-17 03:00,0,0,0.005,14.592
2019-05-17 04:00,0.041,0,0.065,14.932
2019-05-17 05:00,0.174,0.095,0.113,15.712
2019-05-17 06:00,0.336,0.249,0.141,16.424
2019-05-17 07:00,0.486,0.415,0.158,17.309
2019-05-17 08:00,0.606,0.568,0.166,18.105
2019-05-17 09:00,0.692,0.696,0.163,18.682
2019-05-17 10:00,0.736,0.772,0.156,19.093
2019-05-17 11:00,0.734,0.779,0.146,19.292
2019-05-17 12:00,0.689,0.726,0.132,19.321
2019-05-17 13:00,0.593,0.602,0.119,19.220
2019-05-17 14:00,0.448,0.425,0.105,19.000
2019-05-17 15:00,0.265,0.222,0.091,18.722
2019-05-17 16:00,0.081,0.031,0.079,18.237
2019-05-17 17:00,0.006,0,0.025,17.233
2019-05-17 18:00,0,0,0,16.653
2019-05-17 19:00,0,0,0,16.485
2019-05-17 20:00,0,0,0,16.187
2019-05-17 21:00,0,0,0,15.957
2019-05-17 22:00,0,0,0,15.794
2019-05-17 23:00,0,0,0,15.399
2019-05-18 00:00,0,0,0,15.209
2019-05-18 01:00,0,0,0,14.843
2019-05-18 02:00,0,0,0,14.402
2019-05-18 03:00,0,0,0.006,14.231
2019-05-18 04:00,0.038,0,0.062,14.910
2019-05-18 05:00,0.153,0.045,0.142,16.244
2019-05-18 06:00,0.371,0.291,0.143,17.472
2019-05-18 07:00,0.459,0.330,0.214,18.528
2019-05-18 08:00,0.421,0.185,0.311,18.917
2019-05-18 09:00,0.505,0.256,0.348,19.302
2019-05-18 10:00,0.441,0.152,0.372,19.551
2019-05-18 11:00,0.339,0.065,0.335,19.487
2019-05-18 12:00,0.276,0.041,0.285,19.099
2019-05-18 13:00,0.371,0.132,0.304,19.048
2019-05-18 14:00,0.346,0.180,0.227,19.192
2019-05-18 15:00,0.225,0.103,0.166,19.071
2019-05-18 16:00,0.088,0.014,0.105,18.489
2019-05-18 17:00,0.006,0,0.024,17.190
2019-05-18 18:00,0,0,0,16.239
2019-05-18 19:00,0,0,0,15.953
2019-05-18 20:00,0,0,0,15.863
2019-05-18 21:00,0,0,0,15.897
2019-05-18 22:00,0,0,0,15.947
2019-05-18 23:00,0,0,0,16.052
2019-05-19 00:00,0,0,0,16.185
2019-05-19 01:00,0,0,0,16.329
2019-05-19 02:00,0,0,0,16.423
2019-05-19 03:00,0,0,0.004,16.408
2019-05-19 04:00,0.035,0,0.059,16.805
2019-05-19 05:00,0.137,0.026,0.145,17.928
2019-05-19 06:00,0.233,0.062,0.216,18.840
2019-05-19 07:00,0.288,0.069,0.272,19.467
2019-05-19 08:00,0.277,0.047,0.281,19.712
2019-05-19 09:00,0.459,0.184,0.363,20.124
2019-05-19 10:00,0.514,0.257,0.362,20.248
2019-05-19 11:00,0.513,0.271,0.346,20.134
2019-05-19 12:00,0.559,0.397,0.281,19.998
2019-05-19 13:00,0.485,0.333,0.247,19.822
2019-05-19 14:00,0.332,0.164,0.227,19.468
2019-05-19 15:00,0.230,0.109,0.164,19.125
2019-05-19 16:00,0.091,0.018,0.103,18.647
2019-05-19 17:00,0.009,0,0.028,17.739
2019-05-19 18:00,0,0,0,16.699
2019-05-19 19:00,0,0,0,16.396
2019-05-19 20:00,0,0,0,16.101
2019-05-19 21:00,0,0,0,15.790
2019-05-19 22:00,0,0,0,15.670
2019-05-19 23:00,0,0,0,15.506
2019-05-20 00:00,0,0,0,15.472
2019-05-20 01:00,0,0,0,15.412
2019-05-20 02:00,0,0,0,15.349
2019-05-20 03:00,0,0,0.007,15.132
2019-05-20 04:00,0.041,0,0.065,16.105
2019-05-20 05:00,0.168,0.082,0.121,16.971
2019-05-20 06:00,0.299,0.185,0.165,17.420
2019-05-20 07:00,0.536,0.516,0.124,18.114
2019-05-20 08:00,0.635,0.632,0.144,18.609
2019-05-20 09:00,0.647,0.603,0.190,18.743
2019-05-20 10:00,0.738,0.775,0.156,19.021
2019-05-20 11:00,0.737,0.787,0.143,19.226
2019-05-20 12:00,0.684,0.715,0.136,19.297
2019-05-20 13:00,0.577,0.570,0.130,19.207
2019-05-20 14:00,0.434,0.395,0.118,18.973
2019-05-20 15:00,0.257,0.203,0.102,18.561
2019-05-20 16:00,0.083,0.035,0.078,17.959
2019-05-20 17:00,0.008,0,0.027,16.880
2019-05-20 18:00,0,0,0,15.932
2019-05-20 19:00,0,0,0,15.646
2019-05-20 20:00,0,0,0,15.380
2019-05-20 21:00,0,0,0,15.111
2019-05-20 22:00,0,0,0,14.885
2019-05-20 23:00,0,0,0,14.732
2019-05-21 00:00,0,0,0,14.621
2019-05-21 01:00,0,0,0,14.413
2019-05-21 02:00,0,0,0,14.225
2019-05-21 03:00,0,0,0.008,14.143
2019-05-21 04:00,0.031,0,0.054,15.249
2019-05-21 05:00,0.198,0.164,0.071,16.347
2019-05-21 06:00,0.396,0.383,0.080,17.156
2019-05-21 07:00,0.565,0.588,0.090,17.925
2019-05-21 08:00,0.688,0.754,0.098,18.470
2019-05-21 09:00,0.760,0.858,0.106,18.861
2019-05-21 10:00,0.789,0.902,0.109,19.150
2019-05-21 11:00,0.773,0.877,0.110,19.374
2019-05-21 12:00,0.708,0.778,0.109,19.457
2019-05-21 13:00,0.601,0.629,0.104,19.449
2019-05-21 14:00,0.451,0.439,0.095,19.331
2019-05-21 15:00,0.263,0.225,0.086,19.008
2019-05-21 16:00,0.080,0.038,0.071,18.439
2019-05-21 17:00,0.008,0,0.027,17.211
2019-05-21 18:00,0,0,0,16.210
2019-05-21 19:00,0,0,0,15.879
2019-05-21 20:00,0,0,0,15.557
2019-05-21 21:00,0,0,0,15.336
2019-05-21 22:00,0,0,0,15.258
2019-05-21 23:00,0,0,0,15.258
2019-05-22 00:00,0,0,0,15.220
2019-05-22 01:00,0,0,0,15.130
2019-05-22 02:00,0,0,0,15.079
2019-05-22 03:00,0,0,0.008,15.040
2019-05-22 04:00,0.041,0,0.065,15.885
2019-05-22 05:00,0.182,0.120,0.099,17.205
2019-05-22 06:00,0.367,0.325,0.106,18.225
2019-05-22 07:00,0.532,0.526,0.112,19.068
2019-05-22 08:00,0.647,0.675,0.123,19.641
2019-05-22 09:00,0.723,0.783,0.129,19.904
2019-05-22 10:00,0.750,0.821,0.134,20.018
2019-05-22 11:00,0.739,0.806,0.132,20.042
2019-05-22 12:00,0.699,0.760,0.117,19.987
2019-05-22 13:00,0.613,0.651,0.099,19.839
2019-05-22 14:00,0.462,0.461,0.089,19.577
2019-05-22 15:00,0.272,0.244,0.078,19.258
2019-05-22 16:00,0.079,0.044,0.065,18.725
2019-05-22 17:00,0.008,0,0.027,17.653
2019-05-22 18:00,0,0,0,16.829
2019-05-22 19:00,0,0,0,16.636
2019-05-22 20:00,0,0,0,16.546
2019-05-22 21:00,0,0,0,16.626
2019-05-22 22:00,0,0,0,16.694
2019-05-22 23:00,0,0,0,16.654
2019-05-23 00:00,0,0,0,16.543
2019-05-23 01:00,0,0,0,16.348
2019-05-23 02:00,0,0,0,16.155
2019-05-23 03:00,0,0,0.009,15.545
2019-05-23 04:00,0.036,0,0.060,15.928
2019-05-23 05:00,0.197,0.147,0.088,17.159
2019-05-23 06:00,0.369,0.317,0.116,18.299
2019-05-23 07:00,0.515,0.478,0.138,19.193
2019-05-23 08:00,0.630,0.625,0.150,19.787
2019-05-23 09:00,0.712,0.745,0.152,20.073
2019-05-23 10:00,0.751,0.808,0.149,20.170
2019-05-23 11:00,0.736,0.781,0.151,20.085
2019-05-23 12:00,0.651,0.635,0.170,19.795
2019-05-23 13:00,0.508,0.408,0.200,19.299
2019-05-23 14:00,0.342,0.190,0.211,18.679
2019-05-23 15:00,0.191,0.058,0.172,18.080
2019-05-23 16:00,0.074,0.006,0.096,17.449
2019-05-23 17:00,0.007,0,0.025,16.488
2019-05-23 18:00,0,0,0,15.706
2019-05-23 19:00,0,0,0,15.471
2019-05-23 20:00,0,0,0,15.311
2019-05-23 21:00,0,0,0,15.160
2019-05-23 22:00,0,0,0,14.997
2019-05-23 23:00,0,0,0,14.879
2019-05-24 00:00,0,0,0,14.913
2019-05-24 01:00,0,0,0,15.008
2019-05-24 02:00,0,0,0,15.028
2019-05-24 03:00,0,0,0.009,15.119
2019-05-24 04:00,0.046,0,0.071,15.814
2019-05-24 05:00,0.174,0.083,0.126,16.718
2019-05-24 06:00,0.313,0.193,0.173,17.432
2019-05-24 07:00,0.416,0.264,0.224,18.152
2019-05-24 08:00,0.491,0.321,0.262,18.715
2019-05-24 09:00,0.612,0.510,0.238,19.213
2019-05-24 10:00,0.696,0.675,0.195,19.652
2019-05-24 11:00,0.714,0.732,0.167,19.901
2019-05-24 12:00,0.673,0.690,0.148,19.950
2019-05-24 13:00,0.584,0.581,0.130,19.870
2019-05-24 14:00,0.441,0.408,0.116,19.657
2019-05-24 15:00,0.267,0.219,0.097,19.347
2019-05-24 16:00,0.086,0.039,0.077,18.859
2019-05-24 17:00,0.013,0,0.033,17.878
2019-05-24 18:00,0,0,0,17.189
2019-05-24 19:00,0,0,0,17.038
2019-05-24 20:00,0,0,0,16.789
2019-05-24 21:00,0,0,0,16.412
2019-05-24 22:00,0,0,0,16.078
2019-05-24 23:00,0,0,0,15.838
2019-05-25 00:00,0,0,0,15.611
2019-05-25 01:00,0,0,0,15.322
2019-05-25 02:00,0,0,0,14.977
2019-05-25 03:00,0,0,0.010,14.707
2019-05-25 04:00,0.035,0,0.059,15.844
2019-05-25 05:00,0.199,0.159,0.078,17.164
2019-05-25 06:00,0.391,0.370,0.089,18.605
2019-05-25 07:00,0.556,0.574,0.098,19.789
2019-05-25 08:00,0.678,0.740,0.107,20.400
2019-05-25 09:00,0.750,0.844,0.114,20.702
2019-05-25 10:00,0.779,0.887,0.119,20.824
2019-05-25 11:00,0.758,0.850,0.122,20.801
2019-05-25 12:00,0.699,0.760,0.121,20.766
2019-05-25 13:00,0.573,0.569,0.131,20.713
2019-05-25 14:00,0.400,0.325,0.150,20.484
2019-05-25 15:00,0.205,0.093,0.154,20.083
2019-05-25 16:00,0.089,0.027,0.093,19.641
2019-05-25 17:00,0.013,0,0.033,18.580
2019-05-25 18:00,0,0,0,17.890
2019-05-25 19:00,0,0,0,17.786
2019-05-25 20:00,0,0,0,17.650
2019-05-25 21:00,0,0,0,17.446
2019-05-25 22:00,0,0,0,17.196
2019-05-25 23:00,0,0,0,16.894
2019-05-26 00:00,0,0,0,16.688
2019-05-26 01:00,0,0,0,16.698
2019-05-26 02:00,0,0,0,16.592
2019-05-26 03:00,0,0,0.009,16.325
2019-05-26 04:00,0.050,0,0.076,16.993
2019-05-26 05:00,0.161,0.043,0.153,18.073
2019-05-26 06:00,0.242,0.065,0.221,18.993
2019-05-26 07:00,0.259,0.050,0.257,19.783
2019-05-26 08:00,0.400,0.146,0.330,20.679
2019-05-26 09:00,0.552,0.352,0.322,21.567
2019-05-26 10:00,0.595,0.422,0.313,21.772
2019-05-26 11:00,0.568,0.379,0.317,21.737
2019-05-26 12:00,0.550,0.390,0.282,21.990
2019-05-26 13:00,0.497,0.365,0.239,22.332
2019-05-26 14:00,0.324,0.147,0.240,22.589
2019-05-26 15:00,0.183,0.042,0.183,22.968
2019-05-26 16:00,0.069,0.004,0.095,22.883
2019-05-26 17:00,0.008,0,0.027,21.522
2019-05-26 18:00,0,0,0,20.244
2019-05-26 19:00,0,0,0,19.429
2019-05-26 20:00,0,0,0,19.183
2019-05-26 21:00,0,0,0,18.919
2019-05-26 22:00,0,0,0,18.803
2019-05-26 23:00,0,0,0,18.817
2019-05-27 00:00,0,0,0,18.680
2019-05-27 01:00,0,0,0,18.268
2019-05-27 02:00,0,0,0,17.067
2019-05-27 03:00,0,0,0.003,16.593
2019-05-27 04:00,0.010,0,0.029,16.710
2019-05-27 05:00,0.034,0.001,0.057,16.783
2019-05-27 06:00,0.056,0.001,0.081,16.770
2019-05-27 07:00,0.093,0.003,0.120,17.179
2019-05-27 08:00,0.300,0.039,0.313,18.430
2019-05-27 09:00,0.443,0.125,0.401,20.033
2019-05-27 10:00,0.335,0.052,0.345,20.749
2019-05-27 11:00,0.477,0.174,0.400,21.359
2019-05-27 12:00,0.572,0.379,0.324,22.004
2019-05-27 13:00,0.395,0.144,0.329,22.100
2019-05-27 14:00,0.223,0.029,0.240,21.465
2019-05-27 15:00,0.088,0.004,0.115,20.555
2019-05-27 16:00,0.051,0.001,0.076,20.163
2019-05-27 17:00,0.007,0,0.025,19.551
2019-05-27 18:00,0,0,0,19.141
2019-05-27 19:00,0,0,0,18.972
2019-05-27 20:00,0,0,0,18.871
2019-05-27 21:00,0,0,0,18.597
2019-05-27 22:00,0,0,0,18.082
2019-05-27 23:00,0,0,0,17.493
2019-05-28 00:00,0,0,0,17.207
2019-05-28 01:00,0,0,0,17.010
2019-05-28 02:00,0,0,0,16.808
2019-05-28 03:00,0,0,0.010,16.779
2019-05-28 04:00,0.047,0,0.072,17.577
2019-05-28 05:00,0.187,0.123,0.103,18.448
2019-05-28 06:00,0.372,0.330,0.108,19.333
2019-05-28 07:00,0.532,0.525,0.117,20.009
2019-05-28 08:00,0.645,0.670,0.129,20.454
2019-05-28 09:00,0.717,0.771,0.137,20.727
2019-05-28 10:00,0.745,0.809,0.142,20.837
2019-05-28 11:00,0.732,0.790,0.141,20.830
2019-05-28 12:00,0.686,0.731,0.130,20.739
2019-05-28 13:00,0.585,0.592,0.123,20.506
2019-05-28 14:00,0.436,0.402,0.116,20.155
2019-05-28 15:00,0.258,0.200,0.107,19.653
2019-05-28 16:00,0.090,0.033,0.087,18.979
2019-05-28 17:00,0.015,0,0.035,18.174
2019-05-28 18:00,0,0,0,17.467
2019-05-28 19:00,0,0,0,17.233
2019-05-28 20:00,0,0,0,17.092
2019-05-28 21:00,0,0,0,17.062
2019-05-28 22:00,0,0,0,17.039
2019-05-28 23:00,0,0,0,16.919
2019-05-29 00:00,0,0,0,16.815
2019-05-29 01:00,0,0,0,16.675
2019-05-29 02:00,0,0,0,16.527
2019-05-29 03:00,0,0,0.011,16.530
2019-05-29 04:00,0.044,0,0.069,17.528
2019-05-29 05:00,0.192,0.136,0.095,18.213
2019-05-29 06:00,0.375,0.335,0.106,18.895
2019-05-29 07:00,0.532,0.520,0.120,19.592
2019-05-29 08:00,0.629,0.629,0.146,20.066
2019-05-29 09:00,0.647,0.608,0.193,20.310
2019-05-29 10:00,0.678,0.653,0.194,20.507
2019-05-29 11:00,0.732,0.785,0.146,20.757
2019-05-29 12:00,0.688,0.734,0.130,20.813
2019-05-29 13:00,0.587,0.596,0.122,20.689
2019-05-29 14:00,0.431,0.390,0.123,20.442
2019-05-29 15:00,0.240,0.156,0.130,20.039
2019-05-29 16:00,0.092,0.030,0.092,19.490
2019-05-29 17:00,0.015,0,0.036,18.541
2019-05-29 18:00,0,0,0,17.659
2019-05-29 19:00,0,0,0,17.411
2019-05-29 20:00,0,0,0,17.149
2019-05-29 21:00,0,0,0,16.890
2019-05-29 22:00,0,0,0,16.734
2019-05-29 23:00,0,0,0,16.674
2019-05-30 00:00,0,0,0,16.783
2019-05-30 01:00,0,0,0,16.912
2019-05-30 02:00,0,0,0,16.904
2019-05-30 03:00,0,0,0.008,16.787
2019-05-30 04:00,0.048,0,0.073,17.567
2019-05-30 05:00,0.182,0.103,0.117,18.297
2019-05-30 06:00,0.364,0.311,0.117,19.073
2019-05-30 07:00,0.528,0.514,0.122,19.776
2019-05-30 08:00,0.644,0.664,0.133,20.253
2019-05-30 09:00,0.694,0.714,0.157,20.475
2019-05-30 10:00,0.693,0.689,0.182,20.509
2019-05-30 11:00,0.708,0.731,0.163,20.504
2019-05-30 12:00,0.672,0.697,0.142,20.422
2019-05-30 13:00,0.594,0.609,0.118,20.260
2019-05-30 14:00,0.449,0.428,0.107,19.978
2019-05-30 15:00,0.267,0.220,0.097,19.621
2019-05-30 16:00,0.089,0.042,0.078,19.086
2019-05-30 17:00,0.016,0,0.037,18.116
2019-05-30 18:00,0,0,0,17.204
2019-05-30 19:00,0,0,0,16.953
2019-05-30 20:00,0,0,0,16.680
2019-05-30 21:00,0,0,0,16.418
2019-05-30 22:00,0,0,0,16.196
2019-05-30 23:00,0,0,0,15.896
2019-05-31 00:00,0,0,0,15.624
2019-05-31 01:00,0,0,0,15.376
2019-05-31 02:00,0,0,0,15.223
2019-05-31 03:00,0,0,0.012,15.181
2019-05-31 04:00,0.035,0,0.059,16.164
2019-05-31 05:00,0.200,0.162,0.077,17.225
2019-05-31 06:00,0.391,0.370,0.088,18.247
2019-05-31 07:00,0.552,0.566,0.100,19.156
2019-05-31 08:00,0.669,0.721,0.110,19.755
2019-05-31 09:00,0.739,0.819,0.120,20.113
2019-05-31 10:00,0.756,0.833,0.132,20.257
2019-05-31 11:00,0.723,0.766,0.147,20.203
2019-05-31 12:00,0.630,0.608,0.168,19.998
2019-05-31 13:00,0.536,0.488,0.158,19.744
2019-05-31 14:00,0.422,0.371,0.128,19.444
2019-05-31 15:00,0.264,0.213,0.099,19.106
2019-05-31 16:00,0.089,0.041,0.077,18.591
2019-05-31 17:00,0.016,0,0.037,17.603
2019-05-31 18:00,0,0,0,16.436
2019-05-31 19:00,0,0,0,16.109
2019-05-31 20:00,0,0,0,15.926
2019-05-31 21:00,0,0,0,15.760
2019-05-31 22:00,0,0,0,15.565
2019-05-31 23:00,0,0,0,15.395
2019-06-01 00:00,0,0,0,15.276
2019-06-01 01:00,0,0,0,15.208
2019-06-01 02:00,0,0,0,15.210
2019-06-01 03:00,0,0,0.012,15.248
2019-06-01 04:00,0.042,0,0.066,15.971
2019-06-01 05:00,0.195,0.143,0.090,16.902
2019-06-01 06:00,0.377,0.340,0.102,18.120
2019-06-01 07:00,0.536,0.533,0.112,19.268
2019-06-01 08:00,0.653,0.689,0.121,20.172
2019-06-01 09:00,0.727,0.798,0.126,20.761
2019-06-01 10:00,0.758,0.845,0.129,21.035
2019-06-01 11:00,0.739,0.810,0.133,21.036
2019-06-01 12:00,0.672,0.705,0.136,20.838
2019-06-01 13:00,0.563,0.549,0.136,20.527
2019-06-01 14:00,0.428,0.387,0.122,20.163
2019-06-01 15:00,0.260,0.204,0.105,19.723
2019-06-01 16:00,0.090,0.038,0.083,19.120
2019-06-01 17:00,0.017,0,0.038,18.093
2019-06-01 18:00,0,0,0,17.058
2019-06-01 19:00,0,0,0,16.923
2019-06-01 20:00,0,0,0,16.889
2019-06-01 21:00,0,0,0,16.870
2019-06-01 22:00,0,0,0,16.661
2019-06-01 23:00,0,0,0,16.279
2019-06-02 00:00,0,0,0,16.130
2019-06-02 01:00,0,0,0,15.972
2019-06-02 02:00,0,0,0,15.786
2019-06-02 03:00,0,0,0.014,15.681
2019-06-02 04:00,0.053,0,0.079,16.394
2019-06-02 05:00,0.194,0.111,0.121,17.556
2019-06-02 06:00,0.352,0.258,0.155,18.568
2019-06-02 07:00,0.482,0.385,0.190,19.385
2019-06-02 08:00,0.569,0.462,0.228,19.893
2019-06-02 09:00,0.599,0.458,0.275,20.082
2019-06-02 10:00,0.583,0.389,0.321,20.038
2019-06-02 11:00,0.511,0.257,0.356,19.830
2019-06-02 12:00,0.409,0.137,0.346,19.529
2019-06-02 13:00,0.322,0.078,0.301,19.186
2019-06-02 14:00,0.230,0.039,0.234,18.780
2019-06-02 15:00,0.146,0.017,0.164,18.387
2019-06-02 16:00,0.069,0.003,0.094,17.972
2019-06-02 17:00,0.009,0,0.028,17.396
2019-06-02 18:00,0,0,0,17.201
2019-06-02 19:00,0,0,0,17.261
2019-06-02 20:00,0,0,0,17.114
2019-06-02 21:00,0,0,0,16.973
2019-06-02 22:00,0,0,0,16.850
2019-06-02 23:00,0,0,0,16.669
2019-06-03 00:00,0,0,0,16.495
2019-06-03 01:00,0,0,0,16.380
2019-06-03 02:00,0,0,0,16.224
2019-06-03 03:00,0,0,0.003,16.106
2019-06-03 04:00,0.009,0,0.028,16.168
2019-06-03 05:00,0.046,0.001,0.071,16.344
2019-06-03 06:00,0.100,0.003,0.126,16.443
2019-06-03 07:00,0.140,0.005,0.167,16.516
2019-06-03 08:00,0.160,0.006,0.189,16.631
2019-06-03 09:00,0.168,0.006,0.198,16.725
2019-06-03 10:00,0.165,0.005,0.195,16.787
2019-06-03 11:00,0.163,0.005,0.192,16.858
2019-06-03 12:00,0.164,0.006,0.194,16.961
2019-06-03 13:00,0.164,0.006,0.193,17.121
2019-06-03 14:00,0.137,0.005,0.165,17.239
2019-06-03 15:00,0.082,0.002,0.109,17.179
2019-06-03 16:00,0.033,0,0.056,16.958
2019-06-03 17:00,0.001,0,0.016,16.625
2019-06-03 18:00,0,0,0,16.289
2019-06-03 19:00,0,0,0,16.175
2019-06-03 20:00,0,0,0,16.095
2019-06-03 21:00,0,0,0,16.083
2019-06-03 22:00,0,0,0,16.066
2019-06-03 23:00,0,0,0,16.036
2019-06-04 00:00,0,0,0,15.998
2019-06-04 01:00,0,0,0,15.946
2019-06-04 02:00,0,0,0,15.878
2019-06-04 03:00,0,0,0.006,15.827
2019-06-04 04:00,0.026,0,0.048,16.287
2019-06-04 05:00,0.122,0.016,0.138,17.018
2019-06-04 06:00,0.275,0.109,0.213,17.612
2019-06-04 07:00,0.450,0.316,0.215,18.420
2019-06-04 08:00,0.586,0.512,0.200,19.247
2019-06-04 09:00,0.692,0.685,0.180,19.863
2019-06-04 10:00,0.710,0.704,0.189,20.195
2019-06-04 11:00,0.694,0.679,0.193,20.332
2019-06-04 12:00,0.623,0.569,0.198,20.363
2019-06-04 13:00,0.556,0.508,0.167,20.423
2019-06-04 14:00,0.414,0.335,0.157,20.332
2019-06-04 15:00,0.241,0.135,0.153,20.117
2019-06-04 16:00,0.098,0.017,0.112,19.692
2019-06-04 17:00,0.016,0,0.037,18.949
2019-06-04 18:00,0,0,0,18.328
2019-06-04 19:00,0,0,0,18.135
2019-06-04 20:00,0,0,0,17.827
2019-06-04 21:00,0,0,0,17.507
2019-06-04 22:00,0,0,0,17.298
2019-06-04 23:00,0,0,0,17.149
2019-06-05 00:00,0,0,0,17.062
2019-06-05 01:00,0,0,0,16.984
2019-06-05 02:00,0,0,0,16.931
2019-06-05 03:00,0,0,0.011,16.947
2019-06-05 04:00,0.050,0,0.076,17.870
2019-06-05 05:00,0.167,0.060,0.144,18.722
2019-06-05 06:00,0.312,0.188,0.179,19.556
2019-06-05 07:00,0.459,0.358,0.190,20.382
2019-06-05 08:00,0.590,0.539,0.185,20.995
2019-06-05 09:00,0.658,0.628,0.194,21.342
2019-06-05 10:00,0.680,0.651,0.204,21.459
2019-06-05 11:00,0.659,0.613,0.211,21.441
2019-06-05 12:00,0.606,0.544,0.204,21.387
2019-06-05 13:00,0.525,0.455,0.182,21.303
2019-06-05 14:00,0.406,0.329,0.155,21.145
2019-06-05 15:00,0.252,0.172,0.129,20.854
2019-06-05 16:00,0.097,0.033,0.096,20.369
2019-06-05 17:00,0.020,0,0.041,19.468
2019-06-05 18:00,0,0,0,18.454
2019-06-05 19:00,0,0,0,18.125
2019-06-05 20:00,0,0,0,17.859
2019-06-05 21:00,0,0,0,17.666
2019-06-05 22:00,0,0,0,17.562
2019-06-05 23:00,0,0,0,17.444
2019-06-06 00:00,0,0,0,17.331
2019-06-06 01:00,0,0,0,17.193
2019-06-06 02:00,0,0,0,17.091
2019-06-06 03:00,0,0,0.014,17.139
2019-06-06 04:00,0.044,0,0.070,18.405
2019-06-06 05:00,0.188,0.132,0.096,19.477
2019-06-06 06:00,0.365,0.326,0.107,20.713
2019-06-06 07:00,0.529,0.533,0.111,21.682
2019-06-06 08:00,0.651,0.703,0.115,22.372
2019-06-06 09:00,0.729,0.820,0.118,22.877
2019-06-06 10:00,0.759,0.867,0.120,23.143
2019-06-06 11:00,0.745,0.846,0.120,23.168
2019-06-06 12:00,0.687,0.757,0.118,23.024
2019-06-06 13:00,0.587,0.615,0.111,22.809
2019-06-06 14:00,0.442,0.429,0.103,22.475
2019-06-06 15:00,0.265,0.224,0.094,21.954
2019-06-06 16:00,0.091,0.043,0.079,21.212
2019-06-06 17:00,0.018,0,0.040,20.121
2019-06-06 18:00,0,0,0,19.159
2019-06-06 19:00,0,0,0,18.962
2019-06-06 20:00,0,0,0,18.829
2019-06-06 21:00,0,0,0,18.734
2019-06-06 22:00,0,0,0,18.705
2019-06-06 23:00,0,0,0,18.873
2019-06-07 00:00,0,0,0,19.071
2019-06-07 01:00,0,0,0,19.335
2019-06-07 02:00,0,0,0,19.324
2019-06-07 03:00,0,0,0.014,19.140
2019-06-07 04:00,0.040,0,0.065,19.733
2019-06-07 05:00,0.192,0.150,0.084,20.899
2019-06-07 06:00,0.375,0.352,0.095,22.000
2019-06-07 07:00,0.533,0.550,0.104,23.100
2019-06-07 08:00,0.649,0.715,0.110,24.450
2019-06-07 09:00,0.724,0.835,0.113,25.784
2019-06-07 10:00,0.751,0.879,0.116,26.342
2019-06-07 11:00,0.737,0.853,0.117,26.080
2019-06-07 12:00,0.681,0.764,0.115,25.728
2019-06-07 13:00,0.578,0.614,0.111,25.562
2019-06-07 14:00,0.432,0.423,0.106,25.504
2019-06-07 15:00,0.258,0.216,0.099,25.320
2019-06-07 16:00,0.090,0.040,0.084,24.971
2019-06-07 17:00,0.018,0,0.040,24.033
2019-06-07 18:00,0,0,0,23.123
2019-06-07 19:00,0,0,0,22.616
2019-06-07 20:00,0,0,0,21.948
2019-06-07 21:00,0,0,0,21.518
2019-06-07 22:00,0,0,0,21.493
2019-06-07 23:00,0,0,0,21.636
2019-06-08 00:00,0,0,0,21.773
2019-06-08 01:00,0,0,0,21.897
2019-06-08 02:00,0,0,0,21.913
2019-06-08 03:00,0,0,0.013,21.974
2019-06-08 04:00,0.050,0,0.077,22.588
2019-06-08 05:00,0.183,0.122,0.105,23.909
2019-06-08 06:00,0.357,0.321,0.111,24.962
2019-06-08 07:00,0.511,0.516,0.119,26.191
2019-06-08 08:00,0.618,0.663,0.129,27.329
2019-06-08 09:00,0.700,0.797,0.127,28.281
2019-06-08 10:00,0.726,0.840,0.130,28.952
2019-06-08 11:00,0.714,0.821,0.130,29.180
2019-06-08 12:00,0.654,0.725,0.130,28.930
2019-06-08 13:00,0.557,0.582,0.125,28.452
2019-06-08 14:00,0.419,0.400,0.118,27.752
2019-06-08 15:00,0.253,0.204,0.107,26.977
2019-06-08 16:00,0.092,0.037,0.089,25.959
2019-06-08 17:00,0.019,0,0.041,24.076
2019-06-08 18:00,0,0,0,22.855
2019-06-08 19:00,0,0,0,22.744
2019-06-08 20:00,0,0,0,22.820
2019-06-08 21:00,0,0,0,22.636
2019-06-08 22:00,0,0,0,22.411
2019-06-08 23:00,0,0,0,22.166
2019-06-09 00:00,0,0,0,21.921
2019-06-09 01:00,0,0,0,21.688
2019-06-09 02:00,0,0,0,21.517
2019-06-09 03:00,0,0,0.014,21.334
2019-06-09 04:00,0.047,0,0.073,21.954
2019-06-09 05:00,0.183,0.126,0.101,23.067
2019-06-09 06:00,0.356,0.319,0.111,24.177
2019-06-09 07:00,0.512,0.516,0.117,25.295
2019-06-09 08:00,0.628,0.682,0.121,26.468
2019-06-09 09:00,0.714,0.826,0.116,27.591
2019-06-09 10:00,0.741,0.871,0.119,28.195
2019-06-09 11:00,0.727,0.850,0.119,28.466
2019-06-09 12:00,0.669,0.759,0.117,28.434
2019-06-09 13:00,0.573,0.618,0.111,28.051
2019-06-09 14:00,0.434,0.434,0.102,27.270
2019-06-09 15:00,0.262,0.229,0.092,26.251
2019-06-09 16:00,0.090,0.046,0.078,24.925
2019-06-09 17:00,0.019,0,0.041,23.400
2019-06-09 18:00,0,0,0,22.176
2019-06-09 19:00,0,0,0,21.776
2019-06-09 20:00,0,0,0,21.669
2019-06-09 21:00,0,0,0,21.785
2019-06-09 22:00,0,0,0,21.967
2019-06-09 23:00,0,0,0,22.131
2019-06-10 00:00,0,0,0,22.287
2019-06-10 01:00,0,0,0,22.416
2019-06-10 02:00,0,0,0,22.473
2019-06-10 03:00,0,0,0.015,22.371
2019-06-10 04:00,0.037,0,0.063,23.395
2019-06-10 05:00,0.191,0.155,0.082,24.851
2019-06-10 06:00,0.370,0.358,0.093,26.179
2019-06-10 07:00,0.523,0.554,0.103,27.763
2019-06-10 08:00,0.635,0.713,0.111,28.873
2019-06-10 09:00,0.705,0.820,0.118,29.356
2019-06-10 10:00,0.731,0.857,0.123,29.328
2019-06-10 11:00,0.712,0.819,0.128,28.972
2019-06-10 12:00,0.648,0.710,0.133,28.510
2019-06-10 13:00,0.542,0.548,0.137,28.092
2019-06-10 14:00,0.392,0.340,0.141,27.540
2019-06-10 15:00,0.242,0.177,0.122,27.030
2019-06-10 16:00,0.093,0.036,0.091,26.373
2019-06-10 17:00,0.019,0,0.042,25.151
2019-06-10 18:00,0,0,0,24.116
2019-06-10 19:00,0,0,0,23.944
2019-06-10 20:00,0,0,0,23.729
2019-06-10 21:00,0,0,0,23.265
2019-06-10 22:00,0,0,0,22.808
2019-06-10 23:00,0,0,0,22.508
2019-06-11 00:00,0,0,0,22.191
2019-06-11 01:00,0,0,0,21.906
2019-06-11 02:00,0,0,0,21.674
2019-06-11 03:00,0,0,0.016,21.625
2019-06-11 04:00,0.039,0,0.065,22.844
2019-06-11 05:00,0.189,0.149,0.084,23.990
2019-06-11 06:00,0.368,0.352,0.095,25.202
2019-06-11 07:00,0.523,0.548,0.104,26.174
2019-06-11 08:00,0.639,0.710,0.111,26.803
2019-06-11 09:00,0.714,0.825,0.115,27.167
2019-06-11 10:00,0.743,0.869,0.118,27.184
2019-06-11 11:00,0.729,0.844,0.119,27.038
2019-06-11 12:00,0.671,0.753,0.118,26.797
2019-06-11 13:00,0.570,0.605,0.114,26.524
2019-06-11 14:00,0.429,0.420,0.107,26.289
2019-06-11 15:00,0.259,0.221,0.096,26.238
2019-06-11 16:00,0.091,0.045,0.080,26.121
2019-06-11 17:00,0.019,0,0.041,25.277
2019-06-11 18:00,0,0,0,24.365
2019-06-11 19:00,0,0,0,23.978
2019-06-11 20:00,0,0,0,23.448
2019-06-11 21:00,0,0,0,22.841
2019-06-11 22:00,0,0,0,22.217
2019-06-11 23:00,0,0,0,21.874
2019-06-12 00:00,0,0,0,21.677
2019-06-12 01:00,0,0,0,21.615
2019-06-12 02:00,0,0,0,21.545
2019-06-12 03:00,0,0,0.016,21.514
2019-06-12 04:00,0.046,0,0.073,22.501
2019-06-12 05:00,0.184,0.126,0.102,23.674
2019-06-12 06:00,0.355,0.317,0.113,24.883
2019-06-12 07:00,0.508,0.510,0.121,26.142
2019-06-12 08:00,0.622,0.670,0.127,27.213
2019-06-12 09:00,0.697,0.789,0.129,27.959
2019-06-12 10:00,0.731,0.842,0.129,27.960
2019-06-12 11:00,0.716,0.814,0.131,27.637
2019-06-12 12:00,0.659,0.724,0.130,27.464
2019-06-12 13:00,0.556,0.576,0.128,27.625
2019-06-12 14:00,0.414,0.386,0.124,27.776
2019-06-12 15:00,0.248,0.188,0.118,27.399
2019-06-12 16:00,0.095,0.031,0.099,26.064
2019-06-12 17:00,0.019,0,0.041,24.180
2019-06-12 18:00,0,0,0,23.046
2019-06-12 19:00,0,0,0,22.972
2019-06-12 20:00,0,0,0,22.833
2019-06-12 21:00,0,0,0,22.753
2019-06-12 22:00,0,0,0,22.904
2019-06-12 23:00,0,0,0,23.191
2019-06-13 00:00,0,0,0,22.964
2019-06-13 01:00,0,0,0,22.500
2019-06-13 02:00,0,0,0,22.142
2019-06-13 03:00,0,0,0.015,21.911
2019-06-13 04:00,0.048,0,0.076,22.923
2019-06-13 05:00,0.182,0.122,0.103,24.262
2019-06-13 06:00,0.352,0.315,0.112,25.440
2019-06-13 07:00,0.507,0.513,0.118,26.746
2019-06-13 08:00,0.623,0.680,0.121,27.843
2019-06-13 09:00,0.713,0.830,0.115,28.493
2019-06-13 10:00,0.740,0.874,0.118,28.650
2019-06-13 11:00,0.726,0.848,0.119,28.499
2019-06-13 12:00,0.670,0.760,0.117,28.251
2019-06-13 13:00,0.570,0.612,0.113,27.992
2019-06-13 14:00,0.429,0.423,0.107,27.681
2019-06-13 15:00,0.258,0.218,0.099,27.219
2019-06-13 16:00,0.093,0.042,0.085,26.456
2019-06-13 17:00,0.020,0,0.042,25.156
2019-06-13 18:00,0,0,0,23.894
2019-06-13 19:00,0,0,0,23.168
2019-06-13 20:00,0,0,0,22.764
2019-06-13 21:00,0,0,0,22.529
2019-06-13 22:00,0,0,0,22.396
2019-06-13 23:00,0,0,0,22.270
2019-06-14 00:00,0,0,0,22.154
2019-06-14 01:00,0,0,0,22.024
2019-06-14 02:00,0,0,0,21.965
2019-06-14 03:00,0,0,0.016,21.858
2019-06-14 04:00,0.042,0,0.069,22.611
2019-06-14 05:00,0.187,0.143,0.088,23.954
2019-06-14 06:00,0.365,0.346,0.097,25.191
2019-06-14 07:00,0.521,0.544,0.105,26.201
2019-06-14 08:00,0.638,0.709,0.111,26.844
2019-06-14 09:00,0.718,0.836,0.111,27.280
2019-06-14 10:00,0.747,0.881,0.114,27.541
2019-06-14 11:00,0.733,0.859,0.114,27.652
2019-06-14 12:00,0.676,0.770,0.112,27.647
2019-06-14 13:00,0.576,0.625,0.107,27.523
2019-06-14 14:00,0.435,0.437,0.100,27.225
2019-06-14 15:00,0.263,0.232,0.091,26.741
2019-06-14 16:00,0.092,0.048,0.077,25.864
2019-06-14 17:00,0.019,0,0.042,24.416
2019-06-14 18:00,0,0,0.001,23.039
2019-06-14 19:00,0,0,0,22.550
2019-06-14 20:00,0,0,0,22.347
2019-06-14 21:00,0,0,0,22.324
2019-06-14 22:00,0,0,0,22.439
2019-06-14 23:00,0,0,0,22.562
2019-06-15 00:00,0,0,0,22.697
2019-06-15 01:00,0,0,0,22.745
2019-06-15 02:00,0,0,0,22.716
2019-06-15 03:00,0,0,0.016,22.653
2019-06-15 04:00,0.041,0,0.067,23.681
2019-06-15 05:00,0.188,0.147,0.087,24.982
2019-06-15 06:00,0.362,0.343,0.100,26.764
2019-06-15 07:00,0.511,0.537,0.109,29.142
2019-06-15 08:00,0.625,0.703,0.115,30.432
2019-06-15 09:00,0.696,0.812,0.120,30.678
2019-06-15 10:00,0.726,0.858,0.123,30.596
2019-06-15 11:00,0.714,0.837,0.123,30.353
2019-06-15 12:00,0.659,0.748,0.121,30.019
2019-06-15 13:00,0.562,0.604,0.116,29.594
2019-06-15 14:00,0.422,0.414,0.112,29.086
2019-06-15 15:00,0.249,0.196,0.113,28.495
2019-06-15 16:00,0.095,0.028,0.102,27.607
2019-06-15 17:00,0.017,0,0.040,26.217
2019-06-15 18:00,0,0,0,25.158
2019-06-15 19:00,0,0,0,25.066
2019-06-15 20:00,0,0,0,25.021
2019-06-15 21:00,0,0,0,25.051
2019-06-15 22:00,0,0,0,25.090
2019-06-15 23:00,0,0,0,24.810
2019-06-16 00:00,0,0,0,24.186
2019-06-16 01:00,0,0,0,23.938
2019-06-16 02:00,0,0,0,23.999
2019-06-16 03:00,0,0,0.016,23.986
2019-06-16 04:00,0.054,0,0.083,24.719
2019-06-16 05:00,0.178,0.095,0.127,25.914
2019-06-16 06:00,0.322,0.237,0.158,27.335
2019-06-16 07:00,0.454,0.389,0.177,28.675
2019-06-16 08:00,0.575,0.563,0.175,29.431
2019-06-16 09:00,0.659,0.696,0.169,29.556
2019-06-16 10:00,0.688,0.739,0.172,29.304
2019-06-16 11:00,0.668,0.695,0.181,28.896
2019-06-16 12:00,0.600,0.576,0.194,28.416
2019-06-16 13:00,0.479,0.383,0.214,27.860
2019-06-16 14:00,0.347,0.213,0.212,27.289
2019-06-16 15:00,0.196,0.064,0.181,26.682
2019-06-16 16:00,0.085,0.008,0.110,26.095
2019-06-16 17:00,0.014,0,0.036,25.270
2019-06-16 18:00,0,0,0,24.344
2019-06-16 19:00,0,0,0,23.944
2019-06-16 20:00,0,0,0,23.686
2019-06-16 21:00,0,0,0,23.467
2019-06-16 22:00,0,0,0,23.328
2019-06-16 23:00,0,0,0,23.254
2019-06-17 00:00,0,0,0,23.227
2019-06-17 01:00,0,0,0,23.152
2019-06-17 02:00,0,0,0,22.956
2019-06-17 03:00,0,0,0.009,22.755
2019-06-17 04:00,0.033,0,0.058,23.229
2019-06-17 05:00,0.090,0.004,0.118,23.892
2019-06-17 06:00,0.186,0.019,0.212,24.725
2019-06-17 07:00,0.248,0.031,0.272,25.583
2019-06-17 08:00,0.285,0.036,0.312,26.376
2019-06-17 09:00,0.311,0.039,0.341,26.954
2019-06-17 10:00,0.292,0.030,0.328,27.371
2019-06-17 11:00,0.273,0.025,0.311,27.575
2019-06-17 12:00,0.237,0.018,0.275,27.574
2019-06-17 13:00,0.194,0.013,0.231,27.510
2019-06-17 14:00,0.145,0.008,0.179,27.325
2019-06-17 15:00,0.088,0.003,0.119,26.917
2019-06-17 16:00,0.041,0.001,0.068,26.338
2019-06-17 17:00,0.005,0,0.023,25.526
2019-06-17 18:00,0,0,0,25.039
2019-06-17 19:00,0,0,0,24.785
2019-06-17 20:00,0,0,0,24.484
2019-06-17 21:00,0,0,0,24.102
2019-06-17 22:00,0,0,0,23.726
2019-06-17 23:00,0,0,0,23.395
2019-06-18 00:00,0,0,0,23.049
2019-06-18 01:00,0,0,0,22.662
2019-06-18 02:00,0,0,0,22.359
2019-06-18 03:00,0.001,0,0.017,22.125
2019-06-18 04:00,0.039,0,0.065,23.123
2019-06-18 05:00,0.188,0.149,0.084,24.392
2019-06-18 06:00,0.364,0.349,0.095,26.244
2019-06-18 07:00,0.518,0.545,0.104,27.509
2019-06-18 08:00,0.633,0.709,0.111,28.222
2019-06-18 09:00,0.711,0.829,0.113,28.498
2019-06-18 10:00,0.739,0.872,0.117,28.573
2019-06-18 11:00,0.724,0.846,0.118,28.471
2019-06-18 12:00,0.662,0.744,0.120,28.233
2019-06-18 13:00,0.562,0.594,0.118,27.896
2019-06-18 14:00,0.423,0.410,0.112,27.459
2019-06-18 15:00,0.256,0.214,0.101,26.970
2019-06-18 16:00,0.094,0.045,0.084,26.351
2019-06-18 17:00,0.020,0,0.043,25.153
2019-06-18 18:00,0,0,0.001,23.720
2019-06-18 19:00,0,0,0,23.317
2019-06-18 20:00,0,0,0,23.083
2019-06-18 21:00,0,0,0,22.962
2019-06-18 22:00,0,0,0,22.795
2019-06-18 23:00,0,0,0,22.628
2019-06-19 00:00,0,0,0,22.525
2019-06-19 01:00,0,0,0,22.389
2019-06-19 02:00,0,0,0,22.240
2019-06-19 03:00,0.001,0,0.017,22.078
2019-06-19 04:00,0.039,0,0.065,22.919
2019-06-19 05:00,0.187,0.149,0.083,24.144
2019-06-19 06:00,0.364,0.348,0.095,25.728
2019-06-19 07:00,0.517,0.543,0.104,27.058
2019-06-19 08:00,0.633,0.706,0.111,27.906
2019-06-19 09:00,0.708,0.823,0.114,28.416
2019-06-19 10:00,0.739,0.874,0.115,28.561
2019-06-19 11:00,0.728,0.856,0.114,28.474
2019-06-19 12:00,0.673,0.769,0.111,28.243
2019-06-19 13:00,0.576,0.627,0.106,27.938
2019-06-19 14:00,0.438,0.444,0.097,27.548
2019-06-19 15:00,0.267,0.242,0.086,27.130
2019-06-19 16:00,0.092,0.055,0.072,26.578
2019-06-19 17:00,0.019,0,0.041,25.398
2019-06-19 18:00,0,0,0.001,23.953
2019-06-19 19:00,0,0,0,23.638
2019-06-19 20:00,0,0,0,23.506
2019-06-19 21:00,0,0,0,23.373
2019-06-19 22:00,0,0,0,23.166
2019-06-19 23:00,0,0,0,22.966
2019-06-20 00:00,0,0,0,22.710
2019-06-20 01:00,0,0,0,22.546
2019-06-20 02:00,0,0,0,22.410
2019-06-20 03:00,0.001,0,0.017,22.286
2019-06-20 04:00,0.036,0,0.062,23.082
2019-06-20 05:00,0.188,0.153,0.080,24.221
2019-06-20 06:00,0.366,0.351,0.094,25.455
2019-06-20 07:00,0.517,0.540,0.105,26.573
2019-06-20 08:00,0.630,0.698,0.113,27.477
2019-06-20 09:00,0.703,0.810,0.117,28.040
2019-06-20 10:00,0.735,0.863,0.118,28.331
2019-06-20 11:00,0.725,0.848,0.116,28.396
2019-06-20 12:00,0.672,0.766,0.112,28.246
2019-06-20 13:00,0.576,0.627,0.106,27.964
2019-06-20 14:00,0.437,0.444,0.097,27.558
2019-06-20 15:00,0.266,0.239,0.087,27.110
2019-06-20 16:00,0.093,0.053,0.074,26.554
2019-06-20 17:00,0.019,0,0.042,25.406
2019-06-20 18:00,0,0,0.001,23.980
2019-06-20 19:00,0,0,0,23.651
2019-06-20 20:00,0,0,0,23.490
2019-06-20 21:00,0,0,0,23.479
2019-06-20 22:00,0,0,0,23.404
2019-06-20 23:00,0,0,0,23.277
2019-06-21 00:00,0,0,0,23.087
2019-06-21 01:00,0,0,0,22.832
2019-06-21 02:00,0,0,0,22.429
2019-06-21 03:00,0.001,0,0.017,22.218
2019-06-21 04:00,0.035,0,0.060,23.311
2019-06-21 05:00,0.189,0.158,0.076,24.590
2019-06-21 06:00,0.370,0.365,0.087,26.119
2019-06-21 07:00,0.525,0.562,0.097,27.503
2019-06-21 08:00,0.638,0.724,0.104,28.440
2019-06-21 09:00,0.710,0.836,0.109,29.051
2019-06-21 10:00,0.739,0.883,0.112,29.330
2019-06-21 11:00,0.727,0.863,0.111,29.311
2019-06-21 12:00,0.674,0.778,0.108,29.094
2019-06-21 13:00,0.577,0.637,0.102,28.765
2019-06-21 14:00,0.439,0.452,0.094,28.335
2019-06-21 15:00,0.267,0.246,0.084,27.907
2019-06-21 16:00,0.092,0.056,0.071,27.353
2019-06-21 17:00,0.019,0,0.041,26.200
2019-06-21 18:00,0,0,0.001,24.833
2019-06-21 19:00,0,0,0,24.444
2019-06-21 20:00,0,0,0,24.178
2019-06-21 21:00,0,0,0,24.052
2019-06-21 22:00,0,0,0,23.830
2019-06-21 23:00,0,0,0,23.476
2019-06-22 00:00,0,0,0,23.321
2019-06-22 01:00,0,0,0,23.298
2019-06-22 02:00,0,0,0,23.300
2019-06-22 03:00,0.001,0,0.018,23.373
2019-06-22 04:00,0.049,0,0.077,24.529
2019-06-22 05:00,0.183,0.116,0.113,25.935
2019-06-22 06:00,0.354,0.311,0.123,27.645
2019-06-22 07:00,0.503,0.503,0.133,29.670
2019-06-22 08:00,0.584,0.585,0.169,30.306
2019-06-22 09:00,0.599,0.548,0.231,30.364
2019-06-22 10:00,0.545,0.393,0.304,30.220
2019-06-22 11:00,0.537,0.375,0.310,30.003
2019-06-22 12:00,0.486,0.304,0.308,29.639
2019-06-22 13:00,0.345,0.125,0.301,29.155
2019-06-22 14:00,0.209,0.038,0.224,28.969
2019-06-22 15:00,0.170,0.036,0.182,29.181
2019-06-22 16:00,0.097,0.015,0.119,29.165
2019-06-22 17:00,0.018,0,0.041,27.579
2019-06-22 18:00,0,0,0.001,26.678
2019-06-22 19:00,0,0,0,26.342
2019-06-22 20:00,0,0,0,25.809
2019-06-22 21:00,0,0,0,25.390
2019-06-22 22:00,0,0,0,25.115
2019-06-22 23:00,0,0,0,24.875
2019-06-23 00:00,0,0,0,24.642
2019-06-23 01:00,0,0,0,24.447
2019-06-23 02:00,0,0,0,24.225
2019-06-23 03:00,0.001,0,0.017,24.161
2019-06-23 04:00,0.057,0,0.086,25.330
2019-06-23 05:00,0.175,0.080,0.140,26.547
2019-06-23 06:00,0.309,0.192,0.187,27.501
2019-06-23 07:00,0.372,0.196,0.262,28.036
2019-06-23 08:00,0.410,0.188,0.319,28.204
2019-06-23 09:00,0.452,0.213,0.350,28.341
2019-06-23 10:00,0.504,0.285,0.349,28.560
2019-06-23 11:00,0.544,0.370,0.321,28.768
2019-06-23 12:00,0.454,0.241,0.324,28.462
2019-06-23 13:00,0.409,0.216,0.289,28.054
2019-06-23 14:00,0.305,0.132,0.243,27.610
2019-06-23 15:00,0.219,0.093,0.179,27.166
2019-06-23 16:00,0.104,0.027,0.114,26.632
2019-06-23 17:00,0.023,0,0.046,25.809
2019-06-23 18:00,0,0,0.001,24.773
2019-06-23 19:00,0,0,0,24.479
2019-06-23 20:00,0,0,0,24.306
2019-06-23 21:00,0,0,0,24.137
2019-06-23 22:00,0,0,0,23.942
2019-06-23 23:00,0,0,0,23.573
2019-06-24 00:00,0,0,0,23.056
2019-06-24 01:00,0,0,0,22.647
2019-06-24 02:00,0,0,0,22.435
2019-06-24 03:00,0.001,0,0.017,22.463
2019-06-24 04:00,0.057,0,0.086,23.555
2019-06-24 05:00,0.181,0.089,0.136,24.444
2019-06-24 06:00,0.310,0.186,0.190,25.280
2019-06-24 07:00,0.384,0.208,0.260,25.887
2019-06-24 08:00,0.429,0.208,0.319,26.277
2019-06-24 09:00,0.433,0.172,0.360,26.362
2019-06-24 10:00,0.410,0.129,0.373,26.193
2019-06-24 11:00,0.364,0.088,0.355,25.973
2019-06-24 12:00,0.334,0.077,0.329,25.851
2019-06-24 13:00,0.345,0.116,0.304,25.936
2019-06-24 14:00,0.357,0.215,0.220,26.176
2019-06-24 15:00,0.254,0.167,0.144,26.188
2019-06-24 16:00,0.106,0.036,0.105,25.750
2019-06-24 17:00,0.023,0,0.047,24.683
2019-06-24 18:00,0,0,0.001,23.481
2019-06-24 19:00,0,0,0,23.097
2019-06-24 20:00,0,0,0,22.848
2019-06-24 21:00,0,0,0,22.743
2019-06-24 22:00,0,0,0,22.680
2019-06-24 23:00,0,0,0,22.579
2019-06-25 00:00,0,0,0,22.464
2019-06-25 01:00,0,0,0,22.328
2019-06-25 02:00,0,0,0,22.201
2019-06-25 03:00,0.001,0,0.017,22.274
2019-06-25 04:00,0.051,0,0.079,23.576
2019-06-25 05:00,0.180,0.112,0.112,24.949
2019-06-25 06:00,0.343,0.291,0.128,26.678
2019-06-25 07:00,0.489,0.473,0.138,28.045
2019-06-25 08:00,0.596,0.619,0.149,29.353
2019-06-25 09:00,0.658,0.705,0.162,30.281
2019-06-25 10:00,0.653,0.666,0.196,30.654
2019-06-25 11:00,0.582,0.507,0.247,30.649
2019-06-25 12:00,0.519,0.404,0.257,30.641
2019-06-25 13:00,0.440,0.316,0.238,30.678
2019-06-25 14:00,0.354,0.250,0.191,30.582
2019-06-25 15:00,0.239,0.159,0.140,30.304
2019-06-25 16:00,0.099,0.034,0.103,29.718
2019-06-25 17:00,0.021,0,0.044,28.143
2019-06-25 18:00,0,0,0.001,26.813
2019-06-25 19:00,0,0,0,26.364
2019-06-25 20:00,0,0,0,26.037
2019-06-25 21:00,0,0,0,25.747
2019-06-25 22:00,0,0,0,25.463
2019-06-25 23:00,0,0,0,25.169
2019-06-26 00:00,0,0,0,24.864
2019-06-26 01:00,0,0,0,24.561
2019-06-26 02:00,0,0,0,24.288
2019-06-26 03:00,0.001,0,0.017,24.216
2019-06-26 04:00,0.046,0,0.074,25.468
2019-06-26 05:00,0.184,0.132,0.099,26.626
2019-06-26 06:00,0.353,0.323,0.113,28.255
2019-06-26 07:00,0.498,0.504,0.126,29.765
2019-06-26 08:00,0.601,0.644,0.140,31.054
2019-06-26 09:00,0.660,0.725,0.155,31.847
2019-06-26 10:00,0.668,0.716,0.177,32.070
2019-06-26 11:00,0.610,0.580,0.221,31.839
2019-06-26 12:00,0.522,0.417,0.252,31.441
2019-06-26 13:00,0.426,0.286,0.250,31.046
2019-06-26 14:00,0.320,0.176,0.222,30.629
2019-06-26 15:00,0.202,0.081,0.175,30.223
2019-06-26 16:00,0.095,0.019,0.113,29.776
2019-06-26 17:00,0.021,0,0.044,28.546
2019-06-26 18:00,0,0,0.001,27.231
2019-06-26 19:00,0,0,0,26.770
2019-06-26 20:00,0,0,0,26.404
2019-06-26 21:00,0,0,0,26.032
2019-06-26 22:00,0,0,0,25.669
2019-06-26 23:00,0,0,0,25.338
2019-06-27 00:00,0,0,0,25.062
2019-06-27 01:00,0,0,0,24.861
2019-06-27 02:00,0,0,0,24.737
2019-06-27 03:00,0,0,0.014,24.750
2019-06-27 04:00,0.050,0,0.078,25.547
2019-06-27 05:00,0.155,0.055,0.143,26.433
2019-06-27 06:00,0.324,0.253,0.145,27.818
2019-06-27 07:00,0.498,0.503,0.126,29.472
2019-06-27 08:00,0.615,0.678,0.126,30.593
2019-06-27 09:00,0.689,0.789,0.132,30.692
2019-06-27 10:00,0.675,0.726,0.169,30.329
2019-06-27 11:00,0.622,0.608,0.202,29.949
2019-06-27 12:00,0.617,0.637,0.164,29.670
2019-06-27 13:00,0.552,0.571,0.133,29.339
2019-06-27 14:00,0.421,0.405,0.119,28.908
2019-06-27 15:00,0.259,0.216,0.105,28.385
2019-06-27 16:00,0.098,0.048,0.086,27.624
2019-06-27 17:00,0.021,0,0.044,26.364
2019-06-27 18:00,0,0,0.001,24.970
2019-06-27 19:00,0,0,0,24.381
2019-06-27 20:00,0,0,0,24.051
2019-06-27 21:00,0,0,0,23.821
2019-06-27 22:00,0,0,0,23.692
2019-06-27 23:00,0,0,0,23.446
2019-06-28 00:00,0,0,0,23.269
2019-06-28 01:00,0,0,0,23.148
2019-06-28 02:00,0,0,0,22.966
2019-06-28 03:00,0.001,0,0.017,23.081
2019-06-28 04:00,0.037,0,0.063,24.359
2019-06-28 05:00,0.186,0.149,0.083,25.708
2019-06-28 06:00,0.362,0.347,0.097,27.491
2019-06-28 07:00,0.509,0.535,0.109,29.406
2019-06-28 08:00,0.617,0.687,0.119,30.635
2019-06-28 09:00,0.684,0.787,0.127,31.278
2019-06-28 10:00,0.705,0.813,0.137,31.371
2019-06-28 11:00,0.682,0.765,0.146,31.116
2019-06-28 12:00,0.605,0.624,0.164,30.602
2019-06-28 13:00,0.493,0.446,0.177,29.967
2019-06-28 14:00,0.378,0.312,0.156,29.348
2019-06-28 15:00,0.247,0.186,0.120,28.789
2019-06-28 16:00,0.097,0.041,0.093,28.070
2019-06-28 17:00,0.020,0,0.043,26.997
2019-06-28 18:00,0,0,0.001,25.907
2019-06-28 19:00,0,0,0,25.691
2019-06-28 20:00,0,0,0,25.467
2019-06-28 21:00,0,0,0,25.286
2019-06-28 22:00,0,0,0,25.062
2019-06-28 23:00,0,0,0,24.761
2019-06-29 00:00,0,0,0,24.229
2019-06-29 01:00,0,0,0,23.720
2019-06-29 02:00,0,0,0,23.259
2019-06-29 03:00,0,0,0.016,22.964
2019-06-29 04:00,0.034,0,0.060,24.087
2019-06-29 05:00,0.186,0.157,0.075,25.331
2019-06-29 06:00,0.370,0.368,0.084,26.858
2019-06-29 07:00,0.526,0.572,0.092,28.635
2019-06-29 08:00,0.641,0.740,0.099,29.595
2019-06-29 09:00,0.713,0.852,0.104,30.141
2019-06-29 10:00,0.744,0.903,0.106,30.372
2019-06-29 11:00,0.732,0.884,0.105,30.490
2019-06-29 12:00,0.677,0.797,0.102,30.466
2019-06-29 13:00,0.580,0.652,0.097,30.277
2019-06-29 14:00,0.440,0.461,0.090,29.848
2019-06-29 15:00,0.268,0.251,0.081,29.209
2019-06-29 16:00,0.093,0.059,0.070,28.191
2019-06-29 17:00,0.018,0,0.040,26.610
2019-06-29 18:00,0,0,0.001,25.094
2019-06-29 19:00,0,0,0,24.620
2019-06-29 20:00,0,0,0,24.422
2019-06-29 21:00,0,0,0,24.362
2019-06-29 22:00,0,0,0,24.105
2019-06-29 23:00,0,0,0,23.766
2019-06-30 00:00,0,0,0,23.443
2019-06-30 01:00,0,0,0,23.107
2019-06-30 02:00,0,0,0,22.753
2019-06-30 03:00,0,0,0.016,22.675
2019-06-30 04:00,0.033,0,0.058,23.933
2019-06-30 05:00,0.186,0.158,0.074,25.205
2019-06-30 06:00,0.370,0.368,0.084,26.473
2019-06-30 07:00,0.525,0.569,0.094,28.260
2019-06-30 08:00,0.639,0.732,0.101,29.151
2019-06-30 09:00,0.713,0.843,0.107,29.204
2019-06-30 10:00,0.743,0.889,0.110,29.100
2019-06-30 11:00,0.730,0.867,0.110,28.924
2019-06-30 12:00,0.678,0.784,0.106,28.667
2019-06-30 13:00,0.580,0.640,0.101,28.309
2019-06-30 14:00,0.441,0.454,0.093,27.843
2019-06-30 15:00,0.269,0.247,0.083,27.315
2019-06-30 16:00,0.094,0.058,0.071,26.591
2019-06-30 17:00,0.018,0,0.040,25.285
2019-06-30 18:00,0,0,0,23.763
2019-06-30 19:00,0,0,0,23.160
2019-06-30 20:00,0,0,0,22.865
2019-06-30 21:00,0,0,0,22.799
2019-06-30 22:00,0,0,0,22.816
2019-06-30 23:00,0,0,0,22.809
2019-07-01 00:00,0,0,0,22.701
2019-07-01 01:00,0,0,0,22.564
2019-07-01 02:00,0,0,0,22.515
2019-07-01 03:00,0,0,0.016,22.480
2019-07-01 04:00,0.036,0,0.061,23.838
2019-07-01 05:00,0.184,0.152,0.078,25.228
2019-07-01 06:00,0.365,0.358,0.089,27.117
2019-07-01 07:00,0.519,0.557,0.098,28.897
2019-07-01 08:00,0.633,0.720,0.106,29.850
2019-07-01 09:00,0.704,0.829,0.112,30.010
2019-07-01 10:00,0.735,0.876,0.114,29.936
2019-07-01 11:00,0.723,0.856,0.114,29.785
2019-07-01 12:00,0.670,0.771,0.111,29.568
2019-07-01 13:00,0.571,0.625,0.107,29.254
2019-07-01 14:00,0.433,0.438,0.100,28.769
2019-07-01 15:00,0.263,0.234,0.091,28.184
2019-07-01 16:00,0.095,0.053,0.078,27.354
2019-07-01 17:00,0.019,0,0.041,25.894
2019-07-01 18:00,0,0,0,24.336
2019-07-01 19:00,0,0,0,23.705
2019-07-01 20:00,0,0,0,23.408
2019-07-01 21:00,0,0,0,23.240
2019-07-01 22:00,0,0,0,23.219
2019-07-01 23:00,0,0,0,23.207
2019-07-02 00:00,0,0,0,23.164
2019-07-02 01:00,0,0,0,22.997
2019-07-02 02:00,0,0,0,22.804
2019-07-02 03:00,0,0,0.016,22.587
2019-07-02 04:00,0.037,0,0.063,23.327
2019-07-02 05:00,0.184,0.148,0.080,24.623
2019-07-02 06:00,0.365,0.355,0.090,26.206
2019-07-02 07:00,0.521,0.554,0.099,27.673
2019-07-02 08:00,0.634,0.718,0.106,28.972
2019-07-02 09:00,0.709,0.837,0.110,29.775
2019-07-02 10:00,0.738,0.884,0.112,30.091
2019-07-02 11:00,0.725,0.864,0.112,30.168
2019-07-02 12:00,0.671,0.777,0.109,29.999
2019-07-02 13:00,0.574,0.632,0.104,29.643
2019-07-02 14:00,0.435,0.445,0.098,29.117
2019-07-02 15:00,0.265,0.239,0.089,28.487
2019-07-02 16:00,0.095,0.054,0.076,27.622
2019-07-02 17:00,0.018,0,0.041,26.271
2019-07-02 18:00,0,0,0,24.866
2019-07-02 19:00,0,0,0,24.262
2019-07-02 20:00,0,0,0,23.953
2019-07-02 21:00,0,0,0,23.793
2019-07-02 22:00,0,0,0,23.854
2019-07-02 23:00,0,0,0,23.957
2019-07-03 00:00,0,0,0,23.943
2019-07-03 01:00,0,0,0,24.132
2019-07-03 02:00,0,0,0,24.184
2019-07-03 03:00,0,0,0.015,24.144
2019-07-03 04:00,0.037,0,0.063,24.983
2019-07-03 05:00,0.182,0.147,0.081,26.321
2019-07-03 06:00,0.360,0.351,0.092,28.049
2019-07-03 07:00,0.512,0.549,0.101,30.234
2019-07-03 08:00,0.624,0.713,0.109,31.646
2019-07-03 09:00,0.695,0.824,0.114,31.954
2019-07-03 10:00,0.725,0.870,0.117,31.879
2019-07-03 11:00,0.714,0.849,0.117,31.614
2019-07-03 12:00,0.661,0.763,0.114,31.198
2019-07-03 13:00,0.565,0.620,0.109,30.678
2019-07-03 14:00,0.428,0.433,0.103,30.030
2019-07-03 15:00,0.260,0.230,0.094,29.303
2019-07-03 16:00,0.095,0.052,0.079,28.375
2019-07-03 17:00,0.018,0,0.041,27.082
2019-07-03 18:00,0,0,0,25.570
2019-07-03 19:00,0,0,0,24.900
2019-07-03 20:00,0,0,0,24.448
2019-07-03 21:00,0,0,0,24.191
2019-07-03 22:00,0,0,0,24.069
2019-07-03 23:00,0,0,0,23.982
2019-07-04 00:00,0,0,0,23.980
2019-07-04 01:00,0,0,0,24.091
2019-07-04 02:00,0,0,0,24.193
2019-07-04 03:00,0,0,0.015,24.225
2019-07-04 04:00,0.042,0,0.069,25.171
2019-07-04 05:00,0.178,0.130,0.094,26.621
2019-07-04 06:00,0.346,0.318,0.109,28.699
2019-07-04 07:00,0.492,0.501,0.121,30.091
2019-07-04 08:00,0.601,0.651,0.131,30.745
2019-07-04 09:00,0.672,0.758,0.137,31.015
2019-07-04 10:00,0.701,0.802,0.140,31.053
2019-07-04 11:00,0.690,0.784,0.139,31.013
2019-07-04 12:00,0.639,0.707,0.135,30.932
2019-07-04 13:00,0.549,0.580,0.125,30.730
2019-07-04 14:00,0.419,0.411,0.114,30.303
2019-07-04 15:00,0.257,0.218,0.102,29.635
2019-07-04 16:00,0.097,0.047,0.086,28.696
2019-07-04 17:00,0.019,0,0.041,27.296
2019-07-04 18:00,0,0,0,25.777
2019-07-04 19:00,0,0,0,25.147
2019-07-04 20:00,0,0,0,24.672
2019-07-04 21:00,0,0,0,24.323
2019-07-04 22:00,0,0,0,24.156
2019-07-04 23:00,0,0,0,24.111
2019-07-05 00:00,0,0,0,24.031
2019-07-05 01:00,0,0,0,23.999
2019-07-05 02:00,0,0,0,24.068
2019-07-05 03:00,0,0,0.010,24.227
2019-07-05 04:00,0.036,0,0.061,25.048
2019-07-05 05:00,0.109,0.012,0.133,26.032
2019-07-05 06:00,0.223,0.061,0.215,27.120
2019-07-05 07:00,0.373,0.206,0.254,27.999
2019-07-05 08:00,0.518,0.418,0.236,28.935
2019-07-05 09:00,0.613,0.581,0.215,29.601
2019-07-05 10:00,0.662,0.674,0.198,29.897
2019-07-05 11:00,0.660,0.681,0.188,29.921
2019-07-05 12:00,0.619,0.632,0.173,29.748
2019-07-05 13:00,0.538,0.530,0.155,29.471
2019-07-05 14:00,0.414,0.377,0.137,29.023
2019-07-05 15:00,0.257,0.199,0.120,28.456
2019-07-05 16:00,0.102,0.042,0.096,27.729
2019-07-05 17:00,0.020,0,0.043,26.718
2019-07-05 18:00,0,0,0,25.324
2019-07-05 19:00,0,0,0,24.711
2019-07-05 20:00,0,0,0,24.322
2019-07-05 21:00,0,0,0,24.041
2019-07-05 22:00,0,0,0,23.798
2019-07-05 23:00,0,0,0,23.571
2019-07-06 00:00,0,0,0,23.345
2019-07-06 01:00,0,0,0,23.187
2019-07-06 02:00,0,0,0,23.110
2019-07-06 03:00,0,0,0.015,23.107
2019-07-06 04:00,0.037,0,0.063,24.218
2019-07-06 05:00,0.181,0.145,0.081,25.736
2019-07-06 06:00,0.360,0.348,0.093,27.348
2019-07-06 07:00,0.514,0.544,0.103,28.648
2019-07-06 08:00,0.627,0.706,0.110,29.721
2019-07-06 09:00,0.700,0.822,0.114,30.338
2019-07-06 10:00,0.729,0.867,0.118,30.510
2019-07-06 11:00,0.717,0.846,0.118,30.459
2019-07-06 12:00,0.664,0.764,0.114,30.310
2019-07-06 13:00,0.570,0.626,0.107,30.108
2019-07-06 14:00,0.434,0.444,0.098,29.778
2019-07-06 15:00,0.264,0.240,0.088,29.380
2019-07-06 16:00,0.094,0.057,0.074,28.787
2019-07-06 17:00,0.017,0,0.039,27.593
2019-07-06 18:00,0,0,0,26.085
2019-07-06 19:00,0,0,0,25.860
2019-07-06 20:00,0,0,0,25.680
2019-07-06 21:00,0,0,0,25.415
2019-07-06 22:00,0,0,0,25.279
2019-07-06 23:00,0,0,0,25.310
2019-07-07 00:00,0,0,0,25.241
2019-07-07 01:00,0,0,0,25.033
2019-07-07 02:00,0,0,0,24.885
2019-07-07 03:00,0,0,0.015,24.468
2019-07-07 04:00,0.035,0,0.061,25.128
2019-07-07 05:00,0.181,0.148,0.079,26.682
2019-07-07 06:00,0.361,0.356,0.090,28.733
2019-07-07 07:00,0.513,0.555,0.099,30.833
2019-07-07 08:00,0.626,0.720,0.106,31.811
2019-07-07 09:00,0.703,0.842,0.109,31.957
2019-07-07 10:00,0.733,0.888,0.112,31.765
2019-07-07 11:00,0.720,0.862,0.114,31.582
2019-07-07 12:00,0.660,0.763,0.115,31.462
2019-07-07 13:00,0.558,0.607,0.113,31.269
2019-07-07 14:00,0.428,0.437,0.102,31.021
2019-07-07 15:00,0.257,0.225,0.097,30.970
2019-07-07 16:00,0.094,0.044,0.087,30.486
2019-07-07 17:00,0.017,0,0.040,28.821
2019-07-07 18:00,0,0,0,27.210
2019-07-07 19:00,0,0,0,26.669
2019-07-07 20:00,0,0,0,26.224
2019-07-07 21:00,0,0,0,25.893
2019-07-07 22:00,0,0,0,25.531
2019-07-07 23:00,0,0,0,25.205
2019-07-08 00:00,0,0,0,25.028
2019-07-08 01:00,0,0,0,25.070
2019-07-08 02:00,0,0,0,25.175
2019-07-08 03:00,0,0,0.011,25.232
2019-07-08 04:00,0.046,0,0.074,26.104
2019-07-08 05:00,0.160,0.067,0.138,26.941
2019-07-08 06:00,0.324,0.251,0.146,27.722
2019-07-08 07:00,0.479,0.452,0.146,28.363
2019-07-08 08:00,0.593,0.612,0.151,29.042
2019-07-08 09:00,0.669,0.729,0.153,29.714
2019-07-08 10:00,0.695,0.767,0.158,30.141
2019-07-08 11:00,0.666,0.708,0.173,30.331
2019-07-08 12:00,0.570,0.529,0.205,30.164
2019-07-08 13:00,0.493,0.436,0.186,29.900
2019-07-08 14:00,0.405,0.364,0.139,29.613
2019-07-08 15:00,0.255,0.203,0.114,29.246
2019-07-08 16:00,0.098,0.043,0.092,28.674
2019-07-08 17:00,0.018,0,0.041,27.689
2019-07-08 18:00,0,0,0,26.344
2019-07-08 19:00,0,0,0,26.021
2019-07-08 20:00,0,0,0,25.864
2019-07-08 21:00,0,0,0,25.637
2019-07-08 22:00,0,0,0,25.669
2019-07-08 23:00,0,0,0,25.850
2019-07-09 00:00,0,0,0,26.015
2019-07-09 01:00,0,0,0,26.194
2019-07-09 02:00,0,0,0,26.212
2019-07-09 03:00,0,0,0.012,26.181
2019-07-09 04:00,0.050,0,0.079,26.724
2019-07-09 05:00,0.164,0.081,0.128,27.867
2019-07-09 06:00,0.314,0.239,0.150,29.293
2019-07-09 07:00,0.463,0.426,0.156,29.965
2019-07-09 08:00,0.582,0.596,0.156,30.290
2019-07-09 09:00,0.669,0.738,0.149,30.573
2019-07-09 10:00,0.701,0.790,0.150,30.652
2019-07-09 11:00,0.690,0.772,0.149,30.601
2019-07-09 12:00,0.637,0.691,0.146,30.614
2019-07-09 13:00,0.539,0.549,0.143,30.703
2019-07-09 14:00,0.391,0.338,0.150,30.639
2019-07-09 15:00,0.222,0.130,0.150,30.214
2019-07-09 16:00,0.096,0.029,0.104,29.428
2019-07-09 17:00,0.018,0,0.040,28.155
2019-07-09 18:00,0,0,0,26.595
2019-07-09 19:00,0,0,0,25.907
2019-07-09 20:00,0,0,0,25.477
2019-07-09 21:00,0,0,0,25.209
2019-07-09 22:00,0,0,0,25.115
2019-07-09 23:00,0,0,0,25.149
2019-07-10 00:00,0,0,0,25.100
2019-07-10 01:00,0,0,0,24.932
2019-07-10 02:00,0,0,0,24.827
2019-07-10 03:00,0,0,0.014,24.957
2019-07-10 04:00,0.038,0,0.064,25.677
2019-07-10 05:00,0.084,0.005,0.112,26.228
2019-07-10 06:00,0.272,0.101,0.233,27.265
2019-07-10 07:00,0.392,0.205,0.280,28.552
2019-07-10 08:00,0.324,0.075,0.326,28.845
2019-07-10 09:00,0.260,0.032,0.288,27.721
2019-07-10 10:00,0.445,0.151,0.401,27.961
2019-07-10 11:00,0.397,0.117,0.373,28.332
2019-07-10 12:00,0.450,0.208,0.353,28.998
2019-07-10 13:00,0.428,0.237,0.297,29.494
2019-07-10 14:00,0.314,0.130,0.258,29.175
2019-07-10 15:00,0.168,0.029,0.185,28.555
2019-07-10 16:00,0.055,0.002,0.083,27.848
2019-07-10 17:00,0.006,0,0.025,26.878
2019-07-10 18:00,0,0,0,26.249
2019-07-10 19:00,0,0,0,25.411
2019-07-10 20:00,0,0,0,24.600
2019-07-10 21:00,0,0,0,23.974
2019-07-10 22:00,0,0,0,23.267
2019-07-10 23:00,0,0,0,22.605
2019-07-11 00:00,0,0,0,21.766
2019-07-11 01:00,0,0,0,20.947
2019-07-11 02:00,0,0,0,20.180
2019-07-11 03:00,0,0,0.013,19.570
2019-07-11 04:00,0.038,0,0.064,20.031
2019-07-11 05:00,0.183,0.146,0.078,20.940
2019-07-11 06:00,0.376,0.366,0.084,22.454
2019-07-11 07:00,0.542,0.580,0.090,24.205
2019-07-11 08:00,0.664,0.757,0.095,25.498
2019-07-11 09:00,0.740,0.880,0.098,26.351
2019-07-11 10:00,0.770,0.930,0.100,26.839
2019-07-11 11:00,0.757,0.910,0.100,27.001
2019-07-11 12:00,0.701,0.820,0.097,26.827
2019-07-11 13:00,0.601,0.669,0.093,26.241
2019-07-11 14:00,0.458,0.475,0.086,25.329
2019-07-11 15:00,0.278,0.258,0.079,24.394
2019-07-11 16:00,0.095,0.053,0.076,23.541
2019-07-11 17:00,0.015,0,0.036,22.609
2019-07-11 18:00,0,0,0,21.418
2019-07-11 19:00,0,0,0,21.248
2019-07-11 20:00,0,0,0,21.255
2019-07-11 21:00,0,0,0,21.263
2019-07-11 22:00,0,0,0,21.026
2019-07-11 23:00,0,0,0,20.772
2019-07-12 00:00,0,0,0,20.736
2019-07-12 01:00,0,0,0,20.751
2019-07-12 02:00,0,0,0,20.797
2019-07-12 03:00,0,0,0.013,21.001
2019-07-12 04:00,0.038,0,0.064,21.920
2019-07-12 05:00,0.184,0.142,0.085,23.042
2019-07-12 06:00,0.369,0.348,0.097,24.239
2019-07-12 07:00,0.527,0.547,0.107,25.381
2019-07-12 08:00,0.645,0.712,0.115,26.290
2019-07-12 09:00,0.721,0.831,0.118,26.792
2019-07-12 10:00,0.752,0.878,0.121,26.876
2019-07-12 11:00,0.740,0.858,0.121,26.707
2019-07-12 12:00,0.685,0.769,0.120,26.432
2019-07-12 13:00,0.559,0.566,0.135,26.043
2019-07-12 14:00,0.397,0.327,0.157,25.544
2019-07-12 15:00,0.189,0.061,0.174,24.806
2019-07-12 16:00,0.051,0.003,0.076,23.887
2019-07-12 17:00,0.005,0,0.022,23.034
2019-07-12 18:00,0,0,0,22.276
2019-07-12 19:00,0,0,0,21.780
2019-07-12 20:00,0,0,0,21.363
2019-07-12 21:00,0,0,0,21.105
2019-07-12 22:00,0,0,0,20.969
2019-07-12 23:00,0,0,0,20.868
2019-07-13 00:00,0,0,0,20.790
2019-07-13 01:00,0,0,0,20.749
2019-07-13 02:00,0,0,0,20.737
2019-07-13 03:00,0,0,0.013,20.674
2019-07-13 04:00,0.038,0,0.063,21.686
2019-07-13 05:00,0.182,0.142,0.083,23.114
2019-07-13 06:00,0.365,0.346,0.096,24.657
2019-07-13 07:00,0.523,0.544,0.106,25.765
2019-07-13 08:00,0.639,0.703,0.116,26.363
2019-07-13 09:00,0.713,0.814,0.122,26.711
2019-07-13 10:00,0.735,0.842,0.130,26.825
2019-07-13 11:00,0.716,0.804,0.136,26.741
2019-07-13 12:00,0.648,0.692,0.142,26.564
2019-07-13 13:00,0.543,0.536,0.144,26.346
2019-07-13 14:00,0.400,0.346,0.143,26.016
2019-07-13 15:00,0.235,0.149,0.138,25.517
2019-07-13 16:00,0.094,0.025,0.103,24.839
2019-07-13 17:00,0.013,0,0.034,23.978
2019-07-13 18:00,0,0,0,22.987
2019-07-13 19:00,0,0,0,22.527
2019-07-13 20:00,0,0,0,22.164
2019-07-13 21:00,0,0,0,21.862
2019-07-13 22:00,0,0,0,21.707
2019-07-13 23:00,0,0,0,21.552
2019-07-14 00:00,0,0,0,21.402
2019-07-14 01:00,0,0,0,21.358
2019-07-14 02:00,0,0,0,21.494
2019-07-14 03:00,0,0,0.009,21.347
2019-07-14 04:00,0.046,0,0.073,21.791
2019-07-14 05:00,0.165,0.083,0.122,22.445
2019-07-14 06:00,0.353,0.311,0.112,23.268
2019-07-14 07:00,0.523,0.538,0.108,24.515
2019-07-14 08:00,0.643,0.708,0.113,25.502
2019-07-14 09:00,0.720,0.826,0.117,26.109
2019-07-14 10:00,0.752,0.877,0.119,26.344
2019-07-14 11:00,0.740,0.858,0.118,26.283
2019-07-14 12:00,0.685,0.773,0.115,25.984
2019-07-14 13:00,0.587,0.629,0.109,25.546
2019-07-14 14:00,0.445,0.443,0.101,25.053
2019-07-14 15:00,0.271,0.238,0.091,24.568
2019-07-14 16:00,0.097,0.055,0.076,24.020
2019-07-14 17:00,0.015,0,0.036,23.113
2019-07-14 18:00,0,0,0,21.834
2019-07-14 19:00,0,0,0,21.466
2019-07-14 20:00,0,0,0,21.326
2019-07-14 21:00,0,0,0,21.275
2019-07-14 22:00,0,0,0,21.258
2019-07-14 23:00,0,0,0,21.243
2019-07-15 00:00,0,0,0,21.187
2019-07-15 01:00,0,0,0,21.158
2019-07-15 02:00,0,0,0,20.948
2019-07-15 03:00,0,0,0.012,20.421
2019-07-15 04:00,0.040,0,0.065,21.697
2019-07-15 05:00,0.179,0.123,0.099,23.325
2019-07-15 06:00,0.292,0.185,0.169,24.784
2019-07-15 07:00,0.432,0.339,0.190,25.662
2019-07-15 08:00,0.581,0.563,0.170,26.416
2019-07-15 09:00,0.647,0.656,0.177,26.825
2019-07-15 10:00,0.678,0.702,0.179,26.982
2019-07-15 11:00,0.685,0.729,0.164,27.046
2019-07-15 12:00,0.635,0.659,0.157,26.918
2019-07-15 13:00,0.531,0.507,0.157,26.575
2019-07-15 14:00,0.404,0.351,0.142,26.141
2019-07-15 15:00,0.250,0.185,0.121,25.677
2019-07-15 16:00,0.097,0.039,0.093,25.103
2019-07-15 17:00,0.015,0,0.036,24.035
2019-07-15 18:00,0,0,0,22.855
2019-07-15 19:00,0,0,0,22.616
2019-07-15 20:00,0,0,0,22.507
2019-07-15 21:00,0,0,0,22.504
2019-07-15 22:00,0,0,0,22.529
2019-07-15 23:00,0,0,0,22.523
2019-07-16 00:00,0,0,0,22.425
2019-07-16 01:00,0,0,0,22.335
2019-07-16 02:00,0,0,0,22.204
2019-07-16 03:00,0,0,0.005,21.896
2019-07-16 04:00,0.017,0,0.039,21.888
2019-07-16 05:00,0.062,0.002,0.089,22.061
2019-07-16 06:00,0.112,0.005,0.141,22.255
2019-07-16 07:00,0.167,0.010,0.198,22.664
2019-07-16 08:00,0.210,0.014,0.243,22.986
2019-07-16 09:00,0.226,0.015,0.259,22.967
2019-07-16 10:00,0.264,0.022,0.296,22.808
2019-07-16 11:00,0.318,0.039,0.342,22.886
2019-07-16 12:00,0.322,0.048,0.338,23.011
2019-07-16 13:00,0.306,0.053,0.314,23.014
2019-07-16 14:00,0.240,0.036,0.254,22.898
2019-07-16 15:00,0.134,0.011,0.160,22.750
2019-07-16 16:00,0.052,0.001,0.078,22.469
2019-07-16 17:00,0,0,0.016,21.912
2019-07-16 18:00,0,0,0,21.542
2019-07-16 19:00,0,0,0,21.334
2019-07-16 20:00,0,0,0,21.135
2019-07-16 21:00,0,0,0,20.988
2019-07-16 22:00,0,0,0,20.896
2019-07-16 23:00,0,0,0,20.758
2019-07-17 00:00,0,0,0,20.470
2019-07-17 01:00,0,0,0,20.059
2019-07-17 02:00,0,0,0,19.781
2019-07-17 03:00,0,0,0.011,19.670
2019-07-17 04:00,0.038,0,0.063,20.838
2019-07-17 05:00,0.178,0.135,0.085,22.140
2019-07-17 06:00,0.361,0.340,0.096,24.181
2019-07-17 07:00,0.524,0.548,0.103,25.706
2019-07-17 08:00,0.642,0.717,0.109,26.793
2019-07-17 09:00,0.718,0.836,0.113,27.634
2019-07-17 10:00,0.745,0.878,0.118,27.937
2019-07-17 11:00,0.705,0.795,0.135,27.921
2019-07-17 12:00,0.648,0.705,0.134,27.676
2019-07-17 13:00,0.573,0.612,0.114,27.192
2019-07-17 14:00,0.435,0.430,0.105,26.383
2019-07-17 15:00,0.264,0.228,0.094,25.437
2019-07-17 16:00,0.095,0.053,0.076,24.474
2019-07-17 17:00,0.013,0,0.034,23.279
2019-07-17 18:00,0,0,0,21.977
2019-07-17 19:00,0,0,0,21.437
2019-07-17 20:00,0,0,0,21.200
2019-07-17 21:00,0,0,0,21.119
2019-07-17 22:00,0,0,0,21.161
2019-07-17 23:00,0,0,0,21.100
2019-07-18 00:00,0,0,0,20.980
2019-07-18 01:00,0,0,0,20.867
2019-07-18 02:00,0,0,0,20.813
2019-07-18 03:00,0,0,0.011,20.755
2019-07-18 04:00,0.036,0,0.061,21.633
2019-07-18 05:00,0.179,0.139,0.082,23.041
2019-07-18 06:00,0.364,0.347,0.093,24.831
2019-07-18 07:00,0.523,0.549,0.103,26.318
2019-07-18 08:00,0.639,0.711,0.111,27.163
2019-07-18 09:00,0.714,0.826,0.117,27.538
2019-07-18 10:00,0.739,0.859,0.124,27.617
2019-07-18 11:00,0.704,0.785,0.140,27.436
2019-07-18 12:00,0.627,0.651,0.153,27.126
2019-07-18 13:00,0.537,0.529,0.144,26.833
2019-07-18 14:00,0.409,0.373,0.128,26.506
2019-07-18 15:00,0.257,0.212,0.103,26.244
2019-07-18 16:00,0.095,0.051,0.078,25.800
2019-07-18 17:00,0.013,0,0.034,24.612
2019-07-18 18:00,0,0,0,23.561
2019-07-18 19:00,0,0,0,23.272
2019-07-18 20:00,0,0,0,23.190
2019-07-18 21:00,0,0,0,23.077
2019-07-18 22:00,0,0,0,22.920
2019-07-18 23:00,0,0,0,22.675
2019-07-19 00:00,0,0,0,22.495
2019-07-19 01:00,0,0,0,22.294
2019-07-19 02:00,0,0,0,22.086
2019-07-19 03:00,0,0,0.010,21.875
2019-07-19 04:00,0.043,0,0.069,22.219
2019-07-19 05:00,0.171,0.109,0.104,23.376
2019-07-19 06:00,0.336,0.281,0.126,24.876
2019-07-19 07:00,0.481,0.450,0.143,25.974
2019-07-19 08:00,0.589,0.591,0.156,26.845
2019-07-19 09:00,0.663,0.698,0.162,27.403
2019-07-19 10:00,0.688,0.732,0.168,27.610
2019-07-19 11:00,0.680,0.723,0.165,27.649
2019-07-19 12:00,0.633,0.660,0.156,27.558
2019-07-19 13:00,0.537,0.526,0.149,27.291
2019-07-19 14:00,0.407,0.365,0.135,26.915
2019-07-19 15:00,0.250,0.192,0.115,26.473
2019-07-19 16:00,0.095,0.042,0.087,25.891
2019-07-19 17:00,0.013,0,0.033,24.719
2019-07-19 18:00,0,0,0,23.573
2019-07-19 19:00,0,0,0,23.217
2019-07-19 20:00,0,0,0,22.967
2019-07-19 21:00,0,0,0,22.725
2019-07-19 22:00,0,0,0,22.481
2019-07-19 23:00,0,0,0,22.271
2019-07-20 00:00,0,0,0,22.050
2019-07-20 01:00,0,0,0,21.807
2019-07-20 02:00,0,0,0,21.576
2019-07-20 03:00,0,0,0.010,21.388
2019-07-20 04:00,0.038,0,0.063,22.278
2019-07-20 05:00,0.174,0.129,0.088,23.637
2019-07-20 06:00,0.355,0.332,0.100,25.479
2019-07-20 07:00,0.513,0.532,0.108,26.806
2019-07-20 08:00,0.631,0.700,0.115,27.816
2019-07-20 09:00,0.713,0.830,0.116,28.414
2019-07-20 10:00,0.740,0.870,0.120,28.622
2019-07-20 11:00,0.726,0.846,0.121,28.578
2019-07-20 12:00,0.665,0.746,0.122,28.321
2019-07-20 13:00,0.565,0.598,0.119,27.948
2019-07-20 14:00,0.428,0.420,0.109,27.514
2019-07-20 15:00,0.263,0.230,0.093,27.048
2019-07-20 16:00,0.093,0.052,0.076,26.361
2019-07-20 17:00,0.012,0,0.032,24.982
2019-07-20 18:00,0,0,0,23.735
2019-07-20 19:00,0,0,0,23.472
2019-07-20 20:00,0,0,0,23.305
2019-07-20 21:00,0,0,0,23.102
2019-07-20 22:00,0,0,0,22.932
2019-07-20 23:00,0,0,0,22.776
2019-07-21 00:00,0,0,0,22.644
2019-07-21 01:00,0,0,0,22.422
2019-07-21 02:00,0,0,0,22.226
2019-07-21 03:00,0,0,0.009,21.961
2019-07-21 04:00,0.035,0,0.060,22.705
2019-07-21 05:00,0.175,0.136,0.082,24.144
2019-07-21 06:00,0.360,0.345,0.093,25.835
2019-07-21 07:00,0.518,0.548,0.102,27.463
2019-07-21 08:00,0.635,0.714,0.109,28.576
2019-07-21 09:00,0.712,0.835,0.113,29.091
2019-07-21 10:00,0.742,0.883,0.115,29.181
2019-07-21 11:00,0.730,0.862,0.116,29.070
2019-07-21 12:00,0.675,0.773,0.113,28.874
2019-07-21 13:00,0.577,0.631,0.107,28.597
2019-07-21 14:00,0.438,0.446,0.098,28.176
2019-07-21 15:00,0.265,0.240,0.087,27.624
2019-07-21 16:00,0.092,0.054,0.072,26.878
2019-07-21 17:00,0.011,0,0.031,25.380
2019-07-21 18:00,0,0,0,24.034
2019-07-21 19:00,0,0,0,23.687
2019-07-21 20:00,0,0,0,23.438
2019-07-21 21:00,0,0,0,23.210
2019-07-21 22:00,0,0,0,23.096
2019-07-21 23:00,0,0,0,22.958
2019-07-22 00:00,0,0,0,22.743
2019-07-22 01:00,0,0,0,22.525
2019-07-22 02:00,0,0,0,22.299
2019-07-22 03:00,0,0,0.008,22.132
2019-07-22 04:00,0.038,0,0.063,23.139
2019-07-22 05:00,0.170,0.124,0.088,24.710
2019-07-22 06:00,0.357,0.342,0.093,26.508
2019-07-22 07:00,0.515,0.545,0.101,28.096
2019-07-22 08:00,0.631,0.713,0.108,29.561
2019-07-22 09:00,0.706,0.833,0.112,30.337
2019-07-22 10:00,0.735,0.881,0.115,30.570
2019-07-22 11:00,0.724,0.860,0.115,30.459
2019-07-22 12:00,0.669,0.772,0.112,30.174
2019-07-22 13:00,0.571,0.626,0.107,29.753
2019-07-22 14:00,0.427,0.428,0.103,29.133
2019-07-22 15:00,0.255,0.221,0.095,28.392
2019-07-22 16:00,0.090,0.047,0.078,27.450
2019-07-22 17:00,0.008,0,0.028,26.044
2019-07-22 18:00,0,0,0,24.765
2019-07-22 19:00,0,0,0,24.264
2019-07-22 20:00,0,0,0,23.911
2019-07-22 21:00,0,0,0,23.799
2019-07-22 22:00,0,0,0,23.743
2019-07-22 23:00,0,0,0,23.688
2019-07-23 00:00,0,0,0,23.625
2019-07-23 01:00,0,0,0,23.650
2019-07-23 02:00,0,0,0,23.701
2019-07-23 03:00,0,0,0.008,23.673
2019-07-23 04:00,0.037,0,0.064,24.868
2019-07-23 05:00,0.167,0.119,0.093,26.295
2019-07-23 06:00,0.342,0.315,0.105,28.160
2019-07-23 07:00,0.494,0.510,0.115,30.124
2019-07-23 08:00,0.605,0.665,0.125,31.082
2019-07-23 09:00,0.685,0.791,0.126,31.351
2019-07-23 10:00,0.720,0.847,0.126,31.215
2019-07-23 11:00,0.707,0.822,0.129,30.905
2019-07-23 12:00,0.633,0.691,0.139,30.369
2019-07-23 13:00,0.542,0.560,0.131,29.695
2019-07-23 14:00,0.414,0.398,0.116,28.903
2019-07-23 15:00,0.254,0.214,0.099,28.054
2019-07-23 16:00,0.090,0.047,0.078,27.027
2019-07-23 17:00,0.008,0,0.028,25.746
2019-07-23 18:00,0,0,0,24.639
2019-07-23 19:00,0,0,0,24.052
2019-07-23 20:00,0,0,0,23.733
2019-07-23 21:00,0,0,0,23.673
2019-07-23 22:00,0,0,0,23.557
2019-07-23 23:00,0,0,0,23.496
2019-07-24 00:00,0,0,0,23.530
2019-07-24 01:00,0,0,0,23.624
2019-07-24 02:00,0,0,0,23.632
2019-07-24 03:00,0,0,0.008,23.615
2019-07-24 04:00,0.030,0,0.055,24.865
2019-07-24 05:00,0.173,0.143,0.075,26.506
2019-07-24 06:00,0.359,0.356,0.086,28.158
2019-07-24 07:00,0.517,0.560,0.095,29.461
2019-07-24 08:00,0.635,0.728,0.103,30.198
2019-07-24 09:00,0.707,0.839,0.109,30.527
2019-07-24 10:00,0.738,0.888,0.112,30.612
2019-07-24 11:00,0.726,0.867,0.112,30.467
2019-07-24 12:00,0.670,0.775,0.110,30.136
2019-07-24 13:00,0.570,0.626,0.106,29.687
2019-07-24 14:00,0.429,0.436,0.099,29.180
2019-07-24 15:00,0.255,0.225,0.092,28.559
2019-07-24 16:00,0.088,0.048,0.075,27.628
2019-07-24 17:00,0.007,0,0.026,26.321
2019-07-24 18:00,0,0,0,25.361
2019-07-24 19:00,0,0,0,24.955
2019-07-24 20:00,0,0,0,24.504
2019-07-24 21:00,0,0,0,24.331
2019-07-24 22:00,0,0,0,24.400
2019-07-24 23:00,0,0,0,24.457
2019-07-25 00:00,0,0,0,24.435
2019-07-25 01:00,0,0,0,24.372
2019-07-25 02:00,0,0,0,24.296
2019-07-25 03:00,0,0,0.007,24.202
2019-07-25 04:00,0.029,0,0.053,25.205
2019-07-25 05:00,0.172,0.145,0.073,26.664
2019-07-25 06:00,0.359,0.359,0.084,28.634
2019-07-25 07:00,0.518,0.563,0.094,29.675
2019-07-25 08:00,0.637,0.731,0.102,30.006
2019-07-25 09:00,0.711,0.846,0.107,30.122
2019-07-25 10:00,0.742,0.894,0.110,30.023
2019-07-25 11:00,0.731,0.873,0.110,29.782
2019-07-25 12:00,0.676,0.785,0.107,29.443
2019-07-25 13:00,0.577,0.638,0.102,29.041
2019-07-25 14:00,0.435,0.446,0.095,28.574
2019-07-25 15:00,0.261,0.238,0.085,28.155
2019-07-25 16:00,0.088,0.053,0.070,27.690
2019-07-25 17:00,0.006,0,0.025,26.593
2019-07-25 18:00,0,0,0,25.499
2019-07-25 19:00,0,0,0,25.109
2019-07-25 20:00,0,0,0,24.807
2019-07-25 21:00,0,0,0,24.661
2019-07-25 22:00,0,0,0,24.677
2019-07-25 23:00,0,0,0,24.762
2019-07-26 00:00,0,0,0,24.853
2019-07-26 01:00,0,0,0,24.636
2019-07-26 02:00,0,0,0,24.385
2019-07-26 03:00,0,0,0.007,24.071
2019-07-26 04:00,0.030,0,0.055,24.425
2019-07-26 05:00,0.172,0.140,0.076,25.747
2019-07-26 06:00,0.358,0.353,0.087,27.434
2019-07-26 07:00,0.518,0.558,0.096,28.823
2019-07-26 08:00,0.637,0.727,0.104,29.447
2019-07-26 09:00,0.710,0.840,0.109,29.688
2019-07-26 10:00,0.741,0.888,0.112,29.726
2019-07-26 11:00,0.729,0.866,0.112,29.637
2019-07-26 12:00,0.672,0.777,0.110,29.518
2019-07-26 13:00,0.574,0.632,0.104,29.353
2019-07-26 14:00,0.433,0.444,0.096,29.105
2019-07-26 15:00,0.260,0.237,0.085,28.805
2019-07-26 16:00,0.087,0.053,0.069,28.338
2019-07-26 17:00,0.006,0,0.025,27.210
2019-07-26 18:00,0,0,0,26.398
2019-07-26 19:00,0,0,0,26.266
2019-07-26 20:00,0,0,0,25.980
2019-07-26 21:00,0,0,0,25.486
2019-07-26 22:00,0,0,0,25.044
2019-07-26 23:00,0,0,0,24.575
2019-07-27 00:00,0,0,0,24.121
2019-07-27 01:00,0,0,0,23.802
2019-07-27 02:00,0,0,0,23.480
2019-07-27 03:00,0,0,0.007,23.185
2019-07-27 04:00,0.032,0,0.056,23.928
2019-07-27 05:00,0.170,0.134,0.079,25.461
2019-07-27 06:00,0.355,0.344,0.090,27.212
2019-07-27 07:00,0.513,0.548,0.100,29.063
2019-07-27 08:00,0.630,0.717,0.107,30.060
2019-07-27 09:00,0.708,0.839,0.110,30.353
2019-07-27 10:00,0.739,0.888,0.113,30.370
2019-07-27 11:00,0.727,0.867,0.113,30.281
2019-07-27 12:00,0.671,0.778,0.110,30.091
2019-07-27 13:00,0.575,0.637,0.103,29.829
2019-07-27 14:00,0.436,0.450,0.094,29.408
2019-07-27 15:00,0.260,0.238,0.084,28.853
2019-07-27 16:00,0.087,0.052,0.069,28.107
2019-07-27 17:00,0.005,0,0.024,26.686
2019-07-27 18:00,0,0,0,25.356
2019-07-27 19:00,0,0,0,24.846
2019-07-27 20:00,0,0,0,24.465
2019-07-27 21:00,0,0,0,24.509
2019-07-27 22:00,0,0,0,24.577
2019-07-27 23:00,0,0,0,24.333
2019-07-28 00:00,0,0,0,24.180
2019-07-28 01:00,0,0,0,24.307
2019-07-28 02:00,0,0,0,24.270
2019-07-28 03:00,0,0,0.005,24.095
2019-07-28 04:00,0.029,0,0.054,24.796
2019-07-28 05:00,0.135,0.039,0.136,25.935
2019-07-28 06:00,0.295,0.192,0.169,27.241
2019-07-28 07:00,0.422,0.329,0.195,28.460
2019-07-28 08:00,0.527,0.460,0.208,29.228
2019-07-28 09:00,0.656,0.691,0.171,29.771
2019-07-28 10:00,0.691,0.751,0.168,29.959
2019-07-28 11:00,0.665,0.697,0.178,29.741
2019-07-28 12:00,0.614,0.622,0.174,29.306
2019-07-28 13:00,0.520,0.492,0.165,28.707
2019-07-28 14:00,0.393,0.335,0.149,27.926
2019-07-28 15:00,0.234,0.158,0.131,27.183
2019-07-28 16:00,0.088,0.029,0.093,26.452
2019-07-28 17:00,0.005,0,0.024,25.664
2019-07-28 18:00,0,0,0,25.170
2019-07-28 19:00,0,0,0,24.995
2019-07-28 20:00,0,0,0,24.840
2019-07-28 21:00,0,0,0,24.707
2019-07-28 22:00,0,0,0,24.432
2019-07-28 23:00,0,0,0,24.050
2019-07-29 00:00,0,0,0,23.718
2019-07-29 01:00,0,0,0,23.472
2019-07-29 02:00,0,0,0,23.252
2019-07-29 03:00,0,0,0.006,23.139
2019-07-29 04:00,0.033,0,0.058,24.086
2019-07-29 05:00,0.168,0.124,0.086,24.813
2019-07-29 06:00,0.349,0.323,0.101,25.815
2019-07-29 07:00,0.505,0.515,0.113,26.647
2019-07-29 08:00,0.621,0.673,0.123,27.263
2019-07-29 09:00,0.697,0.787,0.128,27.658
2019-07-29 10:00,0.725,0.829,0.133,27.898
2019-07-29 11:00,0.711,0.805,0.134,28.029
2019-07-29 12:00,0.645,0.698,0.138,28.006
2019-07-29 13:00,0.548,0.561,0.131,27.832
2019-07-29 14:00,0.412,0.388,0.120,27.494
2019-07-29 15:00,0.246,0.197,0.106,26.979
2019-07-29 16:00,0.086,0.040,0.080,26.298
2019-07-29 17:00,0.005,0,0.023,25.417
2019-07-29 18:00,0,0,0,24.472
2019-07-29 19:00,0,0,0,24.006
2019-07-29 20:00,0,0,0,23.612
2019-07-29 21:00,0,0,0,23.282
2019-07-29 22:00,0,0,0,23.025
2019-07-29 23:00,0,0,0,22.832
2019-07-30 00:00,0,0,0,22.712
2019-07-30 01:00,0,0,0,22.596
2019-07-30 02:00,0,0,0,22.615
2019-07-30 03:00,0,0,0.005,22.626
2019-07-30 04:00,0.036,0,0.062,23.325
2019-07-30 05:00,0.159,0.097,0.103,23.903
2019-07-30 06:00,0.346,0.312,0.107,24.815
2019-07-30 07:00,0.506,0.513,0.114,26.008
2019-07-30 08:00,0.621,0.672,0.124,27.001
2019-07-30 09:00,0.698,0.790,0.127,27.618
2019-07-30 10:00,0.734,0.850,0.127,27.932
2019-07-30 11:00,0.728,0.846,0.122,28.024
2019-07-30 12:00,0.673,0.760,0.118,27.906
2019-07-30 13:00,0.573,0.615,0.113,27.632
2019-07-30 14:00,0.429,0.424,0.105,27.176
2019-07-30 15:00,0.256,0.222,0.093,26.652
2019-07-30 16:00,0.086,0.046,0.073,26.009
2019-07-30 17:00,0.004,0,0.022,25.115
2019-07-30 18:00,0,0,0,24.196
2019-07-30 19:00,0,0,0,23.718
2019-07-30 20:00,0,0,0,23.386
2019-07-30 21:00,0,0,0,23.175
2019-07-30 22:00,0,0,0,23.062
2019-07-30 23:00,0,0,0,22.972
2019-07-31 00:00,0,0,0,22.893
2019-07-31 01:00,0,0,0,22.828
2019-07-31 02:00,0,0,0,22.806
2019-07-31 03:00,0,0,0.005,22.753
2019-07-31 04:00,0.032,0,0.057,23.775
2019-07-31 05:00,0.165,0.121,0.087,25.126
2019-07-31 06:00,0.346,0.324,0.099,26.820
2019-07-31 07:00,0.506,0.528,0.108,28.198
2019-07-31 08:00,0.625,0.697,0.114,29.220
2019-07-31 09:00,0.707,0.828,0.115,29.795
2019-07-31 10:00,0.736,0.874,0.119,29.938
2019-07-31 11:00,0.722,0.848,0.120,29.801
2019-07-31 12:00,0.666,0.758,0.118,29.505
2019-07-31 13:00,0.566,0.610,0.113,29.090
2019-07-31 14:00,0.425,0.423,0.104,28.576
2019-07-31 15:00,0.254,0.222,0.092,28.057
2019-07-31 16:00,0.084,0.046,0.072,27.402
2019-07-31 17:00,0.003,0,0.021,26.362
2019-07-31 18:00,0,0,0,25.206
2019-07-31 19:00,0,0,0,24.725
2019-07-31 20:00,0,0,0,24.468
2019-07-31 21:00,0,0,0,24.244
2019-07-31 22:00,0,0,0,24.032
2019-07-31 23:00,0,0,0,23.980
2019-08-01 00:00,0,0,0,24.008
2019-08-01 01:00,0,0,0,23.908
2019-08-01 02:00,0,0,0,23.746
2019-08-01 03:00,0,0,0.004,23.505
2019-08-01 04:00,0.030,0,0.055,24.381
2019-08-01 05:00,0.166,0.127,0.082,25.804
2019-08-01 06:00,0.349,0.334,0.095,27.530
2019-08-01 07:00,0.509,0.537,0.104,28.826
2019-08-01 08:00,0.627,0.704,0.112,29.714
2019-08-01 09:00,0.700,0.818,0.118,30.261
2019-08-01 10:00,0.731,0.869,0.120,30.558
2019-08-01 11:00,0.720,0.852,0.119,30.671
2019-08-01 12:00,0.663,0.762,0.116,30.568
2019-08-01 13:00,0.566,0.618,0.110,30.262
2019-08-01 14:00,0.427,0.433,0.100,29.727
2019-08-01 15:00,0.254,0.227,0.088,29.066
2019-08-01 16:00,0.083,0.048,0.070,28.203
2019-08-01 17:00,0.003,0,0.020,26.914
2019-08-01 18:00,0,0,0,25.593
2019-08-01 19:00,0,0,0,24.921
2019-08-01 20:00,0,0,0,24.477
2019-08-01 21:00,0,0,0,24.183
2019-08-01 22:00,0,0,0,23.967
2019-08-01 23:00,0,0,0,23.818
2019-08-02 00:00,0,0,0,23.687
2019-08-02 01:00,0,0,0,23.516
2019-08-02 02:00,0,0,0,23.343
2019-08-02 03:00,0,0,0.004,23.243
2019-08-02 04:00,0.029,0,0.053,24.159
2019-08-02 05:00,0.168,0.132,0.079,25.638
2019-08-02 06:00,0.354,0.342,0.092,27.313
2019-08-02 07:00,0.513,0.543,0.103,28.610
2019-08-02 08:00,0.629,0.711,0.111,30.073
2019-08-02 09:00,0.705,0.832,0.115,30.757
2019-08-02 10:00,0.736,0.882,0.117,30.894
2019-08-02 11:00,0.723,0.858,0.118,30.804
2019-08-02 12:00,0.670,0.774,0.114,30.628
2019-08-02 13:00,0.567,0.621,0.110,30.394
2019-08-02 14:00,0.418,0.415,0.108,30.001
2019-08-02 15:00,0.234,0.184,0.109,29.421
2019-08-02 16:00,0.079,0.030,0.083,28.633
2019-08-02 17:00,0.002,0,0.019,27.350
2019-08-02 18:00,0,0,0,26.836
2019-08-02 19:00,0,0,0,26.591
2019-08-02 20:00,0,0,0,26.257
2019-08-02 21:00,0,0,0,25.981
2019-08-02 22:00,0,0,0,25.675
2019-08-02 23:00,0,0,0,25.371
2019-08-03 00:00,0,0,0,25.116
2019-08-03 01:00,0,0,0,24.959
2019-08-03 02:00,0,0,0,24.763
2019-08-03 03:00,0,0,0.003,24.535
2019-08-03 04:00,0.033,0,0.059,25.385
2019-08-03 05:00,0.149,0.080,0.111,26.710
2019-08-03 06:00,0.322,0.269,0.126,27.796
2019-08-03 07:00,0.464,0.434,0.145,28.506
2019-08-03 08:00,0.575,0.580,0.157,28.958
2019-08-03 09:00,0.670,0.731,0.149,29.201
2019-08-03 10:00,0.706,0.793,0.147,29.198
2019-08-03 11:00,0.712,0.813,0.135,29.075
2019-08-03 12:00,0.657,0.728,0.130,28.743
2019-08-03 13:00,0.562,0.593,0.122,28.288
2019-08-03 14:00,0.424,0.415,0.110,27.688
2019-08-03 15:00,0.251,0.213,0.097,27.024
2019-08-03 16:00,0.083,0.042,0.074,26.275
2019-08-03 17:00,0.002,0,0.019,25.347
2019-08-03 18:00,0,0,0,24.559
2019-08-03 19:00,0,0,0,24.045
2019-08-03 20:00,0,0,0,23.644
2019-08-03 21:00,0,0,0,23.350
2019-08-03 22:00,0,0,0,23.170
2019-08-03 23:00,0,0,0,23.089
2019-08-04 00:00,0,0,0,23.032
2019-08-04 01:00,0,0,0,22.999
2019-08-04 02:00,0,0,0,22.921
2019-08-04 03:00,0,0,0.003,22.737
2019-08-04 04:00,0.029,0,0.053,23.444
2019-08-04 05:00,0.165,0.127,0.081,24.822
2019-08-04 06:00,0.351,0.336,0.093,26.407
2019-08-04 07:00,0.513,0.540,0.103,27.562
2019-08-04 08:00,0.634,0.711,0.110,28.312
2019-08-04 09:00,0.712,0.833,0.114,28.863
2019-08-04 10:00,0.744,0.886,0.115,29.131
2019-08-04 11:00,0.733,0.869,0.114,29.126
2019-08-04 12:00,0.678,0.781,0.111,28.823
2019-08-04 13:00,0.579,0.635,0.104,28.294
2019-08-04 14:00,0.435,0.442,0.096,27.572
2019-08-04 15:00,0.257,0.231,0.085,26.847
2019-08-04 16:00,0.081,0.047,0.067,26.080
2019-08-04 17:00,0.001,0,0.018,25.140
2019-08-04 18:00,0,0,0,24.259
2019-08-04 19:00,0,0,0,23.720
2019-08-04 20:00,0,0,0,23.375
2019-08-04 21:00,0,0,0,23.213
2019-08-04 22:00,0,0,0,23.119
2019-08-04 23:00,0,0,0,23.027
2019-08-05 00:00,0,0,0,22.859
2019-08-05 01:00,0,0,0,22.637
2019-08-05 02:00,0,0,0,22.484
2019-08-05 03:00,0,0,0.003,22.356
2019-08-05 04:00,0.028,0,0.053,23.384
2019-08-05 05:00,0.165,0.127,0.081,25.160
2019-08-05 06:00,0.352,0.337,0.093,26.863
2019-08-05 07:00,0.515,0.544,0.103,28.012
2019-08-05 08:00,0.637,0.718,0.109,28.700
2019-08-05 09:00,0.720,0.850,0.110,29.127
2019-08-05 10:00,0.753,0.905,0.112,29.277
2019-08-05 11:00,0.742,0.887,0.111,29.163
2019-08-05 12:00,0.687,0.799,0.107,28.788
2019-08-05 13:00,0.584,0.641,0.104,28.198
2019-08-05 14:00,0.414,0.393,0.117,27.402
2019-08-05 15:00,0.209,0.128,0.131,26.490
2019-08-05 16:00,0.074,0.023,0.083,25.678
2019-08-05 17:00,0.001,0,0.018,24.609
2019-08-05 18:00,0,0,0,23.459
2019-08-05 19:00,0,0,0,23.098
2019-08-05 20:00,0,0,0,22.851
2019-08-05 21:00,0,0,0,22.597
2019-08-05 22:00,0,0,0,22.454
2019-08-05 23:00,0,0,0,22.387
2019-08-06 00:00,0,0,0,22.316
2019-08-06 01:00,0,0,0,22.271
2019-08-06 02:00,0,0,0,22.239
2019-08-06 03:00,0,0,0.003,22.151
2019-08-06 04:00,0.025,0,0.048,22.895
2019-08-06 05:00,0.168,0.140,0.071,24.638
2019-08-06 06:00,0.361,0.359,0.082,26.728
2019-08-06 07:00,0.525,0.571,0.092,28.253
2019-08-06 08:00,0.647,0.745,0.099,29.107
2019-08-06 09:00,0.723,0.864,0.104,29.605
2019-08-06 10:00,0.754,0.916,0.106,29.837
2019-08-06 11:00,0.741,0.895,0.106,29.855
2019-08-06 12:00,0.685,0.805,0.103,29.705
2019-08-06 13:00,0.584,0.654,0.097,29.385
2019-08-06 14:00,0.439,0.458,0.089,28.885
2019-08-06 15:00,0.258,0.241,0.078,28.277
2019-08-06 16:00,0.078,0.050,0.062,27.474
2019-08-06 17:00,0,0,0.016,25.934
2019-08-06 18:00,0,0,0,24.960
2019-08-06 19:00,0,0,0,24.611
2019-08-06 20:00,0,0,0,24.150
2019-08-06 21:00,0,0,0,23.805
2019-08-06 22:00,0,0,0,23.633
2019-08-06 23:00,0,0,0,23.576
2019-08-07 00:00,0,0,0,23.629
2019-08-07 01:00,0,0,0,23.572
2019-08-07 02:00,0,0,0,23.403
2019-08-07 03:00,0,0,0.002,23.125
2019-08-07 04:00,0.024,0,0.047,23.473
2019-08-07 05:00,0.168,0.140,0.071,25.165
2019-08-07 06:00,0.360,0.359,0.082,27.123
2019-08-07 07:00,0.524,0.570,0.092,28.647
2019-08-07 08:00,0.643,0.744,0.100,30.019
2019-08-07 09:00,0.717,0.861,0.105,30.638
2019-08-07 10:00,0.748,0.911,0.108,30.792
2019-08-07 11:00,0.736,0.889,0.108,30.671
2019-08-07 12:00,0.679,0.797,0.105,30.421
2019-08-07 13:00,0.578,0.646,0.100,30.095
2019-08-07 14:00,0.433,0.449,0.092,29.668
2019-08-07 15:00,0.253,0.234,0.081,29.164
2019-08-07 16:00,0.077,0.046,0.064,28.361
2019-08-07 17:00,0,0,0.015,26.664
2019-08-07 18:00,0,0,0,25.579
2019-08-07 19:00,0,0,0,25.003
2019-08-07 20:00,0,0,0,24.457
2019-08-07 21:00,0,0,0,24.139
2019-08-07 22:00,0,0,0,24.031
2019-08-07 23:00,0,0,0,24.004
2019-08-08 00:00,0,0,0,24.022
2019-08-08 01:00,0,0,0,23.893
2019-08-08 02:00,0,0,0,23.827
2019-08-08 03:00,0,0,0.002,23.609
2019-08-08 04:00,0.025,0,0.049,24.145
2019-08-08 05:00,0.167,0.137,0.074,26.180
2019-08-08 06:00,0.359,0.357,0.085,28.060
2019-08-08 07:00,0.523,0.570,0.095,29.548
2019-08-08 08:00,0.643,0.742,0.103,30.464
2019-08-08 09:00,0.718,0.861,0.108,30.951
2019-08-08 10:00,0.748,0.908,0.112,31.138
2019-08-08 11:00,0.720,0.850,0.124,31.161
2019-08-08 12:00,0.596,0.612,0.163,30.875
2019-08-08 13:00,0.528,0.538,0.137,30.581
2019-08-08 14:00,0.430,0.440,0.099,30.343
2019-08-08 15:00,0.248,0.218,0.092,29.902
2019-08-08 16:00,0.070,0.022,0.081,28.920
2019-08-08 17:00,0,0,0.011,26.969
2019-08-08 18:00,0,0,0,26.224
2019-08-08 19:00,0,0,0,25.846
2019-08-08 20:00,0,0,0,25.382
2019-08-08 21:00,0,0,0,25.080
2019-08-08 22:00,0,0,0,24.937
2019-08-08 23:00,0,0,0,24.958
2019-08-09 00:00,0,0,0,24.995
2019-08-09 01:00,0,0,0,24.996
2019-08-09 02:00,0,0,0,24.834
2019-08-09 03:00,0,0,0.002,24.605
2019-08-09 04:00,0.026,0,0.051,24.695
2019-08-09 05:00,0.157,0.113,0.087,25.889
2019-08-09 06:00,0.341,0.319,0.099,27.527
2019-08-09 07:00,0.502,0.523,0.108,28.870
2019-08-09 08:00,0.629,0.710,0.111,29.743
2019-08-09 09:00,0.713,0.844,0.112,30.257
2019-08-09 10:00,0.746,0.901,0.113,30.545
2019-08-09 11:00,0.734,0.882,0.112,30.629
2019-08-09 12:00,0.677,0.791,0.109,30.565
2019-08-09 13:00,0.576,0.641,0.102,30.295
2019-08-09 14:00,0.432,0.447,0.093,29.778
2019-08-09 15:00,0.252,0.231,0.082,29.049
2019-08-09 16:00,0.075,0.044,0.064,27.997
2019-08-09 17:00,0,0,0.014,26.385
2019-08-09 18:00,0,0,0,25.078
2019-08-09 19:00,0,0,0,24.524
2019-08-09 20:00,0,0,0,24.239
2019-08-09 21:00,0,0,0,24.097
2019-08-09 22:00,0,0,0,24.111
2019-08-09 23:00,0,0,0,24.073
2019-08-10 00:00,0,0,0,23.951
2019-08-10 01:00,0,0,0,23.747
2019-08-10 02:00,0,0,0,23.553
2019-08-10 03:00,0,0,0.001,23.446
2019-08-10 04:00,0.025,0,0.048,24.392
2019-08-10 05:00,0.160,0.123,0.080,26.095
2019-08-10 06:00,0.346,0.332,0.093,27.918
2019-08-10 07:00,0.508,0.540,0.103,29.656
2019-08-10 08:00,0.626,0.712,0.111,31.243
2019-08-10 09:00,0.703,0.837,0.114,31.985
2019-08-10 10:00,0.734,0.887,0.117,32.013
2019-08-10 11:00,0.722,0.866,0.117,31.848
2019-08-10 12:00,0.665,0.772,0.114,31.599
2019-08-10 13:00,0.565,0.622,0.108,31.239
2019-08-10 14:00,0.421,0.429,0.100,30.741
2019-08-10 15:00,0.244,0.216,0.089,30.163
2019-08-10 16:00,0.073,0.039,0.068,29.323
2019-08-10 17:00,0,0,0.013,27.857
2019-08-10 18:00,0,0,0,26.739
2019-08-10 19:00,0,0,0,26.284
2019-08-10 20:00,0,0,0,26.005
2019-08-10 21:00,0,0,0,25.750
2019-08-10 22:00,0,0,0,25.466
2019-08-10 23:00,0,0,0,25.277
2019-08-11 00:00,0,0,0,25.185
2019-08-11 01:00,0,0,0,25.126
2019-08-11 02:00,0,0,0,25.072
2019-08-11 03:00,0,0,0.001,24.928
2019-08-11 04:00,0.024,0,0.047,25.654
2019-08-11 05:00,0.159,0.124,0.079,27.294
2019-08-11 06:00,0.346,0.336,0.092,29.187
2019-08-11 07:00,0.506,0.545,0.102,31.486
2019-08-11 08:00,0.623,0.719,0.109,33.239
2019-08-11 09:00,0.697,0.837,0.114,33.846
2019-08-11 10:00,0.728,0.886,0.117,33.731
2019-08-11 11:00,0.716,0.864,0.117,33.317
2019-08-11 12:00,0.659,0.768,0.116,32.800
2019-08-11 13:00,0.558,0.614,0.111,32.219
2019-08-11 14:00,0.414,0.417,0.104,31.518
2019-08-11 15:00,0.238,0.205,0.094,30.692
2019-08-11 16:00,0.071,0.035,0.070,29.621
2019-08-11 17:00,0,0,0.012,28.154
2019-08-11 18:00,0,0,0,27.126
2019-08-11 19:00,0,0,0,26.796
2019-08-11 20:00,0,0,0,26.609
2019-08-11 21:00,0,0,0,26.586
2019-08-11 22:00,0,0,0,26.626
2019-08-11 23:00,0,0,0,26.591
2019-08-12 00:00,0,0,0,26.473
2019-08-12 01:00,0,0,0,26.415
2019-08-12 02:00,0,0,0,26.375
2019-08-12 03:00,0,0,0.001,26.196
2019-08-12 04:00,0.023,0,0.046,26.725
2019-08-12 05:00,0.158,0.124,0.078,28.579
2019-08-12 06:00,0.343,0.335,0.092,30.555
2019-08-12 07:00,0.502,0.543,0.102,32.374
2019-08-12 08:00,0.620,0.716,0.110,33.723
2019-08-12 09:00,0.696,0.839,0.114,34.307
2019-08-12 10:00,0.728,0.890,0.116,34.160
2019-08-12 11:00,0.716,0.868,0.116,33.770
2019-08-12 12:00,0.661,0.777,0.113,33.340
2019-08-12 13:00,0.560,0.623,0.108,32.892
2019-08-12 14:00,0.416,0.426,0.100,32.364
2019-08-12 15:00,0.239,0.212,0.089,31.745
2019-08-12 16:00,0.070,0.036,0.067,30.743
2019-08-12 17:00,0,0,0.012,29.103
2019-08-12 18:00,0,0,0,28.007
2019-08-12 19:00,0,0,0,27.477
2019-08-12 20:00,0,0,0,27.211
2019-08-12 21:00,0,0,0,27.282
2019-08-12 22:00,0,0,0,27.532
2019-08-12 23:00,0,0,0,27.644
2019-08-13 00:00,0,0,0,27.637
2019-08-13 01:00,0,0,0,27.582
2019-08-13 02:00,0,0,0,27.396
2019-08-13 03:00,0,0,0.001,27.092
2019-08-13 04:00,0.021,0,0.045,27.464
2019-08-13 05:00,0.158,0.128,0.075,29.109
2019-08-13 06:00,0.346,0.344,0.088,30.894
2019-08-13 07:00,0.507,0.552,0.098,32.272
2019-08-13 08:00,0.626,0.725,0.106,32.951
2019-08-13 09:00,0.704,0.849,0.110,33.241
2019-08-13 10:00,0.735,0.901,0.113,33.331
2019-08-13 11:00,0.723,0.881,0.112,33.186
2019-08-13 12:00,0.669,0.792,0.108,32.787
2019-08-13 13:00,0.569,0.638,0.103,32.282
2019-08-13 14:00,0.423,0.440,0.094,31.687
2019-08-13 15:00,0.244,0.222,0.084,31.017
2019-08-13 16:00,0.069,0.039,0.064,30.050
2019-08-13 17:00,0,0,0.011,28.450
2019-08-13 18:00,0,0,0,27.334
2019-08-13 19:00,0,0,0,26.834
2019-08-13 20:00,0,0,0,26.532
2019-08-13 21:00,0,0,0,26.469
2019-08-13 22:00,0,0,0,26.337
2019-08-13 23:00,0,0,0,26.125
2019-08-14 00:00,0,0,0,25.808
2019-08-14 01:00,0,0,0,25.434
2019-08-14 02:00,0,0,0,25.218
2019-08-14 03:00,0,0,0.001,25.002
2019-08-14 04:00,0.023,0,0.046,25.572
2019-08-14 05:00,0.159,0.117,0.085,26.660
2019-08-14 06:00,0.342,0.318,0.103,27.963
2019-08-14 07:00,0.501,0.516,0.117,29.277
2019-08-14 08:00,0.618,0.679,0.127,30.260
2019-08-14 09:00,0.694,0.796,0.133,30.831
2019-08-14 10:00,0.717,0.825,0.143,31.021
2019-08-14 11:00,0.671,0.723,0.170,30.946
2019-08-14 12:00,0.535,0.454,0.230,30.524
2019-08-14 13:00,0.369,0.208,0.250,29.876
2019-08-14 14:00,0.318,0.199,0.194,29.426
2019-08-14 15:00,0.189,0.096,0.142,28.969
2019-08-14 16:00,0.061,0.014,0.078,28.338
2019-08-14 17:00,0,0,0.009,27.435
2019-08-14 18:00,0,0,0,26.628
2019-08-14 19:00,0,0,0,26.026
2019-08-14 20:00,0,0,0,25.515
2019-08-14 21:00,0,0,0,25.100
2019-08-14 22:00,0,0,0,24.791
2019-08-14 23:00,0,0,0,24.556
2019-08-15 00:00,0,0,0,24.324
2019-08-15 01:00,0,0,0,24.055
2019-08-15 02:00,0,0,0,23.748
2019-08-15 03:00,0,0,0,23.461
2019-08-15 04:00,0.022,0,0.044,23.921
2019-08-15 05:00,0.155,0.115,0.082,25.421
2019-08-15 06:00,0.343,0.323,0.097,27.163
2019-08-15 07:00,0.487,0.490,0.120,28.269
2019-08-15 08:00,0.596,0.632,0.135,28.886
2019-08-15 09:00,0.707,0.820,0.121,29.182
2019-08-15 10:00,0.748,0.891,0.117,29.138
2019-08-15 11:00,0.738,0.874,0.115,28.894
2019-08-15 12:00,0.682,0.785,0.111,28.489
2019-08-15 13:00,0.581,0.636,0.104,27.942
2019-08-15 14:00,0.433,0.440,0.094,27.296
2019-08-15 15:00,0.249,0.224,0.082,26.609
2019-08-15 16:00,0.069,0.039,0.061,25.813
2019-08-15 17:00,0,0,0.010,24.873
2019-08-15 18:00,0,0,0,24.141
2019-08-15 19:00,0,0,0,23.710
2019-08-15 20:00,0,0,0,23.387
2019-08-15 21:00,0,0,0,23.139
2019-08-15 22:00,0,0,0,22.988
2019-08-15 23:00,0,0,0,22.853
2019-08-16 00:00,0,0,0,22.739
2019-08-16 01:00,0,0,0,22.694
2019-08-16 02:00,0,0,0,22.650
2019-08-16 03:00,0,0,0,22.515
2019-08-16 04:00,0.019,0,0.042,22.928
2019-08-16 05:00,0.161,0.129,0.073,24.453
2019-08-16 06:00,0.356,0.348,0.085,25.950
2019-08-16 07:00,0.524,0.562,0.095,27.197
2019-08-16 08:00,0.649,0.739,0.102,27.985
2019-08-16 09:00,0.727,0.862,0.107,28.492
2019-08-16 10:00,0.759,0.914,0.109,28.602
2019-08-16 11:00,0.747,0.892,0.109,28.408
2019-08-16 12:00,0.690,0.801,0.105,28.053
2019-08-16 13:00,0.586,0.648,0.099,27.629
2019-08-16 14:00,0.436,0.448,0.090,27.104
2019-08-16 15:00,0.249,0.227,0.080,26.519
2019-08-16 16:00,0.067,0.038,0.060,25.766
2019-08-16 17:00,0,0,0.009,24.492
2019-08-16 18:00,0,0,0,23.535
2019-08-16 19:00,0,0,0,23.117
2019-08-16 20:00,0,0,0,22.820
2019-08-16 21:00,0,0,0,22.575
2019-08-16 22:00,0,0,0,22.416
2019-08-16 23:00,0,0,0,22.322
2019-08-17 00:00,0,0,0,22.281
2019-08-17 01:00,0,0,0,22.226
2019-08-17 02:00,0,0,0,22.109
2019-08-17 03:00,0,0,0,21.902
2019-08-17 04:00,0.019,0,0.041,22.306
2019-08-17 05:00,0.162,0.130,0.074,24.068
2019-08-17 06:00,0.359,0.350,0.087,25.822
2019-08-17 07:00,0.529,0.567,0.097,27.185
2019-08-17 08:00,0.653,0.745,0.104,28.093
2019-08-17 09:00,0.730,0.866,0.110,28.708
2019-08-17 10:00,0.762,0.918,0.113,28.949
2019-08-17 11:00,0.742,0.873,0.123,28.899
2019-08-17 12:00,0.542,0.463,0.223,28.311
2019-08-17 13:00,0.273,0.095,0.241,27.171
2019-08-17 14:00,0.358,0.273,0.164,26.718
2019-08-17 15:00,0.237,0.196,0.096,26.373
2019-08-17 16:00,0.067,0.036,0.062,25.679
2019-08-17 17:00,0,0,0.008,24.381
2019-08-17 18:00,0,0,0,23.314
2019-08-17 19:00,0,0,0,22.782
2019-08-17 20:00,0,0,0,22.445
2019-08-17 21:00,0,0,0,22.248
2019-08-17 22:00,0,0,0,22.100
2019-08-17 23:00,0,0,0,21.913
2019-08-18 00:00,0,0,0,21.748
2019-08-18 01:00,0,0,0,21.733
2019-08-18 02:00,0,0,0,21.761
2019-08-18 03:00,0,0,0,21.656
2019-08-18 04:00,0.018,0,0.039,22.115
2019-08-18 05:00,0.161,0.130,0.071,24.105
2019-08-18 06:00,0.354,0.347,0.085,26.397
2019-08-18 07:00,0.516,0.552,0.098,28.365
2019-08-18 08:00,0.643,0.736,0.104,29.329
2019-08-18 09:00,0.722,0.860,0.108,29.614
2019-08-18 10:00,0.753,0.909,0.111,29.624
2019-08-18 11:00,0.740,0.884,0.112,29.417
2019-08-18 12:00,0.682,0.792,0.108,29.073
2019-08-18 13:00,0.577,0.635,0.103,28.668
2019-08-18 14:00,0.427,0.434,0.095,28.178
2019-08-18 15:00,0.241,0.215,0.084,27.601
2019-08-18 16:00,0.064,0.034,0.061,26.863
2019-08-18 17:00,0,0,0.008,25.346
2019-08-18 18:00,0,0,0,24.601
2019-08-18 19:00,0,0,0,24.292
2019-08-18 20:00,0,0,0,23.869
2019-08-18 21:00,0,0,0,23.618
2019-08-18 22:00,0,0,0,23.602
2019-08-18 23:00,0,0,0,23.664
2019-08-19 00:00,0,0,0,23.617
2019-08-19 01:00,0,0,0,23.500
2019-08-19 02:00,0,0,0,23.341
2019-08-19 03:00,0,0,0,23.088
2019-08-19 04:00,0.016,0,0.038,23.110
2019-08-19 05:00,0.160,0.131,0.070,24.574
2019-08-19 06:00,0.355,0.349,0.084,26.211
2019-08-19 07:00,0.523,0.563,0.094,27.792
2019-08-19 08:00,0.645,0.739,0.103,29.156
2019-08-19 09:00,0.721,0.857,0.108,29.703
2019-08-19 10:00,0.752,0.908,0.111,29.761
2019-08-19 11:00,0.739,0.885,0.111,29.621
2019-08-19 12:00,0.682,0.793,0.108,29.361
2019-08-19 13:00,0.578,0.639,0.101,28.984
2019-08-19 14:00,0.428,0.440,0.092,28.491
2019-08-19 15:00,0.243,0.220,0.081,27.938
2019-08-19 16:00,0.063,0.035,0.058,27.177
2019-08-19 17:00,0,0,0.007,25.629
2019-08-19 18:00,0,0,0,24.925
2019-08-19 19:00,0,0,0,24.573
2019-08-19 20:00,0,0,0,24.284
2019-08-19 21:00,0,0,0,24.103
2019-08-19 22:00,0,0,0,23.986
2019-08-19 23:00,0,0,0,23.829
2019-08-20 00:00,0,0,0,23.675
2019-08-20 01:00,0,0,0,23.587
2019-08-20 02:00,0,0,0,23.545
2019-08-20 03:00,0,0,0,23.395
2019-08-20 04:00,0.016,0,0.037,23.546
2019-08-20 05:00,0.158,0.129,0.071,24.955
2019-08-20 06:00,0.353,0.347,0.085,26.889
2019-08-20 07:00,0.519,0.559,0.096,28.784
2019-08-20 08:00,0.641,0.734,0.104,29.842
2019-08-20 09:00,0.717,0.853,0.110,30.293
2019-08-20 10:00,0.748,0.903,0.113,30.375
2019-08-20 11:00,0.735,0.880,0.113,30.293
2019-08-20 12:00,0.677,0.787,0.110,30.076
2019-08-20 13:00,0.572,0.632,0.104,29.724
2019-08-20 14:00,0.422,0.430,0.096,29.284
2019-08-20 15:00,0.237,0.210,0.084,28.873
2019-08-20 16:00,0.061,0.032,0.060,28.221
2019-08-20 17:00,0,0,0.006,26.755
2019-08-20 18:00,0,0,0,26.033
2019-08-20 19:00,0,0,0,25.779
2019-08-20 20:00,0,0,0,25.681
2019-08-20 21:00,0,0,0,25.526
2019-08-20 22:00,0,0,0,25.312
2019-08-20 23:00,0,0,0,25.289
2019-08-21 00:00,0,0,0,24.994
2019-08-21 01:00,0,0,0,24.670
2019-08-21 02:00,0,0,0,24.367
2019-08-21 03:00,0,0,0,24.096
2019-08-21 04:00,0.015,0,0.037,24.243
2019-08-21 05:00,0.154,0.120,0.075,25.842
2019-08-21 06:00,0.346,0.334,0.090,27.288
2019-08-21 07:00,0.514,0.546,0.100,28.469
2019-08-21 08:00,0.637,0.721,0.109,29.341
2019-08-21 09:00,0.712,0.838,0.115,29.830
2019-08-21 10:00,0.743,0.888,0.118,30.041
2019-08-21 11:00,0.730,0.865,0.118,30.063
2019-08-21 12:00,0.668,0.765,0.117,29.976
2019-08-21 13:00,0.563,0.611,0.111,29.798
2019-08-21 14:00,0.414,0.415,0.101,29.462
2019-08-21 15:00,0.232,0.200,0.088,29.025
2019-08-21 16:00,0.059,0.028,0.061,28.318
2019-08-21 17:00,0,0,0.006,26.899
2019-08-21 18:00,0,0,0,26.157
2019-08-21 19:00,0,0,0,25.798
2019-08-21 20:00,0,0,0,25.544
2019-08-21 21:00,0,0,0,25.394
2019-08-21 22:00,0,0,0,25.420
2019-08-21 23:00,0,0,0,25.349
2019-08-22 00:00,0,0,0,25.242
2019-08-22 01:00,0,0,0,25.101
2019-08-22 02:00,0,0,0,25.077
2019-08-22 03:00,0,0,0,24.921
2019-08-22 04:00,0.015,0,0.036,25.087
2019-08-22 05:00,0.149,0.113,0.079,26.674
2019-08-22 06:00,0.339,0.323,0.094,28.438
2019-08-22 07:00,0.505,0.537,0.104,30.039
2019-08-22 08:00,0.628,0.714,0.112,31.009
2019-08-22 09:00,0.705,0.834,0.117,31.366
2019-08-22 10:00,0.737,0.883,0.120,31.289
2019-08-22 11:00,0.724,0.859,0.121,31.029
2019-08-22 12:00,0.662,0.757,0.120,30.704
2019-08-22 13:00,0.552,0.591,0.117,30.342
2019-08-22 14:00,0.403,0.393,0.109,29.929
2019-08-22 15:00,0.223,0.184,0.095,29.424
2019-08-22 16:00,0.056,0.024,0.063,28.631
2019-08-22 17:00,0,0,0.005,27.110
2019-08-22 18:00,0,0,0,26.370
2019-08-22 19:00,0,0,0,26.031
2019-08-22 20:00,0,0,0,25.744
2019-08-22 21:00,0,0,0,25.584
2019-08-22 22:00,0,0,0,25.626
2019-08-22 23:00,0,0,0,25.743
2019-08-23 00:00,0,0,0,25.818
2019-08-23 01:00,0,0,0,25.766
2019-08-23 02:00,0,0,0,25.692
2019-08-23 03:00,0,0,0,25.498
2019-08-23 04:00,0.014,0,0.035,25.552
2019-08-23 05:00,0.140,0.092,0.090,27.249
2019-08-23 06:00,0.319,0.283,0.112,29.193
2019-08-23 07:00,0.479,0.486,0.123,31.412
2019-08-23 08:00,0.603,0.664,0.129,32.512
2019-08-23 09:00,0.693,0.811,0.127,32.772
2019-08-23 10:00,0.719,0.847,0.134,32.493
2019-08-23 11:00,0.686,0.775,0.148,32.017
2019-08-23 12:00,0.621,0.666,0.151,31.629
2019-08-23 13:00,0.515,0.511,0.147,31.282
2019-08-23 14:00,0.371,0.329,0.136,30.916
2019-08-23 15:00,0.203,0.143,0.114,30.487
2019-08-23 16:00,0.051,0.015,0.066,29.685
2019-08-23 17:00,0,0,0.004,28.079
2019-08-23 18:00,0,0,0,27.348
2019-08-23 19:00,0,0,0,26.975
2019-08-23 20:00,0,0,0,26.669
2019-08-23 21:00,0,0,0,26.480
2019-08-23 22:00,0,0,0,26.377
2019-08-23 23:00,0,0,0,26.286
2019-08-24 00:00,0,0,0,26.171
2019-08-24 01:00,0,0,0,26.029
2019-08-24 02:00,0,0,0,25.947
2019-08-24 03:00,0,0,0,25.917
2019-08-24 04:00,0.007,0,0.027,26.271
2019-08-24 05:00,0.097,0.025,0.108,27.693
2019-08-24 06:00,0.247,0.135,0.172,29.370
2019-08-24 07:00,0.400,0.305,0.197,31.150
2019-08-24 08:00,0.517,0.454,0.212,32.521
2019-08-24 09:00,0.562,0.493,0.241,32.952
2019-08-24 10:00,0.597,0.540,0.245,32.465
2019-08-24 11:00,0.603,0.559,0.231,31.916
2019-08-24 12:00,0.562,0.514,0.213,31.526
2019-08-24 13:00,0.472,0.404,0.194,31.164
2019-08-24 14:00,0.342,0.257,0.169,30.729
2019-08-24 15:00,0.187,0.107,0.132,30.235
2019-08-24 16:00,0.048,0.011,0.067,29.385
2019-08-24 17:00,0,0,0.004,27.702
2019-08-24 18:00,0,0,0,26.901
2019-08-24 19:00,0,0,0,26.421
2019-08-24 20:00,0,0,0,26.070
2019-08-24 21:00,0,0,0,25.845
2019-08-24 22:00,0,0,0,25.764
2019-08-24 23:00,0,0,0,25.767
2019-08-25 00:00,0,0,0,25.751
2019-08-25 01:00,0,0,0,25.691
2019-08-25 02:00,0,0,0,25.668
2019-08-25 03:00,0,0,0,25.653
2019-08-25 04:00,0.009,0,0.029,25.836
2019-08-25 05:00,0.111,0.040,0.108,26.969
2019-08-25 06:00,0.258,0.158,0.162,28.866
2019-08-25 07:00,0.404,0.316,0.190,30.583
2019-08-25 08:00,0.526,0.475,0.200,31.460
2019-08-25 09:00,0.617,0.615,0.198,31.901
2019-08-25 10:00,0.639,0.639,0.207,31.934
2019-08-25 11:00,0.627,0.621,0.207,31.797
2019-08-25 12:00,0.575,0.549,0.198,31.548
2019-08-25 13:00,0.475,0.414,0.188,31.103
2019-08-25 14:00,0.338,0.253,0.168,30.490
2019-08-25 15:00,0.185,0.107,0.129,29.744
2019-08-25 16:00,0.048,0.012,0.065,28.759
2019-08-25 17:00,0,0,0.003,27.429
2019-08-25 18:00,0,0,0,26.597
2019-08-25 19:00,0,0,0,26.029
2019-08-25 20:00,0,0,0,25.627
2019-08-25 21:00,0,0,0,25.418
2019-08-25 22:00,0,0,0,25.326
2019-08-25 23:00,0,0,0,25.258
2019-08-26 00:00,0,0,0,25.187
2019-08-26 01:00,0,0,0,25.138
2019-08-26 02:00,0,0,0,25.074
2019-08-26 03:00,0,0,0,25.039
2019-08-26 04:00,0.008,0,0.028,25.201
2019-08-26 05:00,0.120,0.059,0.099,26.450
2019-08-26 06:00,0.297,0.238,0.128,28.427
2019-08-26 07:00,0.453,0.429,0.142,30.996
2019-08-26 08:00,0.573,0.596,0.151,32.345
2019-08-26 09:00,0.650,0.711,0.157,32.555
2019-08-26 10:00,0.684,0.761,0.159,32.236
2019-08-26 11:00,0.676,0.748,0.156,31.809
2019-08-26 12:00,0.616,0.652,0.155,31.195
2019-08-26 13:00,0.507,0.492,0.152,30.442
2019-08-26 14:00,0.364,0.313,0.139,29.733
2019-08-26 15:00,0.197,0.134,0.114,29.160
2019-08-26 16:00,0.045,0.013,0.061,28.421
2019-08-26 17:00,0,0,0.003,27.116
2019-08-26 18:00,0,0,0,26.392
2019-08-26 19:00,0,0,0,26.021
2019-08-26 20:00,0,0,0,25.774
2019-08-26 21:00,0,0,0,25.648
2019-08-26 22:00,0,0,0,25.654
2019-08-26 23:00,0,0,0,25.661
2019-08-27 00:00,0,0,0,25.639
2019-08-27 01:00,0,0,0,25.606
2019-08-27 02:00,0,0,0,25.589
2019-08-27 03:00,0,0,0,25.516
2019-08-27 04:00,0.008,0,0.028,25.623
2019-08-27 05:00,0.131,0.081,0.090,27.067
2019-08-27 06:00,0.306,0.261,0.117,28.819
2019-08-27 07:00,0.464,0.456,0.132,31.043
2019-08-27 08:00,0.585,0.625,0.140,32.275
2019-08-27 09:00,0.668,0.753,0.143,32.468
2019-08-27 10:00,0.699,0.797,0.147,32.115
2019-08-27 11:00,0.674,0.745,0.156,31.650
2019-08-27 12:00,0.594,0.605,0.169,31.068
2019-08-27 13:00,0.487,0.452,0.165,30.544
2019-08-27 14:00,0.347,0.283,0.148,30.023
2019-08-27 15:00,0.187,0.120,0.118,29.575
2019-08-27 16:00,0.044,0.013,0.060,28.808
2019-08-27 17:00,0,0,0.002,27.266
2019-08-27 18:00,0,0,0,26.508
2019-08-27 19:00,0,0,0,26.048
2019-08-27 20:00,0,0,0,25.737
2019-08-27 21:00,0,0,0,25.495
2019-08-27 22:00,0,0,0,25.320
2019-08-27 23:00,0,0,0,25.180
2019-08-28 00:00,0,0,0,25.091
2019-08-28 01:00,0,0,0,25.067
2019-08-28 02:00,0,0,0,25.026
2019-08-28 03:00,0,0,0,24.991
2019-08-28 04:00,0.007,0,0.026,25.147
2019-08-28 05:00,0.128,0.079,0.089,26.566
2019-08-28 06:00,0.309,0.269,0.112,28.320
2019-08-28 07:00,0.480,0.487,0.119,29.973
2019-08-28 08:00,0.609,0.671,0.124,30.961
2019-08-28 09:00,0.695,0.808,0.125,31.418
2019-08-28 10:00,0.712,0.825,0.137,31.403
2019-08-28 11:00,0.691,0.782,0.143,31.117
2019-08-28 12:00,0.614,0.650,0.151,30.628
2019-08-28 13:00,0.513,0.509,0.143,30.186
2019-08-28 14:00,0.372,0.335,0.128,29.754
2019-08-28 15:00,0.199,0.144,0.106,29.236
2019-08-28 16:00,0.044,0.014,0.058,28.497
2019-08-28 17:00,0,0,0.002,27.078
2019-08-28 18:00,0,0,0,26.500
2019-08-28 19:00,0,0,0,26.299
2019-08-28 20:00,0,0,0,26.171
2019-08-28 21:00,0,0,0,25.988
2019-08-28 22:00,0,0,0,25.855
2019-08-28 23:00,0,0,0,25.703
2019-08-29 00:00,0,0,0,25.568
2019-08-29 01:00,0,0,0,25.375
2019-08-29 02:00,0,0,0,25.192
2019-08-29 03:00,0,0,0,24.958
2019-08-29 04:00,0.006,0,0.025,24.891
2019-08-29 05:00,0.107,0.044,0.100,26.071
2019-08-29 06:00,0.255,0.162,0.153,27.552
2019-08-29 07:00,0.408,0.328,0.179,28.912
2019-08-29 08:00,0.522,0.468,0.195,29.776
2019-08-29 09:00,0.606,0.590,0.198,30.239
2019-08-29 10:00,0.656,0.679,0.187,30.531
2019-08-29 11:00,0.662,0.703,0.174,30.638
2019-08-29 12:00,0.588,0.584,0.178,30.469
2019-08-29 13:00,0.489,0.453,0.166,30.181
2019-08-29 14:00,0.364,0.314,0.138,29.796
2019-08-29 15:00,0.202,0.148,0.106,29.200
2019-08-29 16:00,0.045,0.016,0.057,28.250
2019-08-29 17:00,0,0,0.002,26.781
2019-08-29 18:00,0,0,0,25.976
2019-08-29 19:00,0,0,0,25.438
2019-08-29 20:00,0,0,0,25.104
2019-08-29 21:00,0,0,0,24.884
2019-08-29 22:00,0,0,0,24.793
2019-08-29 23:00,0,0,0,24.683
2019-08-30 00:00,0,0,0,24.539
2019-08-30 01:00,0,0,0,24.365
2019-08-30 02:00,0,0,0,24.219
2019-08-30 03:00,0,0,0,24.055
2019-08-30 04:00,0.004,0,0.022,24.069
2019-08-30 05:00,0.098,0.029,0.104,25.187
2019-08-30 06:00,0.233,0.112,0.176,26.791
2019-08-30 07:00,0.326,0.163,0.238,28.377
2019-08-30 08:00,0.369,0.166,0.292,29.551
2019-08-30 09:00,0.396,0.166,0.328,29.995
2019-08-30 10:00,0.390,0.146,0.340,29.849
2019-08-30 11:00,0.402,0.163,0.337,29.644
2019-08-30 12:00,0.398,0.186,0.309,29.485
2019-08-30 13:00,0.380,0.215,0.257,29.339
2019-08-30 14:00,0.289,0.159,0.199,28.996
2019-08-30 15:00,0.168,0.079,0.135,28.524
2019-08-30 16:00,0.040,0.008,0.059,27.719
2019-08-30 17:00,0,0,0.002,26.207
2019-08-30 18:00,0,0,0,25.405
2019-08-30 19:00,0,0,0,24.968
2019-08-30 20:00,0,0,0,24.695
2019-08-30 21:00,0,0,0,24.561
2019-08-30 22:00,0,0,0,24.479
2019-08-30 23:00,0,0,0,24.385
2019-08-31 00:00,0,0,0,24.353
2019-08-31 01:00,0,0,0,24.349
2019-08-31 02:00,0,0,0,24.417
2019-08-31 03:00,0,0,0,24.407
2019-08-31 04:00,0.004,0,0.022,24.389
2019-08-31 05:00,0.101,0.036,0.101,25.676
2019-08-31 06:00,0.234,0.122,0.168,27.327
2019-08-31 07:00,0.356,0.223,0.218,28.945
2019-08-31 08:00,0.452,0.316,0.253,30.224
2019-08-31 09:00,0.518,0.387,0.274,30.809
2019-08-31 10:00,0.550,0.427,0.281,30.877
2019-08-31 11:00,0.526,0.386,0.286,30.661
2019-08-31 12:00,0.469,0.317,0.274,30.255
2019-08-31 13:00,0.399,0.258,0.238,29.767
2019-08-31 14:00,0.287,0.163,0.193,29.193
2019-08-31 15:00,0.156,0.068,0.133,28.518
2019-08-31 16:00,0.034,0.006,0.054,27.596
2019-08-31 17:00,0,0,0.001,26.255
2019-08-31 18:00,0,0,0,25.642
2019-08-31 19:00,0,0,0,25.268
2019-08-31 20:00,0,0,0,24.979
2019-08-31 21:00,0,0,0,24.849
2019-08-31 22:00,0,0,0,24.886
2019-08-31 23:00,0,0,0,24.931
2019-09-01 00:00,0,0,0,24.902
2019-09-01 01:00,0,0,0,24.811
2019-09-01 02:00,0,0,0,24.697
2019-09-01 03:00,0,0,0,24.468
2019-09-01 04:00,0.003,0,0.020,24.263
2019-09-01 05:00,0.092,0.023,0.103,25.161
2019-09-01 06:00,0.202,0.068,0.183,26.414
2019-09-01 07:00,0.263,0.079,0.245,27.534
2019-09-01 08:00,0.298,0.076,0.291,28.179
2019-09-01 09:00,0.304,0.064,0.311,28.447
2019-09-01 10:00,0.303,0.057,0.316,28.403
2019-09-01 11:00,0.303,0.058,0.315,28.236
2019-09-01 12:00,0.266,0.046,0.282,27.914
2019-09-01 13:00,0.221,0.037,0.238,27.532
2019-09-01 14:00,0.195,0.043,0.201,27.238
2019-09-01 15:00,0.130,0.033,0.137,26.980
2019-09-01 16:00,0.030,0.004,0.052,26.436
2019-09-01 17:00,0,0,0.001,25.546
2019-09-01 18:00,0,0,0,25.357
2019-09-01 19:00,0,0,0,25.249
2019-09-01 20:00,0,0,0,25.128
2019-09-01 21:00,0,0,0,24.986
2019-09-01 22:00,0,0,0,24.891
2019-09-01 23:00,0,0,0,24.722
2019-09-02 00:00,0,0,0,24.522
2019-09-02 01:00,0,0,0,24.334
2019-09-02 02:00,0,0,0,24.142
2019-09-02 03:00,0,0,0,23.903
2019-09-02 04:00,0,0,0.011,23.751
2019-09-02 05:00,0.031,0.002,0.055,24.084
2019-09-02 06:00,0.083,0.005,0.111,24.548
2019-09-02 07:00,0.117,0.006,0.148,24.872
2019-09-02 08:00,0.148,0.008,0.181,25.227
2019-09-02 09:00,0.182,0.011,0.217,25.628
2019-09-02 10:00,0.195,0.012,0.231,25.891
2019-09-02 11:00,0.182,0.011,0.218,25.958
2019-09-02 12:00,0.160,0.009,0.194,25.905
2019-09-02 13:00,0.126,0.006,0.158,25.789
2019-09-02 14:00,0.083,0.004,0.112,25.594
2019-09-02 15:00,0.041,0.002,0.066,25.377
2019-09-02 16:00,0.005,0,0.023,25.028
2019-09-02 17:00,0,0,0,24.770
2019-09-02 18:00,0,0,0,24.656
2019-09-02 19:00,0,0,0,24.617
2019-09-02 20:00,0,0,0,24.606
2019-09-02 21:00,0,0,0,24.646
2019-09-02 22:00,0,0,0,24.647
2019-09-02 23:00,0,0,0,24.610
2019-09-03 00:00,0,0,0,24.485
2019-09-03 01:00,0,0,0,24.246
2019-09-03 02:00,0,0,0,24.085
2019-09-03 03:00,0,0,0,23.851
2019-09-03 04:00,0,0,0.010,23.680
2019-09-03 05:00,0.039,0.003,0.063,24.134
2019-09-03 06:00,0.104,0.009,0.130,24.722
2019-09-03 07:00,0.169,0.019,0.194,25.425
2019-09-03 08:00,0.236,0.032,0.257,26.227
2019-09-03 09:00,0.280,0.043,0.299,26.787
2019-09-03 10:00,0.295,0.046,0.315,27.168
2019-09-03 11:00,0.272,0.038,0.296,27.328
2019-09-03 12:00,0.243,0.032,0.268,27.215
2019-09-03 13:00,0.197,0.024,0.223,26.900
2019-09-03 14:00,0.155,0.020,0.178,26.506
2019-09-03 15:00,0.090,0.011,0.113,26.078
2019-09-03 16:00,0.018,0.001,0.039,25.384
2019-09-03 17:00,0,0,0,24.448
2019-09-03 18:00,0,0,0,24.124
2019-09-03 19:00,0,0,0,23.971
2019-09-03 20:00,0,0,0,23.917
2019-09-03 21:00,0,0,0,23.980
2019-09-03 22:00,0,0,0,24.035
2019-09-03 23:00,0,0,0,24.051
2019-09-04 00:00,0,0,0,24.147
2019-09-04 01:00,0,0,0,24.165
2019-09-04 02:00,0,0,0,24.119
2019-09-04 03:00,0,0,0,23.995
2019-09-04 04:00,0,0,0.014,23.998
2019-09-04 05:00,0.068,0.012,0.086,24.807
2019-09-04 06:00,0.180,0.054,0.172,25.893
2019-09-04 07:00,0.293,0.120,0.240,27.433
2019-09-04 08:00,0.400,0.208,0.287,28.575
2019-09-04 09:00,0.446,0.237,0.321,29.155
2019-09-04 10:00,0.437,0.205,0.341,29.417
2019-09-04 11:00,0.406,0.169,0.336,29.507
2019-09-04 12:00,0.368,0.146,0.311,29.569
2019-09-04 13:00,0.311,0.120,0.265,29.573
2019-09-04 14:00,0.242,0.096,0.206,29.432
2019-09-04 15:00,0.131,0.041,0.132,28.834
2019-09-04 16:00,0.023,0.003,0.044,27.602
2019-09-04 17:00,0,0,0,26.022
2019-09-04 18:00,0,0,0,25.260
2019-09-04 19:00,0,0,0,24.633
2019-09-04 20:00,0,0,0,24.178
2019-09-04 21:00,0,0,0,23.946
2019-09-04 22:00,0,0,0,23.859
2019-09-04 23:00,0,0,0,23.822
2019-09-05 00:00,0,0,0,23.709
2019-09-05 01:00,0,0,0,23.445
2019-09-05 02:00,0,0,0,23.269
2019-09-05 03:00,0,0,0,23.028
2019-09-05 04:00,0.001,0,0.017,22.944
2019-09-05 05:00,0.129,0.092,0.074,24.406
2019-09-05 06:00,0.325,0.303,0.093,26.386
2019-09-05 07:00,0.500,0.523,0.103,28.276
2019-09-05 08:00,0.628,0.705,0.111,29.176
2019-09-05 09:00,0.710,0.833,0.115,29.759
2019-09-05 10:00,0.735,0.869,0.122,30.021
2019-09-05 11:00,0.708,0.816,0.130,29.942
2019-09-05 12:00,0.633,0.689,0.136,29.653
2019-09-05 13:00,0.520,0.527,0.132,29.250
2019-09-05 14:00,0.364,0.327,0.123,28.741
2019-09-05 15:00,0.184,0.132,0.101,28.086
2019-09-05 16:00,0.030,0.010,0.046,27.016
2019-09-05 17:00,0,0,0,25.379
2019-09-05 18:00,0,0,0,24.806
2019-09-05 19:00,0,0,0,24.497
2019-09-05 20:00,0,0,0,24.292
2019-09-05 21:00,0,0,0,24.158
2019-09-05 22:00,0,0,0,24.101
2019-09-05 23:00,0,0,0,24.102
2019-09-06 00:00,0,0,0,24.188
2019-09-06 01:00,0,0,0,24.282
2019-09-06 02:00,0,0,0,24.388
2019-09-06 03:00,0,0,0,24.361
2019-09-06 04:00,0,0,0.014,24.301
2019-09-06 05:00,0.086,0.023,0.096,25.339
2019-09-06 06:00,0.229,0.109,0.174,26.834
2019-09-06 07:00,0.347,0.191,0.235,27.993
2019-09-06 08:00,0.398,0.200,0.293,28.575
2019-09-06 09:00,0.403,0.163,0.337,28.754
2019-09-06 10:00,0.335,0.082,0.332,28.486
2019-09-06 11:00,0.261,0.039,0.284,27.958
2019-09-06 12:00,0.198,0.020,0.227,27.383
2019-09-06 13:00,0.145,0.012,0.175,26.881
2019-09-06 14:00,0.111,0.010,0.138,26.507
2019-09-06 15:00,0.078,0.009,0.102,26.257
2019-09-06 16:00,0.011,0.001,0.031,25.785
2019-09-06 17:00,0,0,0,25.226
2019-09-06 18:00,0,0,0,25.072
2019-09-06 19:00,0,0,0,24.896
2019-09-06 20:00,0,0,0,24.722
2019-09-06 21:00,0,0,0,24.601
2019-09-06 22:00,0,0,0,24.492
2019-09-06 23:00,0,0,0,24.302
2019-09-07 00:00,0,0,0,24.047
2019-09-07 01:00,0,0,0,23.770
2019-09-07 02:00,0,0,0,23.494
2019-09-07 03:00,0,0,0,23.237
2019-09-07 04:00,0,0,0.014,23.091
2019-09-07 05:00,0.053,0.007,0.074,23.876
2019-09-07 06:00,0.129,0.021,0.146,24.620
2019-09-07 07:00,0.206,0.040,0.214,25.158
2019-09-07 08:00,0.271,0.059,0.272,25.841
2019-09-07 09:00,0.288,0.057,0.295,26.273
2019-09-07 10:00,0.300,0.059,0.308,26.521
2019-09-07 11:00,0.312,0.070,0.311,26.591
2019-09-07 12:00,0.367,0.137,0.312,26.723
2019-09-07 13:00,0.363,0.183,0.260,26.828
2019-09-07 14:00,0.295,0.169,0.193,26.748
2019-09-07 15:00,0.162,0.078,0.127,26.440
2019-09-07 16:00,0.026,0.005,0.045,25.554
2019-09-07 17:00,0,0,0,24.413
2019-09-07 18:00,0,0,0,24.195
2019-09-07 19:00,0,0,0,24.101
2019-09-07 20:00,0,0,0,24.023
2019-09-07 21:00,0,0,0,23.841
2019-09-07 22:00,0,0,0,23.594
2019-09-07 23:00,0,0,0,23.359
2019-09-08 00:00,0,0,0,23.160
2019-09-08 01:00,0,0,0,22.959
2019-09-08 02:00,0,0,0,22.748
2019-09-08 03:00,0,0,0,22.486
2019-09-08 04:00,0,0,0.014,22.385
2019-09-08 05:00,0.116,0.075,0.077,23.581
2019-09-08 06:00,0.307,0.267,0.105,24.542
2019-09-08 07:00,0.486,0.486,0.115,25.861
2019-09-08 08:00,0.621,0.674,0.120,26.964
2019-09-08 09:00,0.702,0.797,0.126,27.562
2019-09-08 10:00,0.730,0.838,0.131,27.779
2019-09-08 11:00,0.708,0.798,0.136,27.774
2019-09-08 12:00,0.631,0.672,0.141,27.655
2019-09-08 13:00,0.519,0.514,0.136,27.448
2019-09-08 14:00,0.355,0.306,0.129,27.094
2019-09-08 15:00,0.173,0.115,0.103,26.601
2019-09-08 16:00,0.024,0.007,0.041,25.824
2019-09-08 17:00,0,0,0,24.841
2019-09-08 18:00,0,0,0,24.487
2019-09-08 19:00,0,0,0,24.172
2019-09-08 20:00,0,0,0,23.929
2019-09-08 21:00,0,0,0,23.721
2019-09-08 22:00,0,0,0,23.557
2019-09-08 23:00,0,0,0,23.371
2019-09-09 00:00,0,0,0,23.179
2019-09-09 01:00,0,0,0,23.027
2019-09-09 02:00,0,0,0,22.851
2019-09-09 03:00,0,0,0,22.640
2019-09-09 04:00,0,0,0.014,22.598
2019-09-09 05:00,0.108,0.057,0.086,23.952
2019-09-09 06:00,0.274,0.196,0.137,25.023
2019-09-09 07:00,0.419,0.336,0.176,25.842
2019-09-09 08:00,0.494,0.385,0.227,26.358
2019-09-09 09:00,0.498,0.336,0.282,26.608
2019-09-09 10:00,0.495,0.306,0.309,26.765
2019-09-09 11:00,0.455,0.241,0.320,26.836
2019-09-09 12:00,0.304,0.087,0.285,26.586
2019-09-09 13:00,0.229,0.051,0.230,26.275
2019-09-09 14:00,0.195,0.055,0.187,26.078
2019-09-09 15:00,0.125,0.041,0.122,25.831
2019-09-09 16:00,0.021,0.004,0.040,25.214
2019-09-09 17:00,0,0,0,24.383
2019-09-09 18:00,0,0,0,24.317
2019-09-09 19:00,0,0,0,24.330
2019-09-09 20:00,0,0,0,24.174
2019-09-09 21:00,0,0,0,23.968
2019-09-09 22:00,0,0,0,23.706
2019-09-09 23:00,0,0,0,23.273
2019-09-10 00:00,0,0,0,23.023
2019-09-10 01:00,0,0,0,22.697
2019-09-10 02:00,0,0,0,22.366
2019-09-10 03:00,0,0,0,22.030
2019-09-10 04:00,0,0,0.013,21.814
2019-09-10 05:00,0.120,0.079,0.076,23.036
2019-09-10 06:00,0.311,0.267,0.109,24.509
2019-09-10 07:00,0.475,0.456,0.131,26.087
2019-09-10 08:00,0.588,0.590,0.157,27.323
2019-09-10 09:00,0.555,0.465,0.238,27.940
2019-09-10 10:00,0.484,0.312,0.292,28.014
2019-09-10 11:00,0.570,0.479,0.246,28.106
2019-09-10 12:00,0.598,0.581,0.184,28.160
2019-09-10 13:00,0.440,0.343,0.203,27.884
2019-09-10 14:00,0.201,0.067,0.184,27.148
2019-09-10 15:00,0.067,0.010,0.089,26.252
2019-09-10 16:00,0.005,0.001,0.023,25.219
2019-09-10 17:00,0,0,0,24.360
2019-09-10 18:00,0,0,0,23.960
2019-09-10 19:00,0,0,0,23.637
2019-09-10 20:00,0,0,0,23.502
2019-09-10 21:00,0,0,0,23.518
2019-09-10 22:00,0,0,0,23.592
2019-09-10 23:00,0,0,0,23.676
2019-09-11 00:00,0,0,0,23.746
2019-09-11 01:00,0,0,0,23.778
2019-09-11 02:00,0,0,0,23.739
2019-09-11 03:00,0,0,0,23.702
2019-09-11 04:00,0,0,0.006,23.653
2019-09-11 05:00,0.033,0.003,0.056,24.040
2019-09-11 06:00,0.100,0.010,0.124,24.481
2019-09-11 07:00,0.184,0.025,0.204,25.044
2019-09-11 08:00,0.251,0.041,0.266,25.695
2019-09-11 09:00,0.278,0.043,0.295,26.075
2019-09-11 10:00,0.258,0.031,0.285,26.196
2019-09-11 11:00,0.208,0.018,0.240,26.078
2019-09-11 12:00,0.158,0.010,0.191,25.773
2019-09-11 13:00,0.122,0.007,0.152,25.433
2019-09-11 14:00,0.086,0.005,0.114,25.137
2019-09-11 15:00,0.043,0.003,0.068,24.882
2019-09-11 16:00,0.003,0,0.020,24.329
2019-09-11 17:00,0,0,0,23.905
2019-09-11 18:00,0,0,0,23.805
2019-09-11 19:00,0,0,0,23.679
2019-09-11 20:00,0,0,0,23.499
2019-09-11 21:00,0,0,0,23.332
2019-09-11 22:00,0,0,0,23.160
2019-09-11 23:00,0,0,0,22.973
2019-09-12 00:00,0,0,0,22.751
2019-09-12 01:00,0,0,0,22.494
2019-09-12 02:00,0,0,0,22.390
2019-09-12 03:00,0,0,0,22.277
2019-09-12 04:00,0,0,0.010,22.176
2019-09-12 05:00,0.101,0.058,0.076,23.034
2019-09-12 06:00,0.280,0.222,0.117,24.162
2019-09-12 07:00,0.427,0.374,0.148,25.577
2019-09-12 08:00,0.523,0.475,0.178,26.639
2019-09-12 09:00,0.621,0.621,0.177,27.411
2019-09-12 10:00,0.671,0.708,0.168,27.930
2019-09-12 11:00,0.669,0.714,0.159,28.160
2019-09-12 12:00,0.613,0.637,0.151,28.088
2019-09-12 13:00,0.503,0.487,0.142,27.730
2019-09-12 14:00,0.345,0.293,0.130,27.057
2019-09-12 15:00,0.161,0.103,0.101,26.121
2019-09-12 16:00,0.017,0.006,0.033,24.863
2019-09-12 17:00,0,0,0,23.830
2019-09-12 18:00,0,0,0,23.460
2019-09-12 19:00,0,0,0,23.202
2019-09-12 20:00,0,0,0,23.007
2019-09-12 21:00,0,0,0,22.841
2019-09-12 22:00,0,0,0,22.673
2019-09-12 23:00,0,0,0,22.420
2019-09-13 00:00,0,0,0,22.179
2019-09-13 01:00,0,0,0,21.900
2019-09-13 02:00,0,0,0,21.586
2019-09-13 03:00,0,0,0,21.288
2019-09-13 04:00,0,0.001,0.009,21.064
2019-09-13 05:00,0.123,0.101,0.058,22.589
2019-09-13 06:00,0.333,0.327,0.075,24.415
2019-09-13 07:00,0.517,0.558,0.084,26.014
2019-09-13 08:00,0.650,0.749,0.091,27.333
2019-09-13 09:00,0.733,0.884,0.094,28.277
2019-09-13 10:00,0.766,0.940,0.096,28.907
2019-09-13 11:00,0.750,0.918,0.095,29.284
2019-09-13 12:00,0.688,0.818,0.092,29.434
2019-09-13 13:00,0.575,0.652,0.086,29.324
2019-09-13 14:00,0.412,0.434,0.078,28.879
2019-09-13 15:00,0.208,0.194,0.066,28.007
2019-09-13 16:00,0.021,0.017,0.028,26.202
2019-09-13 17:00,0,0,0,24.555
2019-09-13 18:00,0,0,0,23.874
2019-09-13 19:00,0,0,0,23.372
2019-09-13 20:00,0,0,0,23.032
2019-09-13 21:00,0,0,0,22.795
2019-09-13 22:00,0,0,0,22.606
2019-09-13 23:00,0,0,0,22.417
2019-09-14 00:00,0,0,0,22.191
2019-09-14 01:00,0,0,0,21.932
2019-09-14 02:00,0,0,0,21.620
2019-09-14 03:00,0,0,0,21.183
2019-09-14 04:00,0,0.001,0.009,20.786
2019-09-14 05:00,0.132,0.117,0.051,22.092
2019-09-14 06:00,0.348,0.353,0.066,24.136
2019-09-14 07:00,0.531,0.587,0.075,26.099
2019-09-14 08:00,0.664,0.779,0.083,27.339
2019-09-14 09:00,0.745,0.909,0.087,28.020
2019-09-14 10:00,0.777,0.964,0.090,28.512
2019-09-14 11:00,0.761,0.938,0.090,28.771
2019-09-14 12:00,0.697,0.834,0.087,28.692
2019-09-14 13:00,0.582,0.661,0.082,28.259
2019-09-14 14:00,0.416,0.437,0.076,27.424
2019-09-14 15:00,0.208,0.193,0.065,26.200
2019-09-14 16:00,0.020,0.016,0.027,24.561
2019-09-14 17:00,0,0,0,23.375
2019-09-14 18:00,0,0,0,22.835
2019-09-14 19:00,0,0,0,22.391
2019-09-14 20:00,0,0,0,22.074
2019-09-14 21:00,0,0,0,21.956
2019-09-14 22:00,0,0,0,21.991
2019-09-14 23:00,0,0,0,22.039
2019-09-15 00:00,0,0,0,22.092
2019-09-15 01:00,0,0,0,22.124
2019-09-15 02:00,0,0,0,22.117
2019-09-15 03:00,0,0,0,21.921
2019-09-15 04:00,0,0.001,0.008,21.654
2019-09-15 05:00,0.122,0.101,0.056,22.987
2019-09-15 06:00,0.330,0.323,0.076,24.927
2019-09-15 07:00,0.509,0.548,0.087,26.857
2019-09-15 08:00,0.638,0.733,0.095,28.476
2019-09-15 09:00,0.719,0.859,0.100,29.194
2019-09-15 10:00,0.752,0.912,0.103,29.230
2019-09-15 11:00,0.737,0.886,0.103,29.052
2019-09-15 12:00,0.674,0.784,0.100,28.651
2019-09-15 13:00,0.560,0.615,0.096,28.016
2019-09-15 14:00,0.394,0.396,0.088,27.206
2019-09-15 15:00,0.191,0.163,0.075,26.209
2019-09-15 16:00,0.017,0.012,0.027,24.602
2019-09-15 17:00,0,0,0,23.078
2019-09-15 18:00,0,0,0,22.606
2019-09-15 19:00,0,0,0,22.368
2019-09-15 20:00,0,0,0,22.020
2019-09-15 21:00,0,0,0,21.776
2019-09-15 22:00,0,0,0,21.765
2019-09-15 23:00,0,0,0,21.832
2019-09-16 00:00,0,0,0,22.005
2019-09-16 01:00,0,0,0,22.015
2019-09-16 02:00,0,0,0,22.027
2019-09-16 03:00,0,0,0,21.807
2019-09-16 04:00,0,0.001,0.007,21.307
2019-09-16 05:00,0.113,0.087,0.060,21.810
2019-09-16 06:00,0.322,0.306,0.080,23.135
2019-09-16 07:00,0.507,0.535,0.090,24.823
2019-09-16 08:00,0.641,0.725,0.096,26.353
2019-09-16 09:00,0.728,0.862,0.100,27.063
2019-09-16 10:00,0.760,0.915,0.102,27.282
2019-09-16 11:00,0.746,0.889,0.102,27.176
2019-09-16 12:00,0.682,0.787,0.100,26.806
2019-09-16 13:00,0.568,0.621,0.094,26.299
2019-09-16 14:00,0.402,0.406,0.085,25.653
2019-09-16 15:00,0.196,0.172,0.071,24.924
2019-09-16 16:00,0.017,0.013,0.026,23.707
2019-09-16 17:00,0,0,0,22.337
2019-09-16 18:00,0,0,0,22.073
2019-09-16 19:00,0,0,0,21.960
2019-09-16 20:00,0,0,0,21.805
2019-09-16 21:00,0,0,0,21.655
2019-09-16 22:00,0,0,0,21.526
2019-09-16 23:00,0,0,0,21.520
2019-09-17 00:00,0,0,0,21.374
2019-09-17 01:00,0,0,0,21.151
2019-09-17 02:00,0,0,0,20.833
2019-09-17 03:00,0,0,0,20.555
2019-09-17 04:00,0,0.001,0.007,20.315
2019-09-17 05:00,0.111,0.086,0.058,21.014
2019-09-17 06:00,0.322,0.305,0.079,22.362
2019-09-17 07:00,0.513,0.543,0.087,24.015
2019-09-17 08:00,0.648,0.735,0.093,25.464
2019-09-17 09:00,0.730,0.864,0.098,26.650
2019-09-17 10:00,0.764,0.922,0.100,27.177
2019-09-17 11:00,0.749,0.899,0.099,27.302
2019-09-17 12:00,0.685,0.797,0.096,27.186
2019-09-17 13:00,0.570,0.631,0.090,26.930
2019-09-17 14:00,0.404,0.414,0.082,26.501
2019-09-17 15:00,0.197,0.177,0.068,25.878
2019-09-17 16:00,0.015,0.013,0.024,24.383
2019-09-17 17:00,0,0,0,23.220
2019-09-17 18:00,0,0,0,23.109
2019-09-17 19:00,0,0,0,23.082
2019-09-17 20:00,0,0,0,23.033
2019-09-17 21:00,0,0,0,22.923
2019-09-17 22:00,0,0,0,22.799
2019-09-17 23:00,0,0,0,22.456
2019-09-18 00:00,0,0,0,22.166
2019-09-18 01:00,0,0,0,22.049
2019-09-18 02:00,0,0,0,21.892
2019-09-18 03:00,0,0,0,21.630
2019-09-18 04:00,0,0.001,0.006,21.345
2019-09-18 05:00,0.099,0.068,0.064,22.304
2019-09-18 06:00,0.299,0.267,0.093,23.770
2019-09-18 07:00,0.481,0.486,0.106,25.164
2019-09-18 08:00,0.616,0.670,0.114,26.337
2019-09-18 09:00,0.703,0.804,0.117,27.154
2019-09-18 10:00,0.737,0.860,0.119,27.566
2019-09-18 11:00,0.720,0.833,0.120,27.676
2019-09-18 12:00,0.654,0.729,0.119,27.511
2019-09-18 13:00,0.515,0.518,0.126,27.081
2019-09-18 14:00,0.323,0.265,0.130,26.441
2019-09-18 15:00,0.130,0.072,0.097,25.686
2019-09-18 16:00,0.007,0.003,0.022,24.701
2019-09-18 17:00,0,0,0,23.777
2019-09-18 18:00,0,0,0,23.521
2019-09-18 19:00,0,0,0,23.364
2019-09-18 20:00,0,0,0,23.169
2019-09-18 21:00,0,0,0,23.078
2019-09-18 22:00,0,0,0,23.058
2019-09-18 23:00,0,0,0,23.032
2019-09-19 00:00,0,0,0,23.012
2019-09-19 01:00,0,0,0,23.020
2019-09-19 02:00,0,0,0,22.894
2019-09-19 03:00,0,0,0,22.662
2019-09-19 04:00,0,0,0.004,22.288
2019-09-19 05:00,0.059,0.015,0.072,22.655
2019-09-19 06:00,0.150,0.038,0.151,23.381
2019-09-19 07:00,0.208,0.045,0.211,24.401
2019-09-19 08:00,0.232,0.039,0.245,25.201
2019-09-19 09:00,0.243,0.035,0.262,25.378
2019-09-19 10:00,0.243,0.031,0.266,25.264
2019-09-19 11:00,0.219,0.024,0.245,24.937
2019-09-19 12:00,0.191,0.019,0.217,24.497
2019-09-19 13:00,0.147,0.013,0.173,23.996
2019-09-19 14:00,0.093,0.007,0.119,23.388
2019-09-19 15:00,0.035,0.003,0.058,22.725
2019-09-19 16:00,0,0,0.011,22.118
2019-09-19 17:00,0,0,0,21.799
2019-09-19 18:00,0,0,0,21.774
2019-09-19 19:00,0,0,0,21.724
2019-09-19 20:00,0,0,0,21.661
2019-09-19 21:00,0,0,0,21.658
2019-09-19 22:00,0,0,0,21.588
2019-09-19 23:00,0,0,0,21.475
2019-09-20 00:00,0,0,0,21.247
2019-09-20 01:00,0,0,0,20.697
2019-09-20 02:00,0,0,0,20.104
2019-09-20 03:00,0,0,0,19.409
2019-09-20 04:00,0,0,0.003,18.851
2019-09-20 05:00,0.052,0.018,0.061,18.955
2019-09-20 06:00,0.200,0.109,0.132,19.495
2019-09-20 07:00,0.405,0.330,0.151,20.752
2019-09-20 08:00,0.594,0.603,0.133,22.403
2019-09-20 09:00,0.697,0.767,0.127,23.773
2019-09-20 10:00,0.735,0.832,0.126,24.468
2019-09-20 11:00,0.729,0.831,0.120,24.860
2019-09-20 12:00,0.672,0.750,0.112,24.879
2019-09-20 13:00,0.569,0.611,0.098,24.559
2019-09-20 14:00,0.408,0.410,0.084,23.953
2019-09-20 15:00,0.199,0.176,0.067,23.115
2019-09-20 16:00,0.013,0.012,0.021,21.620
2019-09-20 17:00,0,0,0,20.555
2019-09-20 18:00,0,0,0,20.109
2019-09-20 19:00,0,0,0,19.810
2019-09-20 20:00,0,0,0,19.479
2019-09-20 21:00,0,0,0,19.159
2019-09-20 22:00,0,0,0,18.807
2019-09-20 23:00,0,0,0,18.469
2019-09-21 00:00,0,0,0,18.189
2019-09-21 01:00,0,0,0,18.017
2019-09-21 02:00,0,0,0,17.937
2019-09-21 03:00,0,0,0,17.894
2019-09-21 04:00,0,0.001,0.004,17.845
2019-09-21 05:00,0.114,0.097,0.049,18.842
2019-09-21 06:00,0.335,0.329,0.068,20.624
2019-09-21 07:00,0.524,0.561,0.079,22.390
2019-09-21 08:00,0.659,0.750,0.087,23.900
2019-09-21 09:00,0.743,0.879,0.092,24.801
2019-09-21 10:00,0.775,0.932,0.095,25.255
2019-09-21 11:00,0.758,0.906,0.095,25.372
2019-09-21 12:00,0.695,0.806,0.092,25.140
2019-09-21 13:00,0.578,0.635,0.086,24.596
2019-09-21 14:00,0.407,0.414,0.078,23.828
2019-09-21 15:00,0.194,0.174,0.064,22.879
2019-09-21 16:00,0.011,0.011,0.019,21.223
2019-09-21 17:00,0,0,0,20.182
2019-09-21 18:00,0,0,0,20.108
2019-09-21 19:00,0,0,0,19.980
2019-09-21 20:00,0,0,0,19.700
2019-09-21 21:00,0,0,0,19.471
2019-09-21 22:00,0,0,0,19.407
2019-09-21 23:00,0,0,0,19.371
2019-09-22 00:00,0,0,0,19.192
2019-09-22 01:00,0,0,0,18.891
2019-09-22 02:00,0,0,0,18.655
2019-09-22 03:00,0,0,0,18.402
2019-09-22 04:00,0,0.001,0.004,18.372
2019-09-22 05:00,0.098,0.074,0.055,19.419
2019-09-22 06:00,0.315,0.296,0.079,21.355
2019-09-22 07:00,0.509,0.532,0.088,22.578
2019-09-22 08:00,0.646,0.720,0.096,23.526
2019-09-22 09:00,0.729,0.843,0.103,24.315
2019-09-22 10:00,0.734,0.839,0.119,24.778
2019-09-22 11:00,0.709,0.796,0.123,24.878
2019-09-22 12:00,0.672,0.753,0.108,24.826
2019-09-22 13:00,0.545,0.571,0.105,24.542
2019-09-22 14:00,0.364,0.339,0.101,24.045
2019-09-22 15:00,0.164,0.127,0.078,23.377
2019-09-22 16:00,0.007,0.007,0.019,22.049
2019-09-22 17:00,0,0,0,21.210
2019-09-22 18:00,0,0,0,21.043
2019-09-22 19:00,0,0,0,20.832
2019-09-22 20:00,0,0,0,20.715
2019-09-22 21:00,0,0,0,20.712
2019-09-22 22:00,0,0,0,20.807
2019-09-22 23:00,0,0,0,20.886
2019-09-23 00:00,0,0,0,20.948
2019-09-23 01:00,0,0,0,20.950
2019-09-23 02:00,0,0,0,20.894
2019-09-23 03:00,0,0,0,20.765
2019-09-23 04:00,0,0,0.003,20.526
2019-09-23 05:00,0.058,0.020,0.066,21.241
2019-09-23 06:00,0.178,0.074,0.146,22.173
2019-09-23 07:00,0.284,0.126,0.216,23.226
2019-09-23 08:00,0.310,0.107,0.267,23.913
2019-09-23 09:00,0.299,0.074,0.286,24.233
2019-09-23 10:00,0.281,0.056,0.284,24.309
2019-09-23 11:00,0.273,0.054,0.277,24.273
2019-09-23 12:00,0.300,0.085,0.278,24.323
2019-09-23 13:00,0.303,0.117,0.249,24.360
2019-09-23 14:00,0.123,0.019,0.141,23.957
2019-09-23 15:00,0.037,0.004,0.059,23.480
2019-09-23 16:00,0,0.001,0.014,23.046
2019-09-23 17:00,0,0,0,22.749
2019-09-23 18:00,0,0,0,22.705
2019-09-23 19:00,0,0,0,22.700
2019-09-23 20:00,0,0,0,22.745
2019-09-23 21:00,0,0,0,22.787
2019-09-23 22:00,0,0,0,22.784
2019-09-23 23:00,0,0,0,22.787
2019-09-24 00:00,0,0,0,22.633
2019-09-24 01:00,0,0,0,22.320
2019-09-24 02:00,0,0,0,21.960
2019-09-24 03:00,0,0,0,21.575
2019-09-24 04:00,0,0,0.002,21.265
2019-09-24 05:00,0.069,0.040,0.058,21.922
2019-09-24 06:00,0.281,0.243,0.094,22.518
2019-09-24 07:00,0.474,0.470,0.106,23.034
2019-09-24 08:00,0.598,0.626,0.121,23.653
2019-09-24 09:00,0.687,0.752,0.127,23.802
2019-09-24 10:00,0.717,0.791,0.133,23.587
2019-09-24 11:00,0.711,0.785,0.128,23.360
2019-09-24 12:00,0.655,0.708,0.119,23.198
2019-09-24 13:00,0.549,0.570,0.106,22.952
2019-09-24 14:00,0.382,0.364,0.094,22.484
2019-09-24 15:00,0.172,0.139,0.073,21.829
2019-09-24 16:00,0.005,0.006,0.017,20.732
2019-09-24 17:00,0,0,0,19.962
2019-09-24 18:00,0,0,0,19.762
2019-09-24 19:00,0,0,0,19.586
2019-09-24 20:00,0,0,0,19.463
2019-09-24 21:00,0,0,0,19.319
2019-09-24 22:00,0,0,0,19.180
2019-09-24 23:00,0,0,0,19.145
2019-09-25 00:00,0,0,0,19.055
2019-09-25 01:00,0,0,0,18.868
2019-09-25 02:00,0,0,0,18.658
2019-09-25 03:00,0,0,0,18.479
2019-09-25 04:00,0,0,0.002,18.275
2019-09-25 05:00,0.096,0.077,0.050,18.982
2019-09-25 06:00,0.314,0.297,0.075,20.252
2019-09-25 07:00,0.505,0.525,0.086,21.591
2019-09-25 08:00,0.641,0.710,0.096,22.833
2019-09-25 09:00,0.725,0.835,0.102,23.713
2019-09-25 10:00,0.759,0.891,0.104,24.203
2019-09-25 11:00,0.744,0.869,0.103,24.374
2019-09-25 12:00,0.680,0.772,0.099,24.258
2019-09-25 13:00,0.564,0.607,0.092,23.935
2019-09-25 14:00,0.394,0.392,0.082,23.432
2019-09-25 15:00,0.181,0.158,0.065,22.766
2019-09-25 16:00,0.005,0.007,0.016,21.547
2019-09-25 17:00,0,0,0,21.097
2019-09-25 18:00,0,0,0,21.107
2019-09-25 19:00,0,0,0,20.864
2019-09-25 20:00,0,0,0,20.656
2019-09-25 21:00,0,0,0,20.614
2019-09-25 22:00,0,0,0,20.730
2019-09-25 23:00,0,0,0,20.832
2019-09-26 00:00,0,0,0,20.873
2019-09-26 01:00,0,0,0,20.817
2019-09-26 02:00,0,0,0,20.811
2019-09-26 03:00,0,0,0,20.748
2019-09-26 04:00,0,0,0.002,20.619
2019-09-26 05:00,0.068,0.041,0.056,21.325
2019-09-26 06:00,0.260,0.211,0.101,22.127
2019-09-26 07:00,0.450,0.428,0.116,22.835
2019-09-26 08:00,0.603,0.634,0.119,23.588
2019-09-26 09:00,0.695,0.771,0.122,24.238
2019-09-26 10:00,0.733,0.832,0.123,24.659
2019-09-26 11:00,0.716,0.805,0.124,24.835
2019-09-26 12:00,0.638,0.683,0.126,24.767
2019-09-26 13:00,0.510,0.504,0.124,24.538
2019-09-26 14:00,0.337,0.293,0.114,24.131
2019-09-26 15:00,0.131,0.084,0.084,23.488
2019-09-26 16:00,0,0.002,0.013,22.366
2019-09-26 17:00,0,0,0,21.784
2019-09-26 18:00,0,0,0,21.520
2019-09-26 19:00,0,0,0,21.223
2019-09-26 20:00,0,0,0,20.935
2019-09-26 21:00,0,0,0,20.711
2019-09-26 22:00,0,0,0,20.450
2019-09-26 23:00,0,0,0,20.166
2019-09-27 00:00,0,0,0,19.897
2019-09-27 01:00,0,0,0,19.649
2019-09-27 02:00,0,0,0,19.379
2019-09-27 03:00,0,0,0,19.058
2019-09-27 04:00,0,0,0.001,18.795
2019-09-27 05:00,0.086,0.068,0.048,19.581
2019-09-27 06:00,0.307,0.290,0.074,20.816
2019-09-27 07:00,0.504,0.528,0.084,22.242
2019-09-27 08:00,0.642,0.718,0.092,23.637
2019-09-27 09:00,0.728,0.850,0.097,24.589
2019-09-27 10:00,0.761,0.904,0.100,25.091
2019-09-27 11:00,0.747,0.882,0.099,25.249
2019-09-27 12:00,0.683,0.784,0.095,25.118
2019-09-27 13:00,0.567,0.619,0.088,24.714
2019-09-27 14:00,0.398,0.403,0.077,24.051
2019-09-27 15:00,0.184,0.167,0.060,23.189
2019-09-27 16:00,0.004,0.008,0.013,21.512
2019-09-27 17:00,0,0,0,20.490
2019-09-27 18:00,0,0,0,20.164
2019-09-27 19:00,0,0,0,19.922
2019-09-27 20:00,0,0,0,19.725
2019-09-27 21:00,0,0,0,19.632
2019-09-27 22:00,0,0,0,19.597
2019-09-27 23:00,0,0,0,19.612
2019-09-28 00:00,0,0,0,19.640
2019-09-28 01:00,0,0,0,19.617
2019-09-28 02:00,0,0,0,19.606
2019-09-28 03:00,0,0,0,19.527
2019-09-28 04:00,0,0,0.001,19.339
2019-09-28 05:00,0.094,0.081,0.044,19.841
2019-09-28 06:00,0.317,0.310,0.068,21.563
2019-09-28 07:00,0.509,0.543,0.079,23.214
2019-09-28 08:00,0.644,0.733,0.088,25.156
2019-09-28 09:00,0.726,0.859,0.094,26.168
2019-09-28 10:00,0.758,0.910,0.098,26.525
2019-09-28 11:00,0.740,0.881,0.098,26.654
2019-09-28 12:00,0.673,0.775,0.096,26.551
2019-09-28 13:00,0.555,0.606,0.090,26.258
2019-09-28 14:00,0.385,0.388,0.080,25.714
2019-09-28 15:00,0.173,0.154,0.062,24.938
2019-09-28 16:00,0.002,0.006,0.013,23.370
2019-09-28 17:00,0,0,0,22.747
2019-09-28 18:00,0,0,0,22.614
2019-09-28 19:00,0,0,0,22.565
2019-09-28 20:00,0,0,0,22.451
2019-09-28 21:00,0,0,0,22.332
2019-09-28 22:00,0,0,0,22.161
2019-09-28 23:00,0,0,0,22.000
2019-09-29 00:00,0,0,0,21.877
2019-09-29 01:00,0,0,0,21.730
2019-09-29 02:00,0,0,0,21.492
2019-09-29 03:00,0,0,0,21.121
2019-09-29 04:00,0,0,0.001,20.731
2019-09-29 05:00,0.086,0.072,0.045,20.997
2019-09-29 06:00,0.305,0.294,0.071,22.673
2019-09-29 07:00,0.495,0.524,0.084,24.226
2019-09-29 08:00,0.632,0.711,0.093,25.526
2019-09-29 09:00,0.714,0.835,0.099,26.236
2019-09-29 10:00,0.748,0.888,0.102,26.542
2019-09-29 11:00,0.733,0.865,0.102,26.491
2019-09-29 12:00,0.669,0.764,0.099,26.205
2019-09-29 13:00,0.553,0.600,0.091,25.768
2019-09-29 14:00,0.384,0.386,0.081,25.174
2019-09-29 15:00,0.172,0.153,0.062,24.329
2019-09-29 16:00,0.001,0.006,0.012,22.793
2019-09-29 17:00,0,0,0,22.200
2019-09-29 18:00,0,0,0,22.090
2019-09-29 19:00,0,0,0,22.017
2019-09-29 20:00,0,0,0,21.869
2019-09-29 21:00,0,0,0,21.710
2019-09-29 22:00,0,0,0,21.731
2019-09-29 23:00,0,0,0,21.791
2019-09-30 00:00,0,0,0,21.786
2019-09-30 01:00,0,0,0,21.719
2019-09-30 02:00,0,0,0,21.573
2019-09-30 03:00,0,0,0,21.250
2019-09-30 04:00,0,0,0.001,20.799
2019-09-30 05:00,0.077,0.062,0.045,21.055
2019-09-30 06:00,0.293,0.275,0.076,22.543
2019-09-30 07:00,0.485,0.505,0.088,23.932
2019-09-30 08:00,0.624,0.693,0.097,25.025
2019-09-30 09:00,0.706,0.813,0.105,25.554
2019-09-30 10:00,0.728,0.841,0.113,25.722
2019-09-30 11:00,0.725,0.841,0.108,25.671
2019-09-30 12:00,0.663,0.748,0.103,25.472
2019-09-30 13:00,0.550,0.591,0.094,25.195
2019-09-30 14:00,0.382,0.380,0.082,24.697
2019-09-30 15:00,0.170,0.150,0.062,23.945
2019-09-30 16:00,0,0.005,0.011,22.474
2019-09-30 17:00,0,0,0,21.753
2019-09-30 18:00,0,0,0,21.655
2019-09-30 19:00,0,0,0,21.608
2019-09-30 20:00,0,0,0,21.434
2019-09-30 21:00,0,0,0,21.281
2019-09-30 22:00,0,0,0,21.409
2019-09-30 23:00,0,0,0,21.436
2019-10-01 00:00,0,0,0,21.296
2019-10-01 01:00,0,0,0,21.111
2019-10-01 02:00,0,0,0,20.850
2019-10-01 03:00,0,0,0,20.385
2019-10-01 04:00,0,0,0,19.881
2019-10-01 05:00,0.080,0.068,0.042,20.193
2019-10-01 06:00,0.304,0.294,0.069,21.910
2019-10-01 07:00,0.499,0.530,0.080,23.793
2019-10-01 08:00,0.637,0.724,0.088,25.594
2019-10-01 09:00,0.722,0.855,0.093,26.462
2019-10-01 10:00,0.757,0.911,0.096,26.702
2019-10-01 11:00,0.743,0.889,0.095,26.682
2019-10-01 12:00,0.679,0.789,0.091,26.342
2019-10-01 13:00,0.563,0.621,0.084,25.759
2019-10-01 14:00,0.392,0.402,0.074,24.986
2019-10-01 15:00,0.176,0.162,0.057,24.061
2019-10-01 16:00,0,0.005,0.010,22.446
2019-10-01 17:00,0,0,0,22.023
2019-10-01 18:00,0,0,0,21.884
2019-10-01 19:00,0,0,0,21.533
2019-10-01 20:00,0,0,0,21.170
2019-10-01 21:00,0,0,0,20.999
2019-10-01 22:00,0,0,0,21.085
2019-10-01 23:00,0,0,0,21.278
2019-10-02 00:00,0,0,0,21.318
2019-10-02 01:00,0,0,0,21.247
2019-10-02 02:00,0,0,0,20.955
2019-10-02 03:00,0,0,0,20.699
2019-10-02 04:00,0,0,0,20.291
2019-10-02 05:00,0.072,0.059,0.043,20.734
2019-10-02 06:00,0.290,0.273,0.074,22.643
2019-10-02 07:00,0.485,0.505,0.087,23.869
2019-10-02 08:00,0.625,0.694,0.096,24.770
2019-10-02 09:00,0.710,0.821,0.102,25.366
2019-10-02 10:00,0.742,0.870,0.106,25.718
2019-10-02 11:00,0.726,0.845,0.106,25.795
2019-10-02 12:00,0.658,0.739,0.104,25.658
2019-10-02 13:00,0.537,0.569,0.098,25.306
2019-10-02 14:00,0.364,0.352,0.088,24.744
2019-10-02 15:00,0.152,0.127,0.065,23.997
2019-10-02 16:00,0,0.003,0.009,22.698
2019-10-02 17:00,0,0,0,21.960
2019-10-02 18:00,0,0,0,21.857
2019-10-02 19:00,0,0,0,21.866
2019-10-02 20:00,0,0,0,21.837
2019-10-02 21:00,0,0,0,21.743
2019-10-02 22:00,0,0,0,21.638
2019-10-02 23:00,0,0,0,21.543
2019-10-03 00:00,0,0,0,21.410
2019-10-03 01:00,0,0,0,21.285
2019-10-03 02:00,0,0,0,21.114
2019-10-03 03:00,0,0,0,20.826
2019-10-03 04:00,0,0,0,20.540
2019-10-03 05:00,0.013,0.003,0.031,20.707
2019-10-03 06:00,0.097,0.018,0.111,21.393
2019-10-03 07:00,0.189,0.044,0.187,21.702
2019-10-03 08:00,0.247,0.057,0.239,22.052
2019-10-03 09:00,0.289,0.069,0.277,22.417
2019-10-03 10:00,0.302,0.071,0.290,22.592
2019-10-03 11:00,0.313,0.082,0.293,22.614
2019-10-03 12:00,0.286,0.074,0.270,22.514
2019-10-03 13:00,0.149,0.019,0.168,22.049
2019-10-03 14:00,0.083,0.008,0.105,21.536
2019-10-03 15:00,0.022,0.002,0.042,20.907
2019-10-03 16:00,0,0,0.004,20.167
2019-10-03 17:00,0,0,0,19.905
2019-10-03 18:00,0,0,0,19.786
2019-10-03 19:00,0,0,0,19.732
2019-10-03 20:00,0,0,0,19.700
2019-10-03 21:00,0,0,0,19.742
2019-10-03 22:00,0,0,0,19.898
2019-10-03 23:00,0,0,0,19.826
2019-10-04 00:00,0,0,0,19.708
2019-10-04 01:00,0,0,0,19.693
2019-10-04 02:00,0,0,0,19.752
2019-10-04 03:00,0,0,0,19.670
2019-10-04 04:00,0,0,0,19.530
2019-10-04 05:00,0.003,0.001,0.019,19.597
2019-10-04 06:00,0.058,0.008,0.079,20.256
2019-10-04 07:00,0.167,0.037,0.169,20.966
2019-10-04 08:00,0.277,0.093,0.238,21.608
2019-10-04 09:00,0.380,0.177,0.278,22.088
2019-10-04 10:00,0.467,0.284,0.280,22.421
2019-10-04 11:00,0.526,0.395,0.248,22.509
2019-10-04 12:00,0.546,0.475,0.194,22.449
2019-10-04 13:00,0.486,0.439,0.149,22.204
2019-10-04 14:00,0.315,0.251,0.125,21.677
2019-10-04 15:00,0.125,0.083,0.077,20.911
2019-10-04 16:00,0,0.002,0.008,19.778
2019-10-04 17:00,0,0,0,19.173
2019-10-04 18:00,0,0,0,18.792
2019-10-04 19:00,0,0,0,18.448
2019-10-04 20:00,0,0,0,18.170
2019-10-04 21:00,0,0,0,17.963
2019-10-04 22:00,0,0,0,17.812
2019-10-04 23:00,0,0,0,18.017
2019-10-05 00:00,0,0,0,17.877
2019-10-05 01:00,0,0,0,17.729
2019-10-05 02:00,0,0,0,17.681
2019-10-05 03:00,0,0,0,17.666
2019-10-05 04:00,0,0,0,17.668
2019-10-05 05:00,0.004,0.001,0.020,18.020
2019-10-05 06:00,0.050,0.006,0.070,18.766
2019-10-05 07:00,0.133,0.024,0.143,19.291
2019-10-05 08:00,0.374,0.216,0.226,19.997
2019-10-05 09:00,0.682,0.713,0.144,21.030
2019-10-05 10:00,0.753,0.848,0.121,21.731
2019-10-05 11:00,0.748,0.848,0.115,21.991
2019-10-05 12:00,0.679,0.745,0.111,21.968
2019-10-05 13:00,0.553,0.571,0.105,21.875
2019-10-05 14:00,0.361,0.332,0.099,21.733
2019-10-05 15:00,0.120,0.081,0.073,21.241
2019-10-05 16:00,0,0.001,0.005,20.063
2019-10-05 17:00,0,0,0,19.830
2019-10-05 18:00,0,0,0,19.727
2019-10-05 19:00,0,0,0,19.579
2019-10-05 20:00,0,0,0,19.345
2019-10-05 21:00,0,0,0,19.143
2019-10-05 22:00,0,0,0,19.197
2019-10-05 23:00,0,0,0,19.155
2019-10-06 00:00,0,0,0,19.096
2019-10-06 01:00,0,0,0,18.794
2019-10-06 02:00,0,0,0,18.544
2019-10-06 03:00,0,0,0,18.331
2019-10-06 04:00,0,0,0,18.103
2019-10-06 05:00,0.065,0.057,0.036,18.349
2019-10-06 06:00,0.294,0.281,0.067,19.495
2019-10-06 07:00,0.498,0.520,0.078,20.258
2019-10-06 08:00,0.643,0.714,0.087,21.302
2019-10-06 09:00,0.732,0.845,0.093,22.001
2019-10-06 10:00,0.767,0.901,0.095,22.368
2019-10-06 11:00,0.752,0.878,0.095,22.469
2019-10-06 12:00,0.686,0.778,0.091,22.304
2019-10-06 13:00,0.566,0.612,0.084,21.925
2019-10-06 14:00,0.391,0.393,0.073,21.347
2019-10-06 15:00,0.169,0.154,0.054,20.585
2019-10-06 16:00,0,0.003,0.006,19.014
2019-10-06 17:00,0,0,0,18.531
2019-10-06 18:00,0,0,0,18.336
2019-10-06 19:00,0,0,0,18.133
2019-10-06 20:00,0,0,0,17.800
2019-10-06 21:00,0,0,0,17.566
2019-10-06 22:00,0,0,0,17.468
2019-10-06 23:00,0,0,0,17.425
2019-10-07 00:00,0,0,0,17.365
2019-10-07 01:00,0,0,0,17.236
2019-10-07 02:00,0,0,0,17.092
2019-10-07 03:00,0,0,0,16.853
2019-10-07 04:00,0,0,0,16.506
2019-10-07 05:00,0.005,0.001,0.021,16.669
2019-10-07 06:00,0.036,0.003,0.058,17.239
2019-10-07 07:00,0.087,0.007,0.110,18.112
2019-10-07 08:00,0.144,0.013,0.166,19.039
2019-10-07 09:00,0.180,0.019,0.200,19.967
2019-10-07 10:00,0.363,0.121,0.310,21.148
2019-10-07 11:00,0.435,0.216,0.306,22.130
2019-10-07 12:00,0.306,0.097,0.270,22.380
2019-10-07 13:00,0.162,0.024,0.177,22.041
2019-10-07 14:00,0.074,0.007,0.097,21.638
2019-10-07 15:00,0.014,0.002,0.034,20.982
2019-10-07 16:00,0,0,0.002,20.243
2019-10-07 17:00,0,0,0,19.617
2019-10-07 18:00,0,0,0,18.525
2019-10-07 19:00,0,0,0,17.617
2019-10-07 20:00,0,0,0,17.200
2019-10-07 21:00,0,0,0,17.197
2019-10-07 22:00,0,0,0,17.305
2019-10-07 23:00,0,0,0,17.359
2019-10-08 00:00,0,0,0,17.310
2019-10-08 01:00,0,0,0,17.096
2019-10-08 02:00,0,0,0,17.058
2019-10-08 03:00,0,0,0,17.086
2019-10-08 04:00,0,0,0,17.049
2019-10-08 05:00,0.037,0.026,0.036,17.509
2019-10-08 06:00,0.231,0.186,0.089,19.093
2019-10-08 07:00,0.450,0.437,0.100,20.553
2019-10-08 08:00,0.604,0.644,0.105,22.187
2019-10-08 09:00,0.709,0.805,0.104,23.314
2019-10-08 10:00,0.743,0.861,0.106,23.949
2019-10-08 11:00,0.724,0.831,0.108,24.286
2019-10-08 12:00,0.651,0.721,0.106,24.283
2019-10-08 13:00,0.530,0.553,0.100,23.992
2019-10-08 14:00,0.345,0.323,0.091,23.394
2019-10-08 15:00,0.130,0.105,0.061,22.339
2019-10-08 16:00,0,0.002,0.005,20.732
2019-10-08 17:00,0,0,0,20.321
2019-10-08 18:00,0,0,0,20.202
2019-10-08 19:00,0,0,0,20.289
2019-10-08 20:00,0,0,0,20.328
2019-10-08 21:00,0,0,0,20.402
2019-10-08 22:00,0,0,0,20.400
2019-10-08 23:00,0,0,0,20.231
2019-10-09 00:00,0,0,0,19.956
2019-10-09 01:00,0,0,0,19.940
2019-10-09 02:00,0,0,0,19.912
2019-10-09 03:00,0,0,0,19.839
2019-10-09 04:00,0,0,0,19.695
2019-10-09 05:00,0.034,0.024,0.034,19.797
2019-10-09 06:00,0.209,0.158,0.094,21.004
2019-10-09 07:00,0.415,0.382,0.115,21.991
2019-10-09 08:00,0.564,0.570,0.124,22.713
2019-10-09 09:00,0.659,0.704,0.129,23.212
2019-10-09 10:00,0.693,0.754,0.133,23.506
2019-10-09 11:00,0.679,0.734,0.132,23.623
2019-10-09 12:00,0.615,0.645,0.126,23.627
2019-10-09 13:00,0.496,0.491,0.115,23.489
2019-10-09 14:00,0.343,0.319,0.092,23.178
2019-10-09 15:00,0.131,0.107,0.060,22.511
2019-10-09 16:00,0,0.001,0.004,21.163
2019-10-09 17:00,0,0,0,20.795
2019-10-09 18:00,0,0,0,20.625
2019-10-09 19:00,0,0,0,20.424
2019-10-09 20:00,0,0,0,20.210
2019-10-09 21:00,0,0,0,20.129
2019-10-09 22:00,0,0,0,20.140
2019-10-09 23:00,0,0,0,20.174
2019-10-10 00:00,0,0,0,20.068
2019-10-10 01:00,0,0,0,19.935
2019-10-10 02:00,0,0,0,19.759
2019-10-10 03:00,0,0,0,19.488
2019-10-10 04:00,0,0,0,19.184
2019-10-10 05:00,0.030,0.021,0.033,19.423
2019-10-10 06:00,0.212,0.163,0.093,21.272
2019-10-10 07:00,0.415,0.386,0.114,22.822
2019-10-10 08:00,0.555,0.560,0.128,24.027
2019-10-10 09:00,0.644,0.682,0.136,24.553
2019-10-10 10:00,0.665,0.703,0.148,24.775
2019-10-10 11:00,0.630,0.640,0.157,24.760
2019-10-10 12:00,0.561,0.545,0.153,24.613
2019-10-10 13:00,0.447,0.406,0.138,24.338
2019-10-10 14:00,0.293,0.243,0.111,23.880
2019-10-10 15:00,0.105,0.075,0.063,23.090
2019-10-10 16:00,0,0.001,0.003,21.613
2019-10-10 17:00,0,0,0,21.098
2019-10-10 18:00,0,0,0,20.832
2019-10-10 19:00,0,0,0,20.645
2019-10-10 20:00,0,0,0,20.475
2019-10-10 21:00,0,0,0,20.329
2019-10-10 22:00,0,0,0,20.213
2019-10-10 23:00,0,0,0,20.105
2019-10-11 00:00,0,0,0,20.004
2019-10-11 01:00,0,0,0,19.902
2019-10-11 02:00,0,0,0,19.772
2019-10-11 03:00,0,0,0,19.725
2019-10-11 04:00,0,0,0,19.781
2019-10-11 05:00,0.020,0.014,0.028,20.135
2019-10-11 06:00,0.173,0.115,0.098,21.440
2019-10-11 07:00,0.371,0.317,0.128,22.614
2019-10-11 08:00,0.522,0.504,0.138,23.735
2019-10-11 09:00,0.634,0.668,0.135,24.638
2019-10-11 10:00,0.693,0.768,0.127,24.991
2019-10-11 11:00,0.687,0.763,0.122,25.097
2019-10-11 12:00,0.623,0.673,0.116,24.980
2019-10-11 13:00,0.505,0.514,0.107,24.653
2019-10-11 14:00,0.322,0.292,0.095,24.018
2019-10-11 15:00,0.117,0.093,0.059,23.017
2019-10-11 16:00,0,0.001,0.003,21.459
2019-10-11 17:00,0,0,0,20.772
2019-10-11 18:00,0,0,0,20.359
2019-10-11 19:00,0,0,0,20.046
2019-10-11 20:00,0,0,0,19.825
2019-10-11 21:00,0,0,0,19.761
2019-10-11 22:00,0,0,0,19.764
2019-10-11 23:00,0,0,0,19.865
2019-10-12 00:00,0,0,0,20.042
2019-10-12 01:00,0,0,0,20.114
2019-10-12 02:00,0,0,0,20.126
2019-10-12 03:00,0,0,0,20.031
2019-10-12 04:00,0,0,0,19.837
2019-10-12 05:00,0.038,0.036,0.027,19.966
2019-10-12 06:00,0.244,0.219,0.074,21.389
2019-10-12 07:00,0.448,0.452,0.089,22.858
2019-10-12 08:00,0.595,0.647,0.097,24.137
2019-10-12 09:00,0.695,0.797,0.099,24.737
2019-10-12 10:00,0.731,0.852,0.101,24.946
2019-10-12 11:00,0.716,0.829,0.101,24.894
2019-10-12 12:00,0.649,0.728,0.098,24.652
2019-10-12 13:00,0.528,0.561,0.091,24.229
2019-10-12 14:00,0.353,0.346,0.079,23.650
2019-10-12 15:00,0.135,0.120,0.053,22.805
2019-10-12 16:00,0,0.001,0.003,21.407
2019-10-12 17:00,0,0,0,20.943
2019-10-12 18:00,0,0,0,20.718
2019-10-12 19:00,0,0,0,20.549
2019-10-12 20:00,0,0,0,20.393
2019-10-12 21:00,0,0,0,20.245
2019-10-12 22:00,0,0,0,20.181
2019-10-12 23:00,0,0,0,20.183
2019-10-13 00:00,0,0,0,20.155
2019-10-13 01:00,0,0,0,19.972
2019-10-13 02:00,0,0,0,19.844
2019-10-13 03:00,0,0,0,19.613
2019-10-13 04:00,0,0,0,19.249
2019-10-13 05:00,0.045,0.047,0.024,19.148
2019-10-13 06:00,0.266,0.252,0.064,20.497
2019-10-13 07:00,0.473,0.495,0.076,21.927
2019-10-13 08:00,0.619,0.692,0.085,23.478
2019-10-13 09:00,0.708,0.826,0.090,24.594
2019-10-13 10:00,0.744,0.883,0.092,25.023
2019-10-13 11:00,0.730,0.861,0.092,25.086
2019-10-13 12:00,0.664,0.762,0.088,24.940
2019-10-13 13:00,0.544,0.592,0.081,24.542
2019-10-13 14:00,0.366,0.369,0.072,23.785
2019-10-13 15:00,0.145,0.134,0.049,22.489
2019-10-13 16:00,0,0.001,0.002,20.537
2019-10-13 17:00,0,0,0,19.821
2019-10-13 18:00,0,0,0,19.451
2019-10-13 19:00,0,0,0,19.189
2019-10-13 20:00,0,0,0,18.997
2019-10-13 21:00,0,0,0,18.853
2019-10-13 22:00,0,0,0,18.768
2019-10-13 23:00,0,0,0,18.661
2019-10-14 00:00,0,0,0,18.555
2019-10-14 01:00,0,0,0,18.453
2019-10-14 02:00,0,0,0,18.308
2019-10-14 03:00,0,0,0,18.085
2019-10-14 04:00,0,0,0,17.767
2019-10-14 05:00,0.044,0.046,0.023,17.820
2019-10-14 06:00,0.267,0.254,0.062,19.323
2019-10-14 07:00,0.477,0.497,0.075,20.647
2019-10-14 08:00,0.624,0.695,0.083,22.229
2019-10-14 09:00,0.713,0.828,0.089,23.328
2019-10-14 10:00,0.748,0.885,0.091,24.140
2019-10-14 11:00,0.732,0.862,0.091,24.483
2019-10-14 12:00,0.665,0.761,0.087,24.334
2019-10-14 13:00,0.544,0.591,0.081,23.885
2019-10-14 14:00,0.366,0.368,0.071,23.089
2019-10-14 15:00,0.143,0.133,0.048,21.830
2019-10-14 16:00,0,0.002,0.002,19.981
2019-10-14 17:00,0,0,0,19.353
2019-10-14 18:00,0,0,0,19.054
2019-10-14 19:00,0,0,0,18.846
2019-10-14 20:00,0,0,0,18.714
2019-10-14 21:00,0,0,0,18.659
2019-10-14 22:00,0,0,0,18.769
2019-10-14 23:00,0,0,0,18.771
2019-10-15 00:00,0,0,0,18.626
2019-10-15 01:00,0,0,0,18.416
2019-10-15 02:00,0,0,0,18.136
2019-10-15 03:00,0,0,0,17.887
2019-10-15 04:00,0,0,0,17.651
2019-10-15 05:00,0.040,0.043,0.022,17.717
2019-10-15 06:00,0.261,0.246,0.062,19.220
2019-10-15 07:00,0.472,0.490,0.076,20.530
2019-10-15 08:00,0.621,0.687,0.084,21.801
2019-10-15 09:00,0.709,0.820,0.090,23.157
2019-10-15 10:00,0.744,0.876,0.092,23.970
2019-10-15 11:00,0.729,0.853,0.092,24.162
2019-10-15 12:00,0.663,0.755,0.088,24.065
2019-10-15 13:00,0.542,0.587,0.081,23.789
2019-10-15 14:00,0.364,0.366,0.071,23.263
2019-10-15 15:00,0.143,0.134,0.046,22.124
2019-10-15 16:00,0,-0,0.001,20.678
2019-10-15 17:00,0,0,0,20.371
2019-10-15 18:00,0,0,0,20.202
2019-10-15 19:00,0,0,0,19.991
2019-10-15 20:00,0,0,0,19.676
2019-10-15 21:00,0,0,0,19.365
2019-10-15 22:00,0,0,0,19.195
2019-10-15 23:00,0,0,0,19.078
2019-10-16 00:00,0,0,0,18.966
2019-10-16 01:00,0,0,0,18.824
2019-10-16 02:00,0,0,0,18.607
2019-10-16 03:00,0,0,0,18.465
2019-10-16 04:00,0,0,0,18.302
2019-10-16 05:00,0.028,0.029,0.023,18.413
2019-10-16 06:00,0.211,0.173,0.081,20.107
2019-10-16 07:00,0.399,0.367,0.110,21.615
2019-10-16 08:00,0.533,0.523,0.130,23.029
2019-10-16 09:00,0.606,0.611,0.149,24.009
2019-10-16 10:00,0.579,0.543,0.180,24.430
2019-10-16 11:00,0.605,0.599,0.162,24.691
2019-10-16 12:00,0.560,0.551,0.147,24.741
2019-10-16 13:00,0.388,0.317,0.152,24.437
2019-10-16 14:00,0.200,0.124,0.122,23.837
2019-10-16 15:00,0.053,0.031,0.051,22.689
2019-10-16 16:00,0,-0,0.001,21.321
2019-10-16 17:00,0,0,0,20.926
2019-10-16 18:00,0,0,0,20.722
2019-10-16 19:00,0,0,0,20.660
2019-10-16 20:00,0,0,0,20.495
2019-10-16 21:00,0,0,0,20.415
2019-10-16 22:00,0,0,0,20.448
2019-10-16 23:00,0,0,0,20.471
2019-10-17 00:00,0,0,0,20.437
2019-10-17 01:00,0,0,0,20.330
2019-10-17 02:00,0,0,0,20.191
2019-10-17 03:00,0,0,0,19.891
2019-10-17 04:00,0,0,0,19.396
2019-10-17 05:00,0.004,0.004,0.017,19.101
2019-10-17 06:00,0.083,0.025,0.088,19.723
2019-10-17 07:00,0.184,0.065,0.159,20.505
2019-10-17 08:00,0.283,0.121,0.217,21.332
2019-10-17 09:00,0.354,0.172,0.251,22.380
2019-10-17 10:00,0.411,0.234,0.262,23.230
2019-10-17 11:00,0.453,0.305,0.244,23.649
2019-10-17 12:00,0.450,0.338,0.208,23.687
2019-10-17 13:00,0.351,0.248,0.173,23.394
2019-10-17 14:00,0.241,0.171,0.121,22.874
2019-10-17 15:00,0.088,0.067,0.053,21.810
2019-10-17 16:00,0,0,0.001,20.362
2019-10-17 17:00,0,0,0,19.860
2019-10-17 18:00,0,0,0,19.531
2019-10-17 19:00,0,0,0,19.218
2019-10-17 20:00,0,0,0,18.954
2019-10-17 21:00,0,0,0,18.862
2019-10-17 22:00,0,0,0,18.919
2019-10-17 23:00,0,0,0,18.937
2019-10-18 00:00,0,0,0,18.952
2019-10-18 01:00,0,0,0,18.958
2019-10-18 02:00,0,0,0,18.850
2019-10-18 03:00,0,0,0,18.608
2019-10-18 04:00,0,0,0,18.296
2019-10-18 05:00,0.025,0.027,0.020,18.080
2019-10-18 06:00,0.223,0.195,0.071,19.317
2019-10-18 07:00,0.434,0.429,0.088,20.542
2019-10-18 08:00,0.584,0.622,0.098,22.049
2019-10-18 09:00,0.678,0.759,0.103,23.275
2019-10-18 10:00,0.714,0.815,0.106,23.978
2019-10-18 11:00,0.699,0.794,0.105,24.094
2019-10-18 12:00,0.634,0.698,0.100,23.810
2019-10-18 13:00,0.512,0.533,0.093,23.254
2019-10-18 14:00,0.327,0.310,0.082,22.452
2019-10-18 15:00,0.116,0.107,0.043,21.340
2019-10-18 16:00,0,0,0.001,19.813
2019-10-18 17:00,0,0,0,19.457
2019-10-18 18:00,0,0,0,19.325
2019-10-18 19:00,0,0,0,19.192
2019-10-18 20:00,0,0,0,18.997
2019-10-18 21:00,0,0,0,18.954
2019-10-18 22:00,0,0,0,18.963
2019-10-18 23:00,0,0,0,18.899
2019-10-19 00:00,0,0,0,18.869
2019-10-19 01:00,0,0,0,18.867
2019-10-19 02:00,0,0,0,18.801
2019-10-19 03:00,0,0,0,18.585
2019-10-19 04:00,0,0,0,18.295
2019-10-19 05:00,0.024,0.028,0.018,18.213
2019-10-19 06:00,0.227,0.204,0.067,19.452
2019-10-19 07:00,0.442,0.445,0.083,20.804
2019-10-19 08:00,0.594,0.642,0.092,21.993
2019-10-19 09:00,0.689,0.780,0.097,22.772
2019-10-19 10:00,0.727,0.837,0.099,23.142
2019-10-19 11:00,0.712,0.814,0.099,23.233
2019-10-19 12:00,0.642,0.711,0.096,23.123
2019-10-19 13:00,0.517,0.543,0.089,22.823
2019-10-19 14:00,0.334,0.322,0.078,22.281
2019-10-19 15:00,0.114,0.107,0.041,21.295
2019-10-19 16:00,0,0,0,19.990
2019-10-19 17:00,0,0,0,19.874
2019-10-19 18:00,0,0,0,19.930
2019-10-19 19:00,0,0,0,19.799
2019-10-19 20:00,0,0,0,19.434
2019-10-19 21:00,0,0,0,19.149
2019-10-19 22:00,0,0,0,18.978
2019-10-19 23:00,0,0,0,18.779
2019-10-20 00:00,0,0,0,18.627
2019-10-20 01:00,0,0,0,18.519
2019-10-20 02:00,0,0,0,18.460
2019-10-20 03:00,0,0,0,18.407
2019-10-20 04:00,0,0,0,18.374
2019-10-20 05:00,0.024,0.029,0.017,18.212
2019-10-20 06:00,0.231,0.212,0.064,19.535
2019-10-20 07:00,0.446,0.455,0.079,20.895
2019-10-20 08:00,0.599,0.654,0.087,22.101
2019-10-20 09:00,0.697,0.799,0.091,23.012
2019-10-20 10:00,0.734,0.857,0.094,23.647
2019-10-20 11:00,0.718,0.835,0.093,23.956
2019-10-20 12:00,0.652,0.738,0.089,23.948
2019-10-20 13:00,0.529,0.568,0.082,23.641
2019-10-20 14:00,0.348,0.346,0.071,23.013
2019-10-20 15:00,0.122,0.119,0.038,21.686
2019-10-20 16:00,0,0,0,20.187
2019-10-20 17:00,0,0,0,19.924
2019-10-20 18:00,0,0,0,19.912
2019-10-20 19:00,0,0,0,19.828
2019-10-20 20:00,0,0,0,19.601
2019-10-20 21:00,0,0,0,19.340
2019-10-20 22:00,0,0,0,19.241
2019-10-20 23:00,0,0,0,19.196
2019-10-21 00:00,0,0,0,19.107
2019-10-21 01:00,0,0,0,18.987
2019-10-21 02:00,0,0,0,18.832
2019-10-21 03:00,0,0,0,18.583
2019-10-21 04:00,0,0,0,18.204
2019-10-21 05:00,0.024,0.030,0.016,17.923
2019-10-21 06:00,0.236,0.220,0.060,19.229
2019-10-21 07:00,0.454,0.468,0.075,20.611
2019-10-21 08:00,0.607,0.669,0.083,21.976
2019-10-21 09:00,0.698,0.805,0.089,23.354
2019-10-21 10:00,0.733,0.863,0.091,24.525
2019-10-21 11:00,0.717,0.841,0.091,24.919
2019-10-21 12:00,0.649,0.738,0.088,24.763
2019-10-21 13:00,0.527,0.569,0.081,24.261
2019-10-21 14:00,0.346,0.345,0.070,23.346
2019-10-21 15:00,0.117,0.114,0.037,21.698
2019-10-21 16:00,0,0,0,19.964
2019-10-21 17:00,0,0,0,19.591
2019-10-21 18:00,0,0,0,19.327
2019-10-21 19:00,0,0,0,19.068
2019-10-21 20:00,0,0,0,18.939
2019-10-21 21:00,0,0,0,18.816
2019-10-21 22:00,0,0,0,18.703
2019-10-21 23:00,0,0,0,18.610
2019-10-22 00:00,0,0,0,18.545
2019-10-22 01:00,0,0,0,18.504
2019-10-22 02:00,0,0,0,18.490
2019-10-22 03:00,0,0,0,18.536
2019-10-22 04:00,0,0,0,18.475
2019-10-22 05:00,0.022,0.029,0.015,18.336
2019-10-22 06:00,0.234,0.220,0.059,19.660
2019-10-22 07:00,0.452,0.468,0.074,21.263
2019-10-22 08:00,0.603,0.669,0.082,23.177
2019-10-22 09:00,0.691,0.805,0.088,25.195
2019-10-22 10:00,0.727,0.861,0.091,25.764
2019-10-22 11:00,0.712,0.838,0.091,25.865
2019-10-22 12:00,0.644,0.735,0.088,25.703
2019-10-22 13:00,0.520,0.562,0.082,25.209
2019-10-22 14:00,0.337,0.335,0.071,24.146
2019-10-22 15:00,0.105,0.102,0.036,22.173
2019-10-22 16:00,0,0,0,20.391
2019-10-22 17:00,0,0,0,19.900
2019-10-22 18:00,0,0,0,19.716
2019-10-22 19:00,0,0,0,19.585
2019-10-22 20:00,0,0,0,19.559
2019-10-22 21:00,0,0,0,19.509
2019-10-22 22:00,0,0,0,19.483
2019-10-22 23:00,0,0,0,19.405
2019-10-23 00:00,0,0,0,19.272
2019-10-23 01:00,0,0,0,19.193
2019-10-23 02:00,0,0,0,19.076
2019-10-23 03:00,0,0,0,18.878
2019-10-23 04:00,0,0,0,18.548
2019-10-23 05:00,0.017,0.024,0.014,18.378
2019-10-23 06:00,0.221,0.203,0.061,19.749
2019-10-23 07:00,0.439,0.449,0.077,21.566
2019-10-23 08:00,0.592,0.651,0.085,23.427
2019-10-23 09:00,0.687,0.793,0.090,24.655
2019-10-23 10:00,0.723,0.851,0.092,25.228
2019-10-23 11:00,0.709,0.829,0.092,25.338
2019-10-23 12:00,0.645,0.734,0.087,25.105
2019-10-23 13:00,0.521,0.562,0.081,24.527
2019-10-23 14:00,0.339,0.337,0.070,23.429
2019-10-23 15:00,0.103,0.101,0.035,21.524
2019-10-23 16:00,0,0,0,19.907
2019-10-23 17:00,0,0,0,19.707
2019-10-23 18:00,0,0,0,19.683
2019-10-23 19:00,0,0,0,19.511
2019-10-23 20:00,0,0,0,19.520
2019-10-23 21:00,0,0,0,19.491
2019-10-23 22:00,0,0,0,19.445
2019-10-23 23:00,0,0,0,19.292
2019-10-24 00:00,0,0,0,19.239
2019-10-24 01:00,0,0,0,19.038
2019-10-24 02:00,0,0,0,18.783
2019-10-24 03:00,0,0,0,18.469
2019-10-24 04:00,0,0,0,18.123
2019-10-24 05:00,0.018,0.026,0.013,17.973
2019-10-24 06:00,0.233,0.222,0.055,19.427
2019-10-24 07:00,0.455,0.477,0.069,21.404
2019-10-24 08:00,0.609,0.682,0.077,22.895
2019-10-24 09:00,0.703,0.822,0.082,23.958
2019-10-24 10:00,0.739,0.879,0.085,24.489
2019-10-24 11:00,0.725,0.857,0.084,24.645
2019-10-24 12:00,0.659,0.760,0.080,24.596
2019-10-24 13:00,0.538,0.593,0.073,24.378
2019-10-24 14:00,0.357,0.368,0.063,23.816
2019-10-24 15:00,0.112,0.115,0.031,22.125
2019-10-24 16:00,0,0,0,20.698
2019-10-24 17:00,0,0,0,20.164
2019-10-24 18:00,0,0,0,19.825
2019-10-24 19:00,0,0,0,19.460
2019-10-24 20:00,0,0,0,19.239
2019-10-24 21:00,0,0,0,19.072
2019-10-24 22:00,0,0,0,18.977
2019-10-24 23:00,0,0,0,18.817
2019-10-25 00:00,0,0,0,18.580
2019-10-25 01:00,0,0,0,18.336
2019-10-25 02:00,0,0,0,18.161
2019-10-25 03:00,0,0,0,18.084
2019-10-25 04:00,0,0,0,17.927
2019-10-25 05:00,0.018,0.027,0.012,17.954
2019-10-25 06:00,0.240,0.234,0.052,19.051
2019-10-25 07:00,0.465,0.491,0.065,20.691
2019-10-25 08:00,0.620,0.698,0.073,22.106
2019-10-25 09:00,0.712,0.837,0.078,23.523
2019-10-25 10:00,0.747,0.898,0.080,24.661
2019-10-25 11:00,0.732,0.878,0.079,25.200
2019-10-25 12:00,0.665,0.776,0.076,25.173
2019-10-25 13:00,0.541,0.600,0.071,24.627
2019-10-25 14:00,0.356,0.366,0.062,23.357
2019-10-25 15:00,0.103,0.105,0.031,21.126
2019-10-25 16:00,0,0,0,19.641
2019-10-25 17:00,0,0,0,19.353
2019-10-25 18:00,0,0,0,19.156
2019-10-25 19:00,0,0,0,18.938
2019-10-25 20:00,0,0,0,18.698
2019-10-25 21:00,0,0,0,18.671
2019-10-25 22:00,0,0,0,18.763
2019-10-25 23:00,0,0,0,18.811
2019-10-26 00:00,0,0,0,18.900
2019-10-26 01:00,0,0,0,18.877
2019-10-26 02:00,0,0,0,18.875
2019-10-26 03:00,0,0,0,18.745
2019-10-26 04:00,0,0,0,18.495
2019-10-26 05:00,0.012,0.020,0.011,18.272
2019-10-26 06:00,0.219,0.206,0.056,19.464
2019-10-26 07:00,0.443,0.460,0.071,21.318
2019-10-26 08:00,0.600,0.666,0.079,22.766
2019-10-26 09:00,0.692,0.802,0.085,24.138
2019-10-26 10:00,0.728,0.861,0.088,24.984
2019-10-26 11:00,0.713,0.839,0.087,25.125
2019-10-26 12:00,0.646,0.737,0.084,24.896
2019-10-26 13:00,0.521,0.563,0.078,24.283
2019-10-26 14:00,0.335,0.334,0.068,23.108
2019-10-26 15:00,0.087,0.087,0.031,21.091
2019-10-26 16:00,0,0,0,19.657
2019-10-26 17:00,0,0,0,19.445
2019-10-26 18:00,0,0,0,19.386
2019-10-26 19:00,0,0,0,19.315
2019-10-26 20:00,0,0,0,19.125
2019-10-26 21:00,0,0,0,19.002
2019-10-26 22:00,0,0,0,18.765
2019-10-26 23:00,0,0,0,18.610
2019-10-27 00:00,0,0,0,18.442
2019-10-27 01:00,0,0,0,18.232
2019-10-27 02:00,0,0,0,18.062
2019-10-27 03:00,0,0,0,17.950
2019-10-27 04:00,0,0,0,17.727
2019-10-27 05:00,0.008,0.016,0.010,17.570
2019-10-27 06:00,0.201,0.183,0.058,18.515
2019-10-27 07:00,0.428,0.435,0.074,20.217
2019-10-27 08:00,0.589,0.644,0.081,21.458
2019-10-27 09:00,0.690,0.794,0.084,22.807
2019-10-27 10:00,0.727,0.853,0.086,23.745
2019-10-27 11:00,0.711,0.830,0.086,23.974
2019-10-27 12:00,0.641,0.726,0.084,23.777
2019-10-27 13:00,0.514,0.550,0.078,23.201
2019-10-27 14:00,0.325,0.320,0.068,22.146
2019-10-27 15:00,0.076,0.076,0.030,20.214
2019-10-27 16:00,0,0,0,18.581
2019-10-27 17:00,0,0,0,18.142
2019-10-27 18:00,0,0,0,17.833
2019-10-27 19:00,0,0,0,17.532
2019-10-27 20:00,0,0,0,17.257
2019-10-27 21:00,0,0,0,17.070
2019-10-27 22:00,0,0,0,16.943
2019-10-27 23:00,0,0,0,16.762
2019-10-28 00:00,0,0,0,16.599
2019-10-28 01:00,0,0,0,16.513
2019-10-28 02:00,0,0,0,16.465
2019-10-28 03:00,0,0,0,16.361
2019-10-28 04:00,0,0,0,16.196
2019-10-28 05:00,0.006,0.015,0.010,16.086
2019-10-28 06:00,0.203,0.186,0.056,16.961
2019-10-28 07:00,0.434,0.440,0.072,18.312
2019-10-28 08:00,0.597,0.648,0.079,19.436
2019-10-28 09:00,0.693,0.787,0.084,20.632
2019-10-28 10:00,0.731,0.846,0.087,21.429
2019-10-28 11:00,0.713,0.819,0.088,21.779
2019-10-28 12:00,0.641,0.715,0.085,21.852
2019-10-28 13:00,0.512,0.542,0.079,21.587
2019-10-28 14:00,0.322,0.314,0.068,20.903
2019-10-28 15:00,0.072,0.072,0.029,19.292
2019-10-28 16:00,0,0,0,17.991
2019-10-28 17:00,0,0,0,17.732
2019-10-28 18:00,0,0,0,17.526
2019-10-28 19:00,0,0,0,17.298
2019-10-28 20:00,0,0,0,17.226
2019-10-28 21:00,0,0,0,17.297
2019-10-28 22:00,0,0,0,17.269
2019-10-28 23:00,0,0,0,17.193
2019-10-29 00:00,0,0,0,17.055
2019-10-29 01:00,0,0,0,16.853
2019-10-29 02:00,0,0,0,16.644
2019-10-29 03:00,0,0,0,16.427
2019-10-29 04:00,0,0,0,16.262
2019-10-29 05:00,0.004,0.013,0.009,16.194
2019-10-29 06:00,0.197,0.179,0.056,17.119
2019-10-29 07:00,0.433,0.439,0.071,18.553
2019-10-29 08:00,0.595,0.648,0.078,19.693
2019-10-29 09:00,0.698,0.799,0.081,20.956
2019-10-29 10:00,0.734,0.856,0.084,21.954
2019-10-29 11:00,0.715,0.829,0.085,22.370
2019-10-29 12:00,0.643,0.724,0.083,22.384
2019-10-29 13:00,0.512,0.544,0.078,22.093
2019-10-29 14:00,0.318,0.310,0.068,21.443
2019-10-29 15:00,0.065,0.065,0.028,20.032
2019-10-29 16:00,0,0,0,19.284
2019-10-29 17:00,0,0,0,19.194
2019-10-29 18:00,0,0,0,19.339
2019-10-29 19:00,0,0,0,19.265
2019-10-29 20:00,0,0,0,19.167
2019-10-29 21:00,0,0,0,19.041
2019-10-29 22:00,0,0,0,18.813
2019-10-29 23:00,0,0,0,18.644
2019-10-30 00:00,0,0,0,18.488
2019-10-30 01:00,0,0,0,18.241
2019-10-30 02:00,0,0,0,17.841
2019-10-30 03:00,0,0,0,17.593
2019-10-30 04:00,0,0,0,17.345
2019-10-30 05:00,0,0.007,0.009,17.215
2019-10-30 06:00,0.144,0.107,0.072,18.369
2019-10-30 07:00,0.324,0.266,0.117,20.152
2019-10-30 08:00,0.450,0.391,0.149,21.300
2019-10-30 09:00,0.503,0.431,0.179,21.991
2019-10-30 10:00,0.511,0.421,0.200,22.319
2019-10-30 11:00,0.432,0.301,0.219,22.344
2019-10-30 12:00,0.309,0.161,0.208,22.060
2019-10-30 13:00,0.187,0.071,0.158,21.583
2019-10-30 14:00,0.080,0.024,0.086,20.925
2019-10-30 15:00,0.005,0.004,0.019,19.795
2019-10-30 16:00,0,0,0,19.204
2019-10-30 17:00,0,0,0,19.077
2019-10-30 18:00,0,0,0,18.984
2019-10-30 19:00,0,0,0,18.964
2019-10-30 20:00,0,0,0,18.976
2019-10-30 21:00,0,0,0,18.888
2019-10-30 22:00,0,0,0,18.753
2019-10-30 23:00,0,0,0,18.601
2019-10-31 00:00,0,0,0,18.517
2019-10-31 01:00,0,0,0,18.462
2019-10-31 02:00,0,0,0,18.462
2019-10-31 03:00,0,0,0,18.378
2019-10-31 04:00,0,0,0,18.237
2019-10-31 05:00,0,0.002,0.006,18.180
2019-10-31 06:00,0.082,0.043,0.069,18.592
2019-10-31 07:00,0.244,0.161,0.129,19.226
2019-10-31 08:00,0.436,0.371,0.147,19.949
2019-10-31 09:00,0.548,0.513,0.152,20.646
2019-10-31 10:00,0.601,0.590,0.150,21.189
2019-10-31 11:00,0.597,0.592,0.144,21.443
2019-10-31 12:00,0.541,0.527,0.131,21.384
2019-10-31 13:00,0.438,0.413,0.111,21.123
2019-10-31 14:00,0.257,0.220,0.086,20.609
2019-10-31 15:00,0.040,0.038,0.028,19.495
2019-10-31 16:00,0,0,0,18.778
2019-10-31 17:00,0,0,0,18.630
2019-10-31 18:00,0,0,0,18.581
2019-10-31 19:00,0,0,0,18.597
2019-10-31 20:00,0,0,0,18.446
2019-10-31 21:00,0,0,0,18.244
2019-10-31 22:00,0,0,0,17.974
2019-10-31 23:00,0,0,0,17.738
2019-11-01 00:00,0,0,0,17.500
2019-11-01 01:00,0,0,0,17.270
2019-11-01 02:00,0,0,0,17.123
2019-11-01 03:00,0,0,0,17.007
2019-11-01 04:00,0,0,0,16.917
2019-11-01 05:00,0,0.005,0.007,16.885
2019-11-01 06:00,0.137,0.104,0.067,17.890
2019-11-01 07:00,0.351,0.312,0.101,19.181
2019-11-01 08:00,0.492,0.466,0.123,20.031
2019-11-01 09:00,0.599,0.602,0.131,20.518
2019-11-01 10:00,0.584,0.556,0.158,20.755
2019-11-01 11:00,0.518,0.448,0.177,20.799
2019-11-01 12:00,0.439,0.353,0.171,20.683
2019-11-01 13:00,0.310,0.219,0.148,20.418
2019-11-01 14:00,0.143,0.082,0.097,19.941
2019-11-01 15:00,0.012,0.010,0.022,18.954
2019-11-01 16:00,0,0,0,18.401
2019-11-01 17:00,0,0,0,18.259
2019-11-01 18:00,0,0,0,18.049
2019-11-01 19:00,0,0,0,17.842
2019-11-01 20:00,0,0,0,17.673
2019-11-01 21:00,0,0,0,17.573
2019-11-01 22:00,0,0,0,17.489
2019-11-01 23:00,0,0,0,17.327
2019-11-02 00:00,0,0,0,17.282
2019-11-02 01:00,0,0,0,17.206
2019-11-02 02:00,0,0,0,17.144
2019-11-02 03:00,0,0,0,17.110
2019-11-02 04:00,0,0,0,17.085
2019-11-02 05:00,0,0,0.004,17.100
2019-11-02 06:00,0.035,0.008,0.051,17.700
2019-11-02 07:00,0.125,0.032,0.126,18.330
2019-11-02 08:00,0.204,0.059,0.186,18.932
2019-11-02 09:00,0.233,0.062,0.216,19.407
2019-11-02 10:00,0.240,0.060,0.226,19.695
2019-11-02 11:00,0.232,0.057,0.220,19.891
2019-11-02 12:00,0.208,0.054,0.196,20.004
2019-11-02 13:00,0.165,0.048,0.154,20.003
2019-11-02 14:00,0.098,0.034,0.095,19.821
2019-11-02 15:00,0.009,0.006,0.022,19.254
2019-11-02 16:00,0,0,0,18.660
2019-11-02 17:00,0,0,0,18.335
2019-11-02 18:00,0,0,0,18.087
2019-11-02 19:00,0,0,0,18.049
2019-11-02 20:00,0,0,0,18.037
2019-11-02 21:00,0,0,0,18.111
2019-11-02 22:00,0,0,0,18.302
2019-11-02 23:00,0,0,0,18.468
2019-11-03 00:00,0,0,0,18.569
2019-11-03 01:00,0,0,0,18.691
2019-11-03 02:00,0,0,0,18.832
2019-11-03 03:00,0,0,0,18.998
2019-11-03 04:00,0,0,0,19.081
2019-11-03 05:00,0,0.001,0.004,19.190
2019-11-03 06:00,0.059,0.023,0.063,19.639
2019-11-03 07:00,0.221,0.126,0.140,20.284
2019-11-03 08:00,0.303,0.171,0.190,20.888
2019-11-03 09:00,0.340,0.178,0.227,21.216
2019-11-03 10:00,0.317,0.135,0.241,21.250
2019-11-03 11:00,0.265,0.088,0.228,21.164
2019-11-03 12:00,0.185,0.045,0.181,21.002
2019-11-03 13:00,0.145,0.039,0.143,20.833
2019-11-03 14:00,0.097,0.036,0.092,20.592
2019-11-03 15:00,0.010,0.008,0.021,20.130
2019-11-03 16:00,0,0,0,19.816
2019-11-03 17:00,0,0,0,19.760
2019-11-03 18:00,0,0,0,19.763
2019-11-03 19:00,0,0,0,19.775
2019-11-03 20:00,0,0,0,19.822
2019-11-03 21:00,0,0,0,19.884
2019-11-03 22:00,0,0,0,19.954
2019-11-03 23:00,0,0,0,19.990
2019-11-04 00:00,0,0,0,19.984
2019-11-04 01:00,0,0,0,19.955
2019-11-04 02:00,0,0,0,19.938
2019-11-04 03:00,0,0,0,20.010
2019-11-04 04:00,0,0,0,20.115
2019-11-04 05:00,0,0,0.001,20.193
2019-11-04 06:00,0.002,0.001,0.017,20.267
2019-11-04 07:00,0.034,0.003,0.055,20.367
2019-11-04 08:00,0.077,0.007,0.100,20.465
2019-11-04 09:00,0.124,0.014,0.144,20.587
2019-11-04 10:00,0.184,0.033,0.192,20.773
2019-11-04 11:00,0.323,0.146,0.237,20.932
2019-11-04 12:00,0.505,0.442,0.167,21.042
2019-11-04 13:00,0.427,0.385,0.124,20.891
2019-11-04 14:00,0.261,0.223,0.088,20.502
2019-11-04 15:00,0.033,0.033,0.025,19.364
2019-11-04 16:00,0,0,0,18.689
2019-11-04 17:00,0,0,0,18.550
2019-11-04 18:00,0,0,0,18.733
2019-11-04 19:00,0,0,0,18.752
2019-11-04 20:00,0,0,0,18.664
2019-11-04 21:00,0,0,0,18.641
2019-11-04 22:00,0,0,0,18.500
2019-11-04 23:00,0,0,0,18.310
2019-11-05 00:00,0,0,0,17.857
2019-11-05 01:00,0,0,0,17.506
2019-11-05 02:00,0,0,0,17.279
2019-11-05 03:00,0,0,0,17.178
2019-11-05 04:00,0,0,0,17.075
2019-11-05 05:00,0,0.005,0.005,17.008
2019-11-05 06:00,0.172,0.158,0.050,18.344
2019-11-05 07:00,0.401,0.402,0.071,19.672
2019-11-05 08:00,0.565,0.607,0.081,20.524
2019-11-05 09:00,0.656,0.729,0.090,21.100
2019-11-05 10:00,0.696,0.786,0.093,21.393
2019-11-05 11:00,0.685,0.771,0.091,21.488
2019-11-05 12:00,0.615,0.673,0.088,21.424
2019-11-05 13:00,0.488,0.507,0.080,21.176
2019-11-05 14:00,0.298,0.288,0.065,20.668
2019-11-05 15:00,0.038,0.043,0.020,19.827
2019-11-05 16:00,0,0,0,19.294
2019-11-05 17:00,0,0,0,19.192
2019-11-05 18:00,0,0,0,19.124
2019-11-05 19:00,0,0,0,19.133
2019-11-05 20:00,0,0,0,19.160
2019-11-05 21:00,0,0,0,19.159
2019-11-05 22:00,0,0,0,19.174
2019-11-05 23:00,0,0,0,19.185
2019-11-06 00:00,0,0,0,19.194
2019-11-06 01:00,0,0,0,19.189
2019-11-06 02:00,0,0,0,19.188
2019-11-06 03:00,0,0,0,19.136
2019-11-06 04:00,0,0,0,19.139
2019-11-06 05:00,0,0.001,0.004,19.148
2019-11-06 06:00,0.066,0.032,0.062,19.670
2019-11-06 07:00,0.227,0.140,0.132,20.345
2019-11-06 08:00,0.366,0.261,0.173,20.935
2019-11-06 09:00,0.410,0.281,0.209,21.314
2019-11-06 10:00,0.390,0.231,0.233,21.396
2019-11-06 11:00,0.312,0.139,0.232,21.250
2019-11-06 12:00,0.192,0.051,0.183,20.952
2019-11-06 13:00,0.104,0.019,0.118,20.689
2019-11-06 14:00,0.037,0.007,0.055,20.259
2019-11-06 15:00,0,0.001,0.007,19.723
2019-11-06 16:00,0,0,0,19.474
2019-11-06 17:00,0,0,0,19.411
2019-11-06 18:00,0,0,0,19.385
2019-11-06 19:00,0,0,0,19.380
2019-11-06 20:00,0,0,0,19.385
2019-11-06 21:00,0,0,0,19.351
2019-11-06 22:00,0,0,0,19.251
2019-11-06 23:00,0,0,0,19.152
2019-11-07 00:00,0,0,0,19.094
2019-11-07 01:00,0,0,0,19.002
2019-11-07 02:00,0,0,0,18.897
2019-11-07 03:00,0,0,0,18.839
2019-11-07 04:00,0,0,0,18.732
2019-11-07 05:00,0,0,0,18.528
2019-11-07 06:00,0,0,0.010,18.324
2019-11-07 07:00,0.024,0.001,0.046,18.214
2019-11-07 08:00,0.041,0.002,0.064,18.152
2019-11-07 09:00,0.039,0.001,0.062,18.154
2019-11-07 10:00,0.049,0.002,0.073,18.360
2019-11-07 11:00,0.056,0.002,0.081,18.641
2019-11-07 12:00,0.052,0.002,0.077,18.914
2019-11-07 13:00,0.034,0.002,0.057,19.089
2019-11-07 14:00,0.010,0.001,0.028,19.082
2019-11-07 15:00,0,0,0.004,18.880
2019-11-07 16:00,0,0,0,18.762
2019-11-07 17:00,0,0,0,18.672
2019-11-07 18:00,0,0,0,18.612
2019-11-07 19:00,0,0,0,18.613
2019-11-07 20:00,0,0,0,18.594
2019-11-07 21:00,0,0,0,18.563
2019-11-07 22:00,0,0,0,18.443
2019-11-07 23:00,0,0,0,18.245
2019-11-08 00:00,0,0,0,18.015
2019-11-08 01:00,0,0,0,17.821
2019-11-08 02:00,0,0,0,17.740
2019-11-08 03:00,0,0,0,17.584
2019-11-08 04:00,0,0,0,17.303
2019-11-08 05:00,0,0,0.001,16.960
2019-11-08 06:00,0.025,0.007,0.040,17.179
2019-11-08 07:00,0.121,0.041,0.112,17.676
2019-11-08 08:00,0.276,0.152,0.172,17.746
2019-11-08 09:00,0.454,0.356,0.180,17.971
2019-11-08 10:00,0.574,0.536,0.156,18.290
2019-11-08 11:00,0.633,0.648,0.126,18.569
2019-11-08 12:00,0.579,0.589,0.111,18.670
2019-11-08 13:00,0.478,0.476,0.090,18.675
2019-11-08 14:00,0.298,0.282,0.068,18.405
2019-11-08 15:00,0.031,0.036,0.018,17.289
2019-11-08 16:00,0,0,0,16.676
2019-11-08 17:00,0,0,0,16.607
2019-11-08 18:00,0,0,0,16.597
2019-11-08 19:00,0,0,0,16.681
2019-11-08 20:00,0,0,0,16.734
2019-11-08 21:00,0,0,0,16.774
2019-11-08 22:00,0,0,0,16.882
2019-11-08 23:00,0,0,0,16.918
2019-11-09 00:00,0,0,0,17.072
2019-11-09 01:00,0,0,0,17.143
2019-11-09 02:00,0,0,0,17.172
2019-11-09 03:00,0,0,0,17.122
2019-11-09 04:00,0,0,0,17.068
2019-11-09 05:00,0,0.001,0.003,17.088
2019-11-09 06:00,0.083,0.053,0.059,17.957
2019-11-09 07:00,0.231,0.154,0.121,18.977
2019-11-09 08:00,0.298,0.184,0.169,19.517
2019-11-09 09:00,0.423,0.311,0.191,19.999
2019-11-09 10:00,0.445,0.328,0.203,20.303
2019-11-09 11:00,0.423,0.302,0.201,20.394
2019-11-09 12:00,0.368,0.253,0.182,20.277
2019-11-09 13:00,0.255,0.159,0.145,19.982
2019-11-09 14:00,0.148,0.096,0.088,19.439
2019-11-09 15:00,0.008,0.011,0.016,18.379
2019-11-09 16:00,0,0,0,17.700
2019-11-09 17:00,0,0,0,17.423
2019-11-09 18:00,0,0,0,17.249
2019-11-09 19:00,0,0,0,17.236
2019-11-09 20:00,0,0,0,17.319
2019-11-09 21:00,0,0,0,17.367
2019-11-09 22:00,0,0,0,17.284
2019-11-09 23:00,0,0,0,17.074
2019-11-10 00:00,0,0,0,16.658
2019-11-10 01:00,0,0,0,16.138
2019-11-10 02:00,0,0,0,15.615
2019-11-10 03:00,0,0,0,15.103
2019-11-10 04:00,0,0,0,14.934
2019-11-10 05:00,0,0.002,0.002,14.772
2019-11-10 06:00,0.125,0.103,0.054,15.582
2019-11-10 07:00,0.322,0.279,0.096,16.738
2019-11-10 08:00,0.450,0.399,0.128,17.256
2019-11-10 09:00,0.445,0.349,0.174,17.622
2019-11-10 10:00,0.447,0.333,0.192,17.761
2019-11-10 11:00,0.543,0.488,0.161,17.910
2019-11-10 12:00,0.420,0.331,0.161,17.811
2019-11-10 13:00,0.294,0.208,0.136,17.602
2019-11-10 14:00,0.144,0.095,0.083,17.197
2019-11-10 15:00,0.013,0.016,0.017,16.183
2019-11-10 16:00,0,0,0,15.656
2019-11-10 17:00,0,0,0,15.514
2019-11-10 18:00,0,0,0,15.526
2019-11-10 19:00,0,0,0,15.515
2019-11-10 20:00,0,0,0,15.543
2019-11-10 21:00,0,0,0,15.684
2019-11-10 22:00,0,0,0,15.694
2019-11-10 23:00,0,0,0,15.734
2019-11-11 00:00,0,0,0,15.723
2019-11-11 01:00,0,0,0,15.669
2019-11-11 02:00,0,0,0,15.641
2019-11-11 03:00,0,0,0,15.614
2019-11-11 04:00,0,0,0,15.561
2019-11-11 05:00,0,0,0.001,15.498
2019-11-11 06:00,0.031,0.012,0.042,15.973
2019-11-11 07:00,0.210,0.129,0.119,17.012
2019-11-11 08:00,0.411,0.340,0.142,17.859
2019-11-11 09:00,0.536,0.495,0.147,18.630
2019-11-11 10:00,0.540,0.484,0.165,18.953
2019-11-11 11:00,0.508,0.436,0.172,19.046
2019-11-11 12:00,0.368,0.256,0.176,18.950
2019-11-11 13:00,0.231,0.136,0.139,18.650
2019-11-11 14:00,0.225,0.187,0.080,18.251
2019-11-11 15:00,0.014,0.018,0.016,17.113
2019-11-11 16:00,0,0,0,16.632
2019-11-11 17:00,0,0,0,16.440
2019-11-11 18:00,0,0,0,16.103
2019-11-11 19:00,0,0,0,15.741
2019-11-11 20:00,0,0,0,15.438
2019-11-11 21:00,0,0,0,15.184
2019-11-11 22:00,0,0,0,15.257
2019-11-11 23:00,0,0,0,15.536
2019-11-12 00:00,0,0,0,15.970
2019-11-12 01:00,0,0,0,16.340
2019-11-12 02:00,0,0,0,16.704
2019-11-12 03:00,0,0,0,17.140
2019-11-12 04:00,0,0,0,17.649
2019-11-12 05:00,0,0,0.001,18.379
2019-11-12 06:00,0.025,0.007,0.040,19.118
2019-11-12 07:00,0.176,0.086,0.130,20.020
2019-11-12 08:00,0.311,0.186,0.183,21.060
2019-11-12 09:00,0.277,0.111,0.219,21.627
2019-11-12 10:00,0.177,0.034,0.183,20.978
2019-11-12 11:00,0.279,0.100,0.231,20.456
2019-11-12 12:00,0.192,0.049,0.184,20.093
2019-11-12 13:00,0.046,0.004,0.068,18.970
2019-11-12 14:00,0.005,0.001,0.021,18.048
2019-11-12 15:00,0,0,0.003,17.753
2019-11-12 16:00,0,0,0,17.728
2019-11-12 17:00,0,0,0,17.681
2019-11-12 18:00,0,0,0,17.614
2019-11-12 19:00,0,0,0,17.668
2019-11-12 20:00,0,0,0,17.537
2019-11-12 21:00,0,0,0,17.373
2019-11-12 22:00,0,0,0,17.312
2019-11-12 23:00,0,0,0,17.254
2019-11-13 00:00,0,0,0,17.089
2019-11-13 01:00,0,0,0,17.092
2019-11-13 02:00,0,0,0,17.063
2019-11-13 03:00,0,0,0,17.155
2019-11-13 04:00,0,0,0,17.510
2019-11-13 05:00,0,0,0.001,17.825
2019-11-13 06:00,0.018,0.004,0.035,18.210
2019-11-13 07:00,0.067,0.010,0.085,18.626
2019-11-13 08:00,0.124,0.020,0.138,18.941
2019-11-13 09:00,0.155,0.024,0.167,19.131
2019-11-13 10:00,0.162,0.025,0.174,19.199
2019-11-13 11:00,0.222,0.056,0.210,19.298
2019-11-13 12:00,0.190,0.049,0.181,19.222
2019-11-13 13:00,0.123,0.029,0.128,18.962
2019-11-13 14:00,0.050,0.013,0.064,18.559
2019-11-13 15:00,0,0.001,0.008,17.843
2019-11-13 16:00,0,0,0,17.494
2019-11-13 17:00,0,0,0,17.370
2019-11-13 18:00,0,0,0,17.241
2019-11-13 19:00,0,0,0,17.056
2019-11-13 20:00,0,0,0,16.791
2019-11-13 21:00,0,0,0,16.604
2019-11-13 22:00,0,0,0,16.612
2019-11-13 23:00,0,0,0,16.390
2019-11-14 00:00,0,0,0,16.357
2019-11-14 01:00,0,0,0,16.371
2019-11-14 02:00,0,0,0,16.345
2019-11-14 03:00,0,0,0,16.399
2019-11-14 04:00,0,0,0,16.411
2019-11-14 05:00,0,0,0.001,16.334
2019-11-14 06:00,0.052,0.029,0.049,16.540
2019-11-14 07:00,0.224,0.152,0.113,17.240
2019-11-14 08:00,0.381,0.298,0.147,17.571
2019-11-14 09:00,0.424,0.318,0.179,17.835
2019-11-14 10:00,0.475,0.375,0.187,17.985
2019-11-14 11:00,0.460,0.360,0.183,17.992
2019-11-14 12:00,0.419,0.331,0.161,17.876
2019-11-14 13:00,0.335,0.264,0.127,17.663
2019-11-14 14:00,0.130,0.082,0.080,17.148
2019-11-14 15:00,0,0.003,0.009,16.322
2019-11-14 16:00,0,0,0,16.138
2019-11-14 17:00,0,0,0,16.074
2019-11-14 18:00,0,0,0,15.860
2019-11-14 19:00,0,0,0,15.620
2019-11-14 20:00,0,0,0,15.376
2019-11-14 21:00,0,0,0,15.193
2019-11-14 22:00,0,0,0,15.066
2019-11-14 23:00,0,0,0,14.942
2019-11-15 00:00,0,0,0,14.860
2019-11-15 01:00,0,0,0,14.839
2019-11-15 02:00,0,0,0,14.891
2019-11-15 03:00,0,0,0,14.954
2019-11-15 04:00,0,0,0,14.998
2019-11-15 05:00,0,0,0.001,15.041
2019-11-15 06:00,0.037,0.018,0.043,15.742
2019-11-15 07:00,0.184,0.108,0.112,16.733
2019-11-15 08:00,0.426,0.367,0.132,17.597
2019-11-15 09:00,0.507,0.452,0.152,18.416
2019-11-15 10:00,0.434,0.323,0.190,18.819
2019-11-15 11:00,0.439,0.334,0.185,19.032
2019-11-15 12:00,0.412,0.328,0.158,19.112
2019-11-15 13:00,0.332,0.269,0.121,19.018
2019-11-15 14:00,0.210,0.178,0.074,18.658
2019-11-15 15:00,0.009,0.015,0.012,17.752
2019-11-15 16:00,0,0,0,17.292
2019-11-15 17:00,0,0,0,17.136
2019-11-15 18:00,0,0,0,17.045
2019-11-15 19:00,0,0,0,16.986
2019-11-15 20:00,0,0,0,16.964
2019-11-15 21:00,0,0,0,17.046
2019-11-15 22:00,0,0,0,17.274
2019-11-15 23:00,0,0,0,17.525
2019-11-16 00:00,0,0,0,17.630
2019-11-16 01:00,0,0,0,17.590
2019-11-16 02:00,0,0,0,17.448
2019-11-16 03:00,0,0,0,17.575
2019-11-16 04:00,0,0,0,17.598
2019-11-16 05:00,0,0,0.001,17.595
2019-11-16 06:00,0.023,0.007,0.038,17.945
2019-11-16 07:00,0.087,0.019,0.097,18.697
2019-11-16 08:00,0.152,0.036,0.152,19.197
2019-11-16 09:00,0.238,0.076,0.207,19.598
2019-11-16 10:00,0.228,0.061,0.212,19.777
2019-11-16 11:00,0.177,0.033,0.183,19.763
2019-11-16 12:00,0.119,0.017,0.135,19.556
2019-11-16 13:00,0.074,0.010,0.093,19.219
2019-11-16 14:00,0.026,0.005,0.044,18.728
2019-11-16 15:00,0,0.001,0.006,18.123
2019-11-16 16:00,0,0,0,17.737
2019-11-16 17:00,0,0,0,17.446
2019-11-16 18:00,0,0,0,17.196
2019-11-16 19:00,0,0,0,16.937
2019-11-16 20:00,0,0,0,16.685
2019-11-16 21:00,0,0,0,16.438
2019-11-16 22:00,0,0,0,16.213
2019-11-16 23:00,0,0,0,15.941
2019-11-17 00:00,0,0,0,15.768
2019-11-17 01:00,0,0,0,15.770
2019-11-17 02:00,0,0,0,15.923
2019-11-17 03:00,0,0,0,16.184
2019-11-17 04:00,0,0,0,16.334
2019-11-17 05:00,0,0,0,16.352
2019-11-17 06:00,0.005,0.002,0.021,16.499
2019-11-17 07:00,0.047,0.006,0.067,17.074
2019-11-17 08:00,0.116,0.018,0.129,17.749
2019-11-17 09:00,0.204,0.050,0.194,18.492
2019-11-17 10:00,0.234,0.064,0.215,19.113
2019-11-17 11:00,0.199,0.044,0.195,19.401
2019-11-17 12:00,0.144,0.026,0.153,19.383
2019-11-17 13:00,0.092,0.016,0.107,19.161
2019-11-17 14:00,0.030,0.006,0.048,18.654
2019-11-17 15:00,0,0,0.004,18.075
2019-11-17 16:00,0,0,0,17.870
2019-11-17 17:00,0,0,0,17.720
2019-11-17 18:00,0,0,0,17.571
2019-11-17 19:00,0,0,0,17.395
2019-11-17 20:00,0,0,0,17.281
2019-11-17 21:00,0,0,0,17.227
2019-11-17 22:00,0,0,0,17.084
2019-11-17 23:00,0,0,0,16.891
2019-11-18 00:00,0,0,0,16.628
2019-11-18 01:00,0,0,0,16.310
2019-11-18 02:00,0,0,0,15.972
2019-11-18 03:00,0,0,0,15.539
2019-11-18 04:00,0,0,0,14.972
2019-11-18 05:00,0,0,0,14.725
2019-11-18 06:00,0.098,0.085,0.043,15.184
2019-11-18 07:00,0.346,0.328,0.073,16.420
2019-11-18 08:00,0.528,0.543,0.083,16.686
2019-11-18 09:00,0.640,0.689,0.087,17.041
2019-11-18 10:00,0.692,0.764,0.088,17.293
2019-11-18 11:00,0.678,0.746,0.087,17.430
2019-11-18 12:00,0.606,0.649,0.083,17.437
2019-11-18 13:00,0.473,0.483,0.074,17.279
2019-11-18 14:00,0.271,0.260,0.057,16.862
2019-11-18 15:00,0.009,0.018,0.010,16.198
2019-11-18 16:00,0,0,0,16.030
2019-11-18 17:00,0,0,0,15.778
2019-11-18 18:00,0,0,0,15.496
2019-11-18 19:00,0,0,0,15.188
2019-11-18 20:00,0,0,0,14.998
2019-11-18 21:00,0,0,0,14.737
2019-11-18 22:00,0,0,0,14.487
2019-11-18 23:00,0,0,0,14.298
2019-11-19 00:00,0,0,0,14.215
2019-11-19 01:00,0,0,0,14.258
2019-11-19 02:00,0,0,0,14.397
2019-11-19 03:00,0,0,0,14.548
2019-11-19 04:00,0,0,0,14.629
2019-11-19 05:00,0,0,0,14.699
2019-11-19 06:00,0.030,0.014,0.039,15.178
2019-11-19 07:00,0.178,0.099,0.115,16.637
2019-11-19 08:00,0.300,0.188,0.162,17.572
2019-11-19 09:00,0.385,0.259,0.193,18.355
2019-11-19 10:00,0.349,0.196,0.214,18.712
2019-11-19 11:00,0.295,0.138,0.209,18.684
2019-11-19 12:00,0.233,0.095,0.181,18.502
2019-11-19 13:00,0.125,0.037,0.120,18.170
2019-11-19 14:00,0.042,0.013,0.054,17.659
2019-11-19 15:00,0,0.001,0.005,17.009
2019-11-19 16:00,0,0,0,16.704
2019-11-19 17:00,0,0,0,16.440
2019-11-19 18:00,0,0,0,16.335
2019-11-19 19:00,0,0,0,16.386
2019-11-19 20:00,0,0,0,16.417
2019-11-19 21:00,0,0,0,16.430
2019-11-19 22:00,0,0,0,16.539
2019-11-19 23:00,0,0,0,16.557
2019-11-20 00:00,0,0,0,16.490
2019-11-20 01:00,0,0,0,16.398
2019-11-20 02:00,0,0,0,16.117
2019-11-20 03:00,0,0,0,15.785
2019-11-20 04:00,0,0,0,15.295
2019-11-20 05:00,0,0,0,15.153
2019-11-20 06:00,0.013,0.005,0.027,15.441
2019-11-20 07:00,0.101,0.036,0.095,16.216
2019-11-20 08:00,0.269,0.162,0.152,16.756
2019-11-20 09:00,0.548,0.523,0.129,17.231
2019-11-20 10:00,0.659,0.700,0.106,17.655
2019-11-20 11:00,0.654,0.700,0.101,17.892
2019-11-20 12:00,0.578,0.599,0.096,17.858
2019-11-20 13:00,0.446,0.440,0.085,17.650
2019-11-20 14:00,0.241,0.221,0.062,17.027
2019-11-20 15:00,0.004,0.012,0.009,15.722
2019-11-20 16:00,0,0,0,15.277
2019-11-20 17:00,0,0,0,15.096
2019-11-20 18:00,0,0,0,14.910
2019-11-20 19:00,0,0,0,14.727
2019-11-20 20:00,0,0,0,14.568
2019-11-20 21:00,0,0,0,14.481
2019-11-20 22:00,0,0,0,14.503
2019-11-20 23:00,0,0,0,14.603
2019-11-21 00:00,0,0,0,14.588
2019-11-21 01:00,0,0,0,14.525
2019-11-21 02:00,0,0,0,14.452
2019-11-21 03:00,0,0,0,14.372
2019-11-21 04:00,0,0,0,14.257
2019-11-21 05:00,0,0,0,14.172
2019-11-21 06:00,0.042,0.025,0.041,14.457
2019-11-21 07:00,0.185,0.113,0.108,15.637
2019-11-21 08:00,0.338,0.243,0.149,16.473
2019-11-21 09:00,0.429,0.329,0.173,17.024
2019-11-21 10:00,0.442,0.328,0.190,17.166
2019-11-21 11:00,0.381,0.248,0.196,17.135
2019-11-21 12:00,0.273,0.143,0.177,16.948
2019-11-21 13:00,0.161,0.068,0.127,16.631
2019-11-21 14:00,0.062,0.027,0.062,16.169
2019-11-21 15:00,0,0.002,0.006,15.837
2019-11-21 16:00,0,0,0,15.678
2019-11-21 17:00,0,0,0,15.329
2019-11-21 18:00,0,0,0,15.028
2019-11-21 19:00,0,0,0,14.954
2019-11-21 20:00,0,0,0,15.037
2019-11-21 21:00,0,0,0,15.053
2019-11-21 22:00,0,0,0,15.106
2019-11-21 23:00,0,0,0,15.086
2019-11-22 00:00,0,0,0,15.055
2019-11-22 01:00,0,0,0,14.941
2019-11-22 02:00,0,0,0,14.773
2019-11-22 03:00,0,0,0,14.595
2019-11-22 04:00,0,0,0,14.349
2019-11-22 05:00,0,0,0,14.151
2019-11-22 06:00,0.091,0.079,0.040,14.276
2019-11-22 07:00,0.338,0.316,0.074,15.334
2019-11-22 08:00,0.522,0.529,0.086,16.163
2019-11-22 09:00,0.629,0.667,0.093,16.703
2019-11-22 10:00,0.662,0.705,0.101,16.915
2019-11-22 11:00,0.593,0.591,0.120,16.939
2019-11-22 12:00,0.416,0.342,0.144,16.779
2019-11-22 13:00,0.208,0.123,0.124,16.477
2019-11-22 14:00,0.075,0.041,0.062,15.922
2019-11-22 15:00,0,0.004,0.007,15.248
2019-11-22 16:00,0,0,0,15.023
2019-11-22 17:00,0,0,0,14.921
2019-11-22 18:00,0,0,0,14.775
2019-11-22 19:00,0,0,0,14.499
2019-11-22 20:00,0,0,0,14.136
2019-11-22 21:00,0,0,0,13.823
2019-11-22 22:00,0,0,0,13.601
2019-11-22 23:00,0,0,0,13.431
2019-11-23 00:00,0,0,0,13.299
2019-11-23 01:00,0,0,0,13.173
2019-11-23 02:00,0,0,0,13.037
2019-11-23 03:00,0,0,0,13.050
2019-11-23 04:00,0,0,0,13.105
2019-11-23 05:00,0,0,0,13.125
2019-11-23 06:00,0.074,0.062,0.039,13.698
2019-11-23 07:00,0.313,0.285,0.077,15.477
2019-11-23 08:00,0.505,0.509,0.087,16.605
2019-11-23 09:00,0.622,0.664,0.090,17.493
2019-11-23 10:00,0.667,0.727,0.093,17.932
2019-11-23 11:00,0.646,0.695,0.095,18.084
2019-11-23 12:00,0.560,0.578,0.094,18.023
2019-11-23 13:00,0.412,0.397,0.086,17.770
2019-11-23 14:00,0.201,0.179,0.061,17.052
2019-11-23 15:00,0,0.007,0.007,15.800
2019-11-23 16:00,0,0,0,15.375
2019-11-23 17:00,0,0,0,15.096
2019-11-23 18:00,0,0,0,14.802
2019-11-23 19:00,0,0,0,14.571
2019-11-23 20:00,0,0,0,14.359
2019-11-23 21:00,0,0,0,14.187
2019-11-23 22:00,0,0,0,14.062
2019-11-23 23:00,0,0,0,13.947
2019-11-24 00:00,0,0,0,13.834
2019-11-24 01:00,0,0,0,13.734
2019-11-24 02:00,0,0,0,13.649
2019-11-24 03:00,0,0,0,13.598
2019-11-24 04:00,0,0,0,13.467
2019-11-24 05:00,0,0,0,13.334
2019-11-24 06:00,0.062,0.046,0.041,13.575
2019-11-24 07:00,0.263,0.206,0.099,14.460
2019-11-24 08:00,0.382,0.302,0.140,15.590
2019-11-24 09:00,0.425,0.320,0.177,16.900
2019-11-24 10:00,0.369,0.223,0.209,17.788
2019-11-24 11:00,0.218,0.068,0.191,18.079
2019-11-24 12:00,0.106,0.016,0.121,17.893
2019-11-24 13:00,0.043,0.005,0.063,17.457
2019-11-24 14:00,0.007,0.002,0.024,17.028
2019-11-24 15:00,0,0,0.002,16.665
2019-11-24 16:00,0,0,0,16.392
2019-11-24 17:00,0,0,0,16.154
2019-11-24 18:00,0,0,0,15.910
2019-11-24 19:00,0,0,0,15.675
2019-11-24 20:00,0,0,0,15.548
2019-11-24 21:00,0,0,0,15.607
2019-11-24 22:00,0,0,0,15.503
2019-11-24 23:00,0,0,0,15.285
2019-11-25 00:00,0,0,0,15.072
2019-11-25 01:00,0,0,0,14.809
2019-11-25 02:00,0,0,0,14.636
2019-11-25 03:00,0,0,0,14.529
2019-11-25 04:00,0,0,0,14.567
2019-11-25 05:00,0,0,0,14.589
2019-11-25 06:00,0.005,0.002,0.021,14.768
2019-11-25 07:00,0.041,0.005,0.060,15.333
2019-11-25 08:00,0.070,0.006,0.091,15.633
2019-11-25 09:00,0.092,0.007,0.113,15.451
2019-11-25 10:00,0.095,0.007,0.117,15.148
2019-11-25 11:00,0.083,0.006,0.105,14.841
2019-11-25 12:00,0.061,0.004,0.083,14.539
2019-11-25 13:00,0.040,0.003,0.061,14.254
2019-11-25 14:00,0.013,0.002,0.030,13.874
2019-11-25 15:00,0,0,0.003,13.452
2019-11-25 16:00,0,0,0,13.329
2019-11-25 17:00,0,0,0,13.236
2019-11-25 18:00,0,0,0,13.167
2019-11-25 19:00,0,0,0,13.089
2019-11-25 20:00,0,0,0,13.020
2019-11-25 21:00,0,0,0,13.017
2019-11-25 22:00,0,0,0,12.985
2019-11-25 23:00,0,0,0,12.945
2019-11-26 00:00,0,0,0,12.907
2019-11-26 01:00,0,0,0,12.870
2019-11-26 02:00,0,0,0,12.927
2019-11-26 03:00,0,0,0,12.908
2019-11-26 04:00,0,0,0,12.807
2019-11-26 05:00,0,0,0,12.749
2019-11-26 06:00,0.077,0.068,0.035,13.151
2019-11-26 07:00,0.323,0.300,0.071,14.564
2019-11-26 08:00,0.509,0.514,0.083,15.505
2019-11-26 09:00,0.623,0.662,0.088,16.319
2019-11-26 10:00,0.667,0.723,0.091,16.847
2019-11-26 11:00,0.651,0.702,0.090,17.102
2019-11-26 12:00,0.574,0.600,0.086,17.112
2019-11-26 13:00,0.435,0.431,0.077,16.902
2019-11-26 14:00,0.215,0.198,0.056,16.266
2019-11-26 15:00,0,0.007,0.006,15.301
2019-11-26 16:00,0,0,0,15.189
2019-11-26 17:00,0,0,0,15.213
2019-11-26 18:00,0,0,0,15.329
2019-11-26 19:00,0,0,0,15.379
2019-11-26 20:00,0,0,0,15.206
2019-11-26 21:00,0,0,0,15.041
2019-11-26 22:00,0,0,0,14.878
2019-11-26 23:00,0,0,0,14.670
2019-11-27 00:00,0,0,0,14.623
2019-11-27 01:00,0,0,0,14.510
2019-11-27 02:00,0,0,0,14.270
2019-11-27 03:00,0,0,0,14.064
2019-11-27 04:00,0,0,0,13.904
2019-11-27 05:00,0,0,0,13.825
2019-11-27 06:00,0.084,0.077,0.034,14.070
2019-11-27 07:00,0.319,0.296,0.072,15.221
2019-11-27 08:00,0.495,0.494,0.087,16.201
2019-11-27 09:00,0.620,0.659,0.089,16.952
2019-11-27 10:00,0.667,0.725,0.091,17.390
2019-11-27 11:00,0.648,0.699,0.092,17.644
2019-11-27 12:00,0.538,0.540,0.100,17.696
2019-11-27 13:00,0.268,0.204,0.110,17.447
2019-11-27 14:00,0.114,0.083,0.061,16.773
2019-11-27 15:00,0,0.004,0.005,15.660
2019-11-27 16:00,0,0,0,15.393
2019-11-27 17:00,0,0,0,15.372
2019-11-27 18:00,0,0,0,15.368
2019-11-27 19:00,0,0,0,15.331
2019-11-27 20:00,0,0,0,15.346
2019-11-27 21:00,0,0,0,15.413
2019-11-27 22:00,0,0,0,15.478
2019-11-27 23:00,0,0,0,15.410
2019-11-28 00:00,0,0,0,15.204
2019-11-28 01:00,0,0,0,14.979
2019-11-28 02:00,0,0,0,14.778
2019-11-28 03:00,0,0,0,14.676
2019-11-28 04:00,0,0,0,14.693
2019-11-28 05:00,0,0,0,14.695
2019-11-28 06:00,0.040,0.029,0.035,15.164
2019-11-28 07:00,0.175,0.109,0.101,16.812
2019-11-28 08:00,0.227,0.117,0.151,17.636
2019-11-28 09:00,0.233,0.097,0.179,17.921
2019-11-28 10:00,0.324,0.178,0.201,18.120
2019-11-28 11:00,0.325,0.186,0.194,18.163
2019-11-28 12:00,0.262,0.143,0.166,18.068
2019-11-28 13:00,0.259,0.183,0.122,17.941
2019-11-28 14:00,0.142,0.111,0.065,17.561
2019-11-28 15:00,0,0.003,0.005,16.881
2019-11-28 16:00,0,0,0,16.649
2019-11-28 17:00,0,0,0,16.514
2019-11-28 18:00,0,0,0,16.545
2019-11-28 19:00,0,0,0,16.586
2019-11-28 20:00,0,0,0,16.669
2019-11-28 21:00,0,0,0,16.708
2019-11-28 22:00,0,0,0,16.565
2019-11-28 23:00,0,0,0,16.089
2019-11-29 00:00,0,0,0,15.427
2019-11-29 01:00,0,0,0,14.854
2019-11-29 02:00,0,0,0,14.462
2019-11-29 03:00,0,0,0,14.285
2019-11-29 04:00,0,0,0,14.179
2019-11-29 05:00,0,0,0,14.200
2019-11-29 06:00,0.060,0.052,0.034,14.658
2019-11-29 07:00,0.266,0.228,0.081,16.100
2019-11-29 08:00,0.439,0.410,0.103,16.696
2019-11-29 09:00,0.533,0.515,0.116,16.849
2019-11-29 10:00,0.610,0.624,0.111,16.982
2019-11-29 11:00,0.608,0.626,0.106,17.095
2019-11-29 12:00,0.493,0.473,0.109,17.054
2019-11-29 13:00,0.413,0.399,0.083,16.949
2019-11-29 14:00,0.205,0.187,0.055,16.412
2019-11-29 15:00,0,0.005,0.005,15.414
2019-11-29 16:00,0,0,0,15.334
2019-11-29 17:00,0,0,0,15.281
2019-11-29 18:00,0,0,0,15.378
2019-11-29 19:00,0,0,0,15.563
2019-11-29 20:00,0,0,0,15.777
2019-11-29 21:00,0,0,0,15.741
2019-11-29 22:00,0,0,0,15.603
2019-11-29 23:00,0,0,0,15.399
2019-11-30 00:00,0,0,0,15.278
2019-11-30 01:00,0,0,0,15.119
2019-11-30 02:00,0,0,0,14.878
2019-11-30 03:00,0,0,0,14.629
2019-11-30 04:00,0,0,0,14.437
2019-11-30 05:00,0,0,0,14.281
2019-11-30 06:00,0.047,0.038,0.033,14.585
2019-11-30 07:00,0.218,0.166,0.091,15.803
2019-11-30 08:00,0.376,0.313,0.123,16.173
2019-11-30 09:00,0.494,0.445,0.135,16.364
2019-11-30 10:00,0.518,0.466,0.145,16.397
2019-11-30 11:00,0.529,0.488,0.137,16.343
2019-11-30 12:00,0.456,0.407,0.126,16.161
2019-11-30 13:00,0.318,0.263,0.105,15.802
2019-11-30 14:00,0.134,0.105,0.061,15.151
2019-11-30 15:00,0,0.003,0.004,14.219
2019-11-30 16:00,0,0,0,14.051
2019-11-30 17:00,0,0,0,13.954
2019-11-30 18:00,0,0,0,13.773
2019-11-30 19:00,0,0,0,13.464
2019-11-30 20:00,0,0,0,13.084
2019-11-30 21:00,0,0,0,12.681
2019-11-30 22:00,0,0,0,12.236
2019-11-30 23:00,0,0,0,11.760
2019-12-01 00:00,0,0,0,11.298
2019-12-01 01:00,0,0,0,10.891
2019-12-01 02:00,0,0,0,10.578
2019-12-01 03:00,0,0,0,10.339
2019-12-01 04:00,0,0,0,10.206
2019-12-01 05:00,0,0,0,10.162
2019-12-01 06:00,0.110,0.110,0.028,10.533
2019-12-01 07:00,0.382,0.382,0.053,12.125
2019-12-01 08:00,0.567,0.602,0.062,13.341
2019-12-01 09:00,0.673,0.743,0.067,14.185
2019-12-01 10:00,0.715,0.803,0.070,14.866
2019-12-01 11:00,0.698,0.781,0.070,15.170
2019-12-01 12:00,0.623,0.679,0.067,15.175
2019-12-01 13:00,0.483,0.502,0.060,14.913
2019-12-01 14:00,0.267,0.264,0.044,14.245
2019-12-01 15:00,0,0.008,0.004,13.568
2019-12-01 16:00,0,0,0,13.440
2019-12-01 17:00,0,0,0,13.136
2019-12-01 18:00,0,0,0,12.700
2019-12-01 19:00,0,0,0,12.273
2019-12-01 20:00,0,0,0,11.895
2019-12-01 21:00,0,0,0,11.641
2019-12-01 22:00,0,0,0,11.593
2019-12-01 23:00,0,0,0,11.577
2019-12-02 00:00,0,0,0,11.655
2019-12-02 01:00,0,0,0,11.904
2019-12-02 02:00,0,0,0,11.737
2019-12-02 03:00,0,0,0,11.602
2019-12-02 04:00,0,0,0,11.566
2019-12-02 05:00,0,0,0,11.476
2019-12-02 06:00,0.061,0.053,0.033,11.837
2019-12-02 07:00,0.258,0.208,0.090,13.492
2019-12-02 08:00,0.347,0.263,0.136,14.469
2019-12-02 09:00,0.385,0.270,0.174,14.992
2019-12-02 10:00,0.355,0.209,0.200,15.197
2019-12-02 11:00,0.196,0.058,0.174,15.094
2019-12-02 12:00,0.138,0.032,0.138,14.878
2019-12-02 13:00,0.077,0.016,0.088,14.555
2019-12-02 14:00,0.018,0.006,0.034,13.969
2019-12-02 15:00,0,0,0.002,13.555
2019-12-02 16:00,0,0,0,13.664
2019-12-02 17:00,0,0,0,13.913
2019-12-02 18:00,0,0,0,14.166
2019-12-02 19:00,0,0,0,14.231
2019-12-02 20:00,0,0,0,14.397
2019-12-02 21:00,0,0,0,14.605
2019-12-02 22:00,0,0,0,14.732
2019-12-02 23:00,0,0,0,14.912
2019-12-03 00:00,0,0,0,14.956
2019-12-03 01:00,0,0,0,14.790
2019-12-03 02:00,0,0,0,14.779
2019-12-03 03:00,0,0,0,14.914
2019-12-03 04:00,0,0,0,14.990
2019-12-03 05:00,0,0,0,15.048
2019-12-03 06:00,0.001,0.001,0.015,15.246
2019-12-03 07:00,0.034,0.004,0.053,15.793
2019-12-03 08:00,0.078,0.009,0.098,16.390
2019-12-03 09:00,0.129,0.018,0.143,16.665
2019-12-03 10:00,0.134,0.017,0.149,16.500
2019-12-03 11:00,0.108,0.011,0.127,16.207
2019-12-03 12:00,0.063,0.005,0.084,15.784
2019-12-03 13:00,0.027,0.002,0.047,15.155
2019-12-03 14:00,0.006,0.001,0.022,14.752
2019-12-03 15:00,0,0,0.002,14.616
2019-12-03 16:00,0,0,0,14.667
2019-12-03 17:00,0,0,0,14.722
2019-12-03 18:00,0,0,0,14.491
2019-12-03 19:00,0,0,0,14.093
2019-12-03 20:00,0,0,0,13.696
2019-12-03 21:00,0,0,0,13.436
2019-12-03 22:00,0,0,0,12.980
2019-12-03 23:00,0,0,0,12.514
2019-12-04 00:00,0,0,0,12.022
2019-12-04 01:00,0,0,0,11.438
2019-12-04 02:00,0,0,0,10.987
2019-12-04 03:00,0,0,0,10.532
2019-12-04 04:00,0,0,0,9.891
2019-12-04 05:00,0,0,0,9.239
2019-12-04 06:00,0.073,0.069,0.029,9.102
2019-12-04 07:00,0.348,0.331,0.061,9.927
2019-12-04 08:00,0.547,0.561,0.069,10.745
2019-12-04 09:00,0.660,0.707,0.074,11.680
2019-12-04 10:00,0.706,0.773,0.076,12.465
2019-12-04 11:00,0.690,0.753,0.076,13.043
2019-12-04 12:00,0.610,0.649,0.072,13.367
2019-12-04 13:00,0.460,0.464,0.066,13.401
2019-12-04 14:00,0.231,0.220,0.047,12.739
2019-12-04 15:00,0,0.005,0.003,11.509
2019-12-04 16:00,0,0,0,10.950
2019-12-04 17:00,0,0,0,10.395
2019-12-04 18:00,0,0,0,9.885
2019-12-04 19:00,0,0,0,9.513
2019-12-04 20:00,0,0,0,9.344
2019-12-04 21:00,0,0,0,9.290
2019-12-04 22:00,0,0,0,9.211
2019-12-04 23:00,0,0,0,9.163
2019-12-05 00:00,0,0,0,9.149
2019-12-05 01:00,0,0,0,9.243
2019-12-05 02:00,0,0,0,9.337
2019-12-05 03:00,0,0,0,9.442
2019-12-05 04:00,0,0,0,9.642
2019-12-05 05:00,0,0,0,9.946
2019-12-05 06:00,0.051,0.044,0.031,10.582
2019-12-05 07:00,0.213,0.156,0.091,12.217
2019-12-05 08:00,0.323,0.234,0.136,13.659
2019-12-05 09:00,0.368,0.252,0.171,14.534
2019-12-05 10:00,0.356,0.220,0.191,15.121
2019-12-05 11:00,0.292,0.150,0.188,15.437
2019-12-05 12:00,0.210,0.089,0.158,15.517
2019-12-05 13:00,0.147,0.066,0.114,15.462
2019-12-05 14:00,0.068,0.039,0.055,15.104
2019-12-05 15:00,0,0.001,0.002,14.741
2019-12-05 16:00,0,0,0,14.842
2019-12-05 17:00,0,0,0,14.777
2019-12-05 18:00,0,0,0,14.423
2019-12-05 19:00,0,0,0,13.939
2019-12-05 20:00,0,0,0,13.636
2019-12-05 21:00,0,0,0,13.342
2019-12-05 22:00,0,0,0,13.113
2019-12-05 23:00,0,0,0,12.967
2019-12-06 00:00,0,0,0,12.873
2019-12-06 01:00,0,0,0,12.768
2019-12-06 02:00,0,0,0,12.657
2019-12-06 03:00,0,0,0,12.538
2019-12-06 04:00,0,0,0,12.440
2019-12-06 05:00,0,0,0,12.414
2019-12-06 06:00,0,0.001,0.012,12.564
2019-12-06 07:00,0.039,0.006,0.057,13.281
2019-12-06 08:00,0.101,0.017,0.113,13.918
2019-12-06 09:00,0.148,0.027,0.152,14.442
2019-12-06 10:00,0.167,0.032,0.169,14.955
2019-12-06 11:00,0.179,0.041,0.173,15.259
2019-12-06 12:00,0.156,0.038,0.151,15.437
2019-12-06 13:00,0.088,0.019,0.097,15.417
2019-12-06 14:00,0.022,0.006,0.037,14.957
2019-12-06 15:00,0,0,0.001,14.412
2019-12-06 16:00,0,0,0,14.276
2019-12-06 17:00,0,0,0,14.172
2019-12-06 18:00,0,0,0,14.104
2019-12-06 19:00,0,0,0,14.082
2019-12-06 20:00,0,0,0,14.093
2019-12-06 21:00,0,0,0,14.134
2019-12-06 22:00,0,0,0,14.263
2019-12-06 23:00,0,0,0,14.431
2019-12-07 00:00,0,0,0,14.628
2019-12-07 01:00,0,0,0,14.754
2019-12-07 02:00,0,0,0,14.766
2019-12-07 03:00,0,0,0,14.688
2019-12-07 04:00,0,0,0,14.581
2019-12-07 05:00,0,0,0,14.379
2019-12-07 06:00,0.006,0.006,0.018,14.359
2019-12-07 07:00,0.063,0.020,0.070,14.771
2019-12-07 08:00,0.215,0.112,0.140,14.704
2019-12-07 09:00,0.383,0.281,0.160,14.556
2019-12-07 10:00,0.511,0.451,0.146,14.631
2019-12-07 11:00,0.550,0.520,0.126,14.704
2019-12-07 12:00,0.495,0.467,0.110,14.731
2019-12-07 13:00,0.354,0.314,0.093,14.668
2019-12-07 14:00,0.138,0.114,0.055,14.279
2019-12-07 15:00,0,0.002,0.003,13.658
2019-12-07 16:00,0,0,0,13.693
2019-12-07 17:00,0,0,0,13.782
2019-12-07 18:00,0,0,0,13.772
2019-12-07 19:00,0,0,0,13.710
2019-12-07 20:00,0,0,0,13.625
2019-12-07 21:00,0,0,0,13.522
2019-12-07 22:00,0,0,0,13.443
2019-12-07 23:00,0,0,0,13.277
2019-12-08 00:00,0,0,0,13.009
2019-12-08 01:00,0,0,0,12.750
2019-12-08 02:00,0,0,0,12.564
2019-12-08 03:00,0,0,0,12.481
2019-12-08 04:00,0,0,0,12.531
2019-12-08 05:00,0,0,0,12.680
2019-12-08 06:00,0.059,0.059,0.025,13.001
2019-12-08 07:00,0.260,0.228,0.073,14.060
2019-12-08 08:00,0.469,0.459,0.086,14.719
2019-12-08 09:00,0.575,0.586,0.094,14.911
2019-12-08 10:00,0.641,0.678,0.091,15.036
2019-12-08 11:00,0.628,0.663,0.089,15.102
2019-12-08 12:00,0.554,0.570,0.083,15.096
2019-12-08 13:00,0.412,0.403,0.073,14.931
2019-12-08 14:00,0.194,0.181,0.048,14.320
2019-12-08 15:00,0,0.003,0.003,13.464
2019-12-08 16:00,0,0,0,13.303
2019-12-08 17:00,0,0,0,13.127
2019-12-08 18:00,0,0,0,12.797
2019-12-08 19:00,0,0,0,12.441
2019-12-08 20:00,0,0,0,12.030
2019-12-08 21:00,0,0,0,11.803
2019-12-08 22:00,0,0,0,11.695
2019-12-08 23:00,0,0,0,11.590
2019-12-09 00:00,0,0,0,11.633
2019-12-09 01:00,0,0,0,11.732
2019-12-09 02:00,0,0,0,11.720
2019-12-09 03:00,0,0,0,11.694
2019-12-09 04:00,0,0,0,11.448
2019-12-09 05:00,0,0,0,10.979
2019-12-09 06:00,0.083,0.086,0.024,11.085
2019-12-09 07:00,0.329,0.313,0.061,12.481
2019-12-09 08:00,0.519,0.532,0.073,13.842
2019-12-09 09:00,0.627,0.670,0.080,14.913
2019-12-09 10:00,0.668,0.727,0.083,15.549
2019-12-09 11:00,0.641,0.687,0.086,15.792
2019-12-09 12:00,0.537,0.544,0.090,15.732
2019-12-09 13:00,0.315,0.269,0.095,15.309
2019-12-09 14:00,0.045,0.026,0.044,14.160
2019-12-09 15:00,0,0,0.001,13.239
2019-12-09 16:00,0,0,0,12.949
2019-12-09 17:00,0,0,0,12.707
2019-12-09 18:00,0,0,0,12.578
2019-12-09 19:00,0,0,0,12.448
2019-12-09 20:00,0,0,0,12.422
2019-12-09 21:00,0,0,0,12.393
2019-12-09 22:00,0,0,0,12.482
2019-12-09 23:00,0,0,0,12.431
2019-12-10 00:00,0,0,0,12.391
2019-12-10 01:00,0,0,0,12.407
2019-12-10 02:00,0,0,0,12.312
2019-12-10 03:00,0,0,0,12.111
2019-12-10 04:00,0,0,0,11.942
2019-12-10 05:00,0,0,0,11.726
2019-12-10 06:00,0,0.001,0.009,11.484
2019-12-10 07:00,0.028,0.004,0.046,11.624
2019-12-10 08:00,0.083,0.011,0.099,11.943
2019-12-10 09:00,0.149,0.026,0.152,12.287
2019-12-10 10:00,0.164,0.029,0.166,12.678
2019-12-10 11:00,0.137,0.020,0.147,12.877
2019-12-10 12:00,0.083,0.009,0.101,12.826
2019-12-10 13:00,0.042,0.005,0.061,12.542
2019-12-10 14:00,0.009,0.002,0.025,12.078
2019-12-10 15:00,0,0,0.001,11.657
2019-12-10 16:00,0,0,0,11.541
2019-12-10 17:00,0,0,0,11.428
2019-12-10 18:00,0,0,0,11.427
2019-12-10 19:00,0,0,0,11.320
2019-12-10 20:00,0,0,0,11.092
2019-12-10 21:00,0,0,0,10.899
2019-12-10 22:00,0,0,0,10.782
2019-12-10 23:00,0,0,0,10.633
2019-12-11 00:00,0,0,0,10.517
2019-12-11 01:00,0,0,0,10.484
2019-12-11 02:00,0,0,0,10.467
2019-12-11 03:00,0,0,0,10.410
2019-12-11 04:00,0,0,0,10.252
2019-12-11 05:00,0,0,0,10.066
2019-12-11 06:00,0,0.001,0.009,10.010
2019-12-11 07:00,0.010,0.001,0.027,10.087
2019-12-11 08:00,0.026,0.002,0.045,10.268
2019-12-11 09:00,0.090,0.010,0.106,10.709
2019-12-11 10:00,0.252,0.091,0.197,11.618
2019-12-11 11:00,0.370,0.229,0.193,12.755
2019-12-11 12:00,0.287,0.162,0.168,13.574
2019-12-11 13:00,0.138,0.055,0.113,13.662
2019-12-11 14:00,0.040,0.018,0.046,13.075
2019-12-11 15:00,0,0,0.002,12.062
2019-12-11 16:00,0,0,0,11.362
2019-12-11 17:00,0,0,0,10.858
2019-12-11 18:00,0,0,0,10.531
2019-12-11 19:00,0,0,0,10.360
2019-12-11 20:00,0,0,0,10.278
2019-12-11 21:00,0,0,0,10.262
2019-12-11 22:00,0,0,0,10.352
2019-12-11 23:00,0,0,0,10.250
2019-12-12 00:00,0,0,0,10.235
2019-12-12 01:00,0,0,0,10.356
2019-12-12 02:00,0,0,0,10.436
2019-12-12 03:00,0,0,0,10.496
2019-12-12 04:00,0,0,0,10.514
2019-12-12 05:00,0,0,0,10.535
2019-12-12 06:00,0.019,0.015,0.024,10.753
2019-12-12 07:00,0.081,0.025,0.083,11.574
2019-12-12 08:00,0.118,0.025,0.122,12.245
2019-12-12 09:00,0.144,0.026,0.148,12.698
2019-12-12 10:00,0.142,0.021,0.151,13.005
2019-12-12 11:00,0.100,0.010,0.117,13.025
2019-12-12 12:00,0.059,0.005,0.080,12.910
2019-12-12 13:00,0.023,0.002,0.042,12.676
2019-12-12 14:00,0.002,0.001,0.017,12.311
2019-12-12 15:00,0,0,0.001,12.086
2019-12-12 16:00,0,0,0,12.068
2019-12-12 17:00,0,0,0,12.129
2019-12-12 18:00,0,0,0,12.171
2019-12-12 19:00,0,0,0,12.152
2019-12-12 20:00,0,0,0,12.001
2019-12-12 21:00,0,0,0,11.884
2019-12-12 22:00,0,0,0,11.823
2019-12-12 23:00,0,0,0,11.690
2019-12-13 00:00,0,0,0,11.585
2019-12-13 01:00,0,0,0,11.605
2019-12-13 02:00,0,0,0,11.606
2019-12-13 03:00,0,0,0,11.500
2019-12-13 04:00,0,0,0,11.428
2019-12-13 05:00,0,0,0,11.273
2019-12-13 06:00,0.017,0.017,0.021,11.266
2019-12-13 07:00,0.181,0.127,0.086,12.002
2019-12-13 08:00,0.401,0.348,0.109,12.382
2019-12-13 09:00,0.535,0.506,0.114,12.618
2019-12-13 10:00,0.591,0.579,0.115,12.904
2019-12-13 11:00,0.583,0.573,0.111,13.054
2019-12-13 12:00,0.499,0.469,0.108,13.078
2019-12-13 13:00,0.226,0.154,0.108,12.959
2019-12-13 14:00,0.034,0.017,0.040,12.540
2019-12-13 15:00,0,0,0.001,12.208
2019-12-13 16:00,0,0,0,12.277
2019-12-13 17:00,0,0,0,12.295
2019-12-13 18:00,0,0,0,12.271
2019-12-13 19:00,0,0,0,12.356
2019-12-13 20:00,0,0,0,12.499
2019-12-13 21:00,0,0,0,12.623
2019-12-13 22:00,0,0,0,13.153
2019-12-13 23:00,0,0,0,14.092
2019-12-14 00:00,0,0,0,14.334
2019-12-14 01:00,0,0,0,13.610
2019-12-14 02:00,0,0,0,12.840
2019-12-14 03:00,0,0,0,12.265
2019-12-14 04:00,0,0,0,11.910
2019-12-14 05:00,0,0,0,11.712
2019-12-14 06:00,0,0.002,0.011,11.451
2019-12-14 07:00,0.056,0.016,0.065,11.674
2019-12-14 08:00,0.152,0.055,0.127,11.853
2019-12-14 09:00,0.345,0.224,0.169,12.110
2019-12-14 10:00,0.445,0.345,0.164,12.533
2019-12-14 11:00,0.494,0.427,0.144,12.984
2019-12-14 12:00,0.439,0.380,0.125,13.319
2019-12-14 13:00,0.304,0.249,0.100,13.486
2019-12-14 14:00,0.127,0.104,0.053,13.141
2019-12-14 15:00,0,0.002,0.002,12.373
2019-12-14 16:00,0,0,0,12.459
2019-12-14 17:00,0,0,0,12.592
2019-12-14 18:00,0,0,0,12.675
2019-12-14 19:00,0,0,0,12.708
2019-12-14 20:00,0,0,0,12.729
2019-12-14 21:00,0,0,0,12.684
2019-12-14 22:00,0,0,0,12.530
2019-12-14 23:00,0,0,0,12.320
2019-12-15 00:00,0,0,0,11.981
2019-12-15 01:00,0,0,0,11.468
2019-12-15 02:00,0,0,0,11.052
2019-12-15 03:00,0,0,0,10.942
2019-12-15 04:00,0,0,0,11.096
2019-12-15 05:00,0,0,0,11.250
2019-12-15 06:00,0.087,0.092,0.021,11.657
2019-12-15 07:00,0.329,0.318,0.057,13.060
2019-12-15 08:00,0.531,0.556,0.066,14.504
2019-12-15 09:00,0.630,0.682,0.074,15.469
2019-12-15 10:00,0.595,0.615,0.097,16.242
2019-12-15 11:00,0.612,0.649,0.088,16.702
2019-12-15 12:00,0.563,0.597,0.075,16.813
2019-12-15 13:00,0.428,0.436,0.063,16.563
2019-12-15 14:00,0.206,0.201,0.042,15.570
2019-12-15 15:00,0,0.002,0.002,14.519
2019-12-15 16:00,0,0,0,14.187
2019-12-15 17:00,0,0,0,13.826
2019-12-15 18:00,0,0,0,13.369
2019-12-15 19:00,0,0,0,13.051
2019-12-15 20:00,0,0,0,12.784
2019-12-15 21:00,0,0,0,12.634
2019-12-15 22:00,0,0,0,12.647
2019-12-15 23:00,0,0,0,12.759
2019-12-16 00:00,0,0,0,12.878
2019-12-16 01:00,0,0,0,12.871
2019-12-16 02:00,0,0,0,13.039
2019-12-16 03:00,0,0,0,13.055
2019-12-16 04:00,0,0,0,12.936
2019-12-16 05:00,0,0,0,12.816
2019-12-16 06:00,0.036,0.037,0.023,12.927
2019-12-16 07:00,0.186,0.137,0.083,14.161
2019-12-16 08:00,0.337,0.270,0.119,14.971
2019-12-16 09:00,0.447,0.386,0.134,15.742
2019-12-16 10:00,0.486,0.430,0.140,16.323
2019-12-16 11:00,0.535,0.514,0.120,16.619
2019-12-16 12:00,0.496,0.484,0.100,16.717
2019-12-16 13:00,0.357,0.330,0.084,16.543
2019-12-16 14:00,0.115,0.096,0.050,15.785
2019-12-16 15:00,0,0.001,0.002,14.780
2019-12-16 16:00,0,0,0,14.443
2019-12-16 17:00,0,0,0,14.181
2019-12-16 18:00,0,0,0,13.856
2019-12-16 19:00,0,0,0,13.558
2019-12-16 20:00,0,0,0,13.271
2019-12-16 21:00,0,0,0,13.018
2019-12-16 22:00,0,0,0,12.864
2019-12-16 23:00,0,0,0,12.803
2019-12-17 00:00,0,0,0,12.777
2019-12-17 01:00,0,0,0,12.787
2019-12-17 02:00,0,0,0,12.809
2019-12-17 03:00,0,0,0,12.871
2019-12-17 04:00,0,0,0,12.792
2019-12-17 05:00,0,0,0,12.700
2019-12-17 06:00,0.012,0.012,0.019,12.868
2019-12-17 07:00,0.107,0.051,0.085,13.859
2019-12-17 08:00,0.156,0.059,0.129,14.483
2019-12-17 09:00,0.217,0.087,0.167,15.094
2019-12-17 10:00,0.259,0.118,0.184,15.618
2019-12-17 11:00,0.346,0.223,0.178,16.028
2019-12-17 12:00,0.372,0.290,0.142,16.271
2019-12-17 13:00,0.274,0.214,0.105,16.251
2019-12-17 14:00,0.105,0.081,0.053,15.623
2019-12-17 15:00,0,0.001,0.001,14.758
2019-12-17 16:00,0,0,0,14.449
2019-12-17 17:00,0,0,0,14.243
2019-12-17 18:00,0,0,0,14.066
2019-12-17 19:00,0,0,0,13.843
2019-12-17 20:00,0,0,0,13.572
2019-12-17 21:00,0,0,0,13.391
2019-12-17 22:00,0,0,0,13.347
2019-12-17 23:00,0,0,0,13.460
2019-12-18 00:00,0,0,0,13.588
2019-12-18 01:00,0,0,0,13.628
2019-12-18 02:00,0,0,0,13.621
2019-12-18 03:00,0,0,0,13.633
2019-12-18 04:00,0,0,0,13.542
2019-12-18 05:00,0,0,0,13.529
2019-12-18 06:00,0,0.002,0.011,13.665
2019-12-18 07:00,0.038,0.007,0.054,14.322
2019-12-18 08:00,0.101,0.020,0.110,14.996
2019-12-18 09:00,0.179,0.051,0.163,15.534
2019-12-18 10:00,0.247,0.096,0.193,16.119
2019-12-18 11:00,0.244,0.100,0.187,16.547
2019-12-18 12:00,0.199,0.078,0.159,16.697
2019-12-18 13:00,0.103,0.032,0.101,16.529
2019-12-18 14:00,0.028,0.011,0.039,15.943
2019-12-18 15:00,0,0,0.001,15.244
2019-12-18 16:00,0,0,0,14.863
2019-12-18 17:00,0,0,0,14.517
2019-12-18 18:00,0,0,0,14.242
2019-12-18 19:00,0,0,0,14.034
2019-12-18 20:00,0,0,0,13.823
2019-12-18 21:00,0,0,0,13.605
2019-12-18 22:00,0,0,0,13.439
2019-12-18 23:00,0,0,0,13.254
2019-12-19 00:00,0,0,0,13.056
2019-12-19 01:00,0,0,0,12.915
2019-12-19 02:00,0,0,0,12.783
2019-12-19 03:00,0,0,0,12.730
2019-12-19 04:00,0,0,0,12.734
2019-12-19 05:00,0,0,0,12.720
2019-12-19 06:00,0,0.002,0.012,12.811
2019-12-19 07:00,0.029,0.004,0.047,13.387
2019-12-19 08:00,0.063,0.006,0.083,14.031
2019-12-19 09:00,0.087,0.008,0.107,14.601
2019-12-19 10:00,0.089,0.007,0.110,15.041
2019-12-19 11:00,0.080,0.006,0.101,15.359
2019-12-19 12:00,0.051,0.004,0.073,15.460
2019-12-19 13:00,0.020,0.002,0.039,15.379
2019-12-19 14:00,0,0.001,0.015,15.191
2019-12-19 15:00,0,0,0,14.865
2019-12-19 16:00,0,0,0,14.683
2019-12-19 17:00,0,0,0,14.629
2019-12-19 18:00,0,0,0,14.606
2019-12-19 19:00,0,0,0,14.532
2019-12-19 20:00,0,0,0,14.573
2019-12-19 21:00,0,0,0,14.705
2019-12-19 22:00,0,0,0,14.862
2019-12-19 23:00,0,0,0,14.970
2019-12-20 00:00,0,0,0,14.987
2019-12-20 01:00,0,0,0,14.892
2019-12-20 02:00,0,0,0,14.904
2019-12-20 03:00,0,0,0,14.836
2019-12-20 04:00,0,0,0,14.636
2019-12-20 05:00,0,0,0,14.494
2019-12-20 06:00,0.003,0.004,0.015,14.642
2019-12-20 07:00,0.064,0.019,0.071,15.215
2019-12-20 08:00,0.152,0.053,0.132,15.687
2019-12-20 09:00,0.229,0.094,0.174,15.941
2019-12-20 10:00,0.259,0.112,0.190,16.051
2019-12-20 11:00,0.251,0.106,0.187,16.066
2019-12-20 12:00,0.143,0.040,0.135,15.924
2019-12-20 13:00,0.140,0.061,0.112,15.832
2019-12-20 14:00,0.058,0.034,0.050,15.450
2019-12-20 15:00,0,0.001,0.001,14.666
2019-12-20 16:00,0,0,0,14.337
2019-12-20 17:00,0,0,0,14.273
2019-12-20 18:00,0,0,0,14.248
2019-12-20 19:00,0,0,0,14.351
2019-12-20 20:00,0,0,0,14.386
2019-12-20 21:00,0,0,0,14.299
2019-12-20 22:00,0,0,0,14.278
2019-12-20 23:00,0,0,0,14.347
2019-12-21 00:00,0,0,0,14.475
2019-12-21 01:00,0,0,0,14.649
2019-12-21 02:00,0,0,0,14.765
2019-12-21 03:00,0,0,0,14.933
2019-12-21 04:00,0,0,0,15.106
2019-12-21 05:00,0,0,0,15.253
2019-12-21 06:00,0,0.001,0.009,15.387
2019-12-21 07:00,0.043,0.008,0.060,15.682
2019-12-21 08:00,0.074,0.009,0.093,15.945
2019-12-21 09:00,0.085,0.009,0.105,15.965
2019-12-21 10:00,0.190,0.045,0.182,16.077
2019-12-21 11:00,0.231,0.076,0.196,16.130
2019-12-21 12:00,0.092,0.012,0.109,15.946
2019-12-21 13:00,0.012,0.001,0.030,15.604
2019-12-21 14:00,0,0,0.011,15.295
2019-12-21 15:00,0,0,0,15.080
2019-12-21 16:00,0,0,0,14.980
2019-12-21 17:00,0,0,0,14.971
2019-12-21 18:00,0,0,0,15.139
2019-12-21 19:00,0,0,0,15.406
2019-12-21 20:00,0,0,0,15.557
2019-12-21 21:00,0,0,0,15.626
2019-12-21 22:00,0,0,0,15.670
2019-12-21 23:00,0,0,0,15.677
2019-12-22 00:00,0,0,0,15.583
2019-12-22 01:00,0,0,0,15.443
2019-12-22 02:00,0,0,0,15.385
2019-12-22 03:00,0,0,0,15.507
2019-12-22 04:00,0,0,0,15.581
2019-12-22 05:00,0,0,0,15.640
2019-12-22 06:00,0.004,0.004,0.016,15.820
2019-12-22 07:00,0.032,0.005,0.050,16.111
2019-12-22 08:00,0.044,0.004,0.065,16.053
2019-12-22 09:00,0.069,0.006,0.090,15.748
2019-12-22 10:00,0.096,0.009,0.116,15.507
2019-12-22 11:00,0.108,0.013,0.125,15.302
2019-12-22 12:00,0.101,0.014,0.116,15.406
2019-12-22 13:00,0.041,0.005,0.060,15.503
2019-12-22 14:00,0.020,0.006,0.035,15.320
2019-12-22 15:00,0,0,0.001,14.655
2019-12-22 16:00,0,0,0,14.676
2019-12-22 17:00,0,0,0,14.812
2019-12-22 18:00,0,0,0,14.879
2019-12-22 19:00,0,0,0,14.829
2019-12-22 20:00,0,0,0,14.618
2019-12-22 21:00,0,0,0,14.277
2019-12-22 22:00,0,0,0,13.895
2019-12-22 23:00,0,0,0,13.542
2019-12-23 00:00,0,0,0,13.236
2019-12-23 01:00,0,0,0,13.104
2019-12-23 02:00,0,0,0,13.125
2019-12-23 03:00,0,0,0,13.143
2019-12-23 04:00,0,0,0,13.047
2019-12-23 05:00,0,0,0,12.975
2019-12-23 06:00,0.008,0.008,0.018,13.074
2019-12-23 07:00,0.099,0.043,0.084,13.796
2019-12-23 08:00,0.283,0.184,0.143,14.388
2019-12-23 09:00,0.384,0.273,0.170,14.534
2019-12-23 10:00,0.322,0.175,0.196,14.190
2019-12-23 11:00,0.176,0.045,0.164,13.371
2019-12-23 12:00,0.067,0.008,0.085,12.860
2019-12-23 13:00,0.039,0.005,0.057,12.870
2019-12-23 14:00,0.015,0.005,0.030,12.781
2019-12-23 15:00,0,0,0.001,12.440
2019-12-23 16:00,0,0,0,12.571
2019-12-23 17:00,0,0,0,12.623
2019-12-23 18:00,0,0,0,12.548
2019-12-23 19:00,0,0,0,12.495
2019-12-23 20:00,0,0,0,12.476
2019-12-23 21:00,0,0,0,12.253
2019-12-23 22:00,0,0,0,11.958
2019-12-23 23:00,0,0,0,11.704
2019-12-24 00:00,0,0,0,11.643
2019-12-24 01:00,0,0,0,11.672
2019-12-24 02:00,0,0,0,11.670
2019-12-24 03:00,0,0,0,11.701
2019-12-24 04:00,0,0,0,11.741
2019-12-24 05:00,0,0,0,11.685
2019-12-24 06:00,0.068,0.072,0.021,11.733
2019-12-24 07:00,0.310,0.293,0.061,12.455
2019-12-24 08:00,0.513,0.524,0.071,13.017
2019-12-24 09:00,0.626,0.666,0.076,13.342
2019-12-24 10:00,0.666,0.718,0.079,13.391
2019-12-24 11:00,0.653,0.701,0.078,13.251
2019-12-24 12:00,0.576,0.601,0.073,13.010
2019-12-24 13:00,0.424,0.422,0.064,12.667
2019-12-24 14:00,0.187,0.176,0.042,12.032
2019-12-24 15:00,0,0.002,0.002,11.127
2019-12-24 16:00,0,0,0,10.886
2019-12-24 17:00,0,0,0,10.708
2019-12-24 18:00,0,0,0,10.578
2019-12-24 19:00,0,0,0,10.431
2019-12-24 20:00,0,0,0,10.303
2019-12-24 21:00,0,0,0,10.157
2019-12-24 22:00,0,0,0,10.059
2019-12-24 23:00,0,0,0,10.114
2019-12-25 00:00,0,0,0,10.356
2019-12-25 01:00,0,0,0,10.100
2019-12-25 02:00,0,0,0,9.836
2019-12-25 03:00,0,0,0,9.669
2019-12-25 04:00,0,0,0,9.531
2019-12-25 05:00,0,0,0,9.445
2019-12-25 06:00,0.003,0.006,0.014,9.562
2019-12-25 07:00,0.141,0.086,0.083,10.610
2019-12-25 08:00,0.412,0.363,0.106,11.663
2019-12-25 09:00,0.490,0.439,0.123,12.143
2019-12-25 10:00,0.516,0.462,0.134,12.490
2019-12-25 11:00,0.503,0.452,0.128,12.784
2019-12-25 12:00,0.525,0.516,0.093,13.077
2019-12-25 13:00,0.418,0.408,0.070,13.023
2019-12-25 14:00,0.181,0.168,0.045,12.173
2019-12-25 15:00,0,0.002,0.002,10.968
2019-12-25 16:00,0,0,0,10.795
2019-12-25 17:00,0,0,0,10.787
2019-12-25 18:00,0,0,0,10.835
2019-12-25 19:00,0,0,0,10.901
2019-12-25 20:00,0,0,0,10.923
2019-12-25 21:00,0,0,0,10.874
2019-12-25 22:00,0,0,0,10.721
2019-12-25 23:00,0,0,0,10.527
2019-12-26 00:00,0,0,0,10.330
2019-12-26 01:00,0,0,0,10.126
2019-12-26 02:00,0,0,0,9.907
2019-12-26 03:00,0,0,0,9.833
2019-12-26 04:00,0,0,0,9.829
2019-12-26 05:00,0,0,0,9.874
2019-12-26 06:00,0.007,0.008,0.016,9.960
2019-12-26 07:00,0.104,0.052,0.079,10.511
2019-12-26 08:00,0.327,0.248,0.122,11.533
2019-12-26 09:00,0.546,0.524,0.110,12.298
2019-12-26 10:00,0.601,0.597,0.109,12.804
2019-12-26 11:00,0.565,0.549,0.112,13.045
2019-12-26 12:00,0.485,0.455,0.104,13.060
2019-12-26 13:00,0.347,0.310,0.085,12.850
2019-12-26 14:00,0.147,0.128,0.048,11.967
2019-12-26 15:00,0,0.002,0.002,10.778
2019-12-26 16:00,0,0,0,10.513
2019-12-26 17:00,0,0,0,10.321
2019-12-26 18:00,0,0,0,10.087
2019-12-26 19:00,0,0,0,9.780
2019-12-26 20:00,0,0,0,9.376
2019-12-26 21:00,0,0,0,8.929
2019-12-26 22:00,0,0,0,8.531
2019-12-26 23:00,0,0,0,8.186
2019-12-27 00:00,0,0,0,7.911
2019-12-27 01:00,0,0,0,7.739
2019-12-27 02:00,0,0,0,7.712
2019-12-27 03:00,0,0,0,7.923
2019-12-27 04:00,0,0,0,8.104
2019-12-27 05:00,0,0,0,8.386
2019-12-27 06:00,0,0.002,0.011,8.626
2019-12-27 07:00,0.048,0.011,0.061,9.129
2019-12-27 08:00,0.118,0.029,0.116,9.997
2019-12-27 09:00,0.222,0.084,0.171,10.612
2019-12-27 10:00,0.371,0.230,0.189,10.911
2019-12-27 11:00,0.424,0.307,0.174,11.059
2019-12-27 12:00,0.267,0.142,0.161,10.950
2019-12-27 13:00,0.096,0.028,0.094,10.552
2019-12-27 14:00,0.037,0.016,0.043,9.806
2019-12-27 15:00,0,0.001,0.002,8.862
2019-12-27 16:00,0,0,0,8.338
2019-12-27 17:00,0,0,0,7.995
2019-12-27 18:00,0,0,0,7.746
2019-12-27 19:00,0,0,0,7.509
2019-12-27 20:00,0,0,0,7.274
2019-12-27 21:00,0,0,0,7.102
2019-12-27 22:00,0,0,0,6.808
2019-12-27 23:00,0,0,0,6.512
2019-12-28 00:00,0,0,0,6.261
2019-12-28 01:00,0,0,0,6.065
2019-12-28 02:00,0,0,0,6.052
2019-12-28 03:00,0,0,0,5.839
2019-12-28 04:00,0,0,0,5.454
2019-12-28 05:00,0,0,0,5.328
2019-12-28 06:00,0.087,0.089,0.022,5.600
2019-12-28 07:00,0.316,0.284,0.067,7.209
2019-12-28 08:00,0.447,0.404,0.097,8.391
2019-12-28 09:00,0.506,0.450,0.123,8.723
2019-12-28 10:00,0.500,0.422,0.143,8.797
2019-12-28 11:00,0.437,0.338,0.153,8.754
2019-12-28 12:00,0.319,0.214,0.143,8.602
2019-12-28 13:00,0.230,0.155,0.106,8.385
2019-12-28 14:00,0.085,0.059,0.050,7.718
2019-12-28 15:00,0,0.001,0.002,6.900
2019-12-28 16:00,0,0,0,6.700
2019-12-28 17:00,0,0,0,6.393
2019-12-28 18:00,0,0,0,5.957
2019-12-28 19:00,0,0,0,5.440
2019-12-28 20:00,0,0,0,4.936
2019-12-28 21:00,0,0,0,4.518
2019-12-28 22:00,0,0,0,4.204
2019-12-28 23:00,0,0,0,4.048
2019-12-29 00:00,0,0,0,4.006
2019-12-29 01:00,0,0,0,3.987
2019-12-29 02:00,0,0,0,3.894
2019-12-29 03:00,0,0,0,3.809
2019-12-29 04:00,0,0,0,3.800
2019-12-29 05:00,0,0,0,3.773
2019-12-29 06:00,0.094,0.097,0.021,4.093
2019-12-29 07:00,0.366,0.349,0.055,5.662
2019-12-29 08:00,0.561,0.569,0.064,6.634
2019-12-29 09:00,0.671,0.706,0.070,7.193
2019-12-29 10:00,0.710,0.758,0.074,7.577
2019-12-29 11:00,0.686,0.725,0.074,7.879
2019-12-29 12:00,0.589,0.600,0.073,7.990
2019-12-29 13:00,0.407,0.383,0.071,7.742
2019-12-29 14:00,0.115,0.092,0.048,6.753
2019-12-29 15:00,0,0.001,0.002,5.596
2019-12-29 16:00,0,0,0,5.107
2019-12-29 17:00,0,0,0,4.593
2019-12-29 18:00,0,0,0,4.136
2019-12-29 19:00,0,0,0,3.782
2019-12-29 20:00,0,0,0,3.499
2019-12-29 21:00,0,0,0,3.240
2019-12-29 22:00,0,0,0,3.056
2019-12-29 23:00,0,0,0,3.018
2019-12-30 00:00,0,0,0,3.029
2019-12-30 01:00,0,0,0,2.924
2019-12-30 02:00,0,0,0,2.836
2019-12-30 03:00,0,0,0,2.813
2019-12-30 04:00,0,0,0,2.853
2019-12-30 05:00,0,0,0,2.870
2019-12-30 06:00,0.091,0.093,0.021,3.202
2019-12-30 07:00,0.368,0.349,0.055,4.732
2019-12-30 08:00,0.567,0.575,0.063,5.796
2019-12-30 09:00,0.679,0.717,0.068,6.667
2019-12-30 10:00,0.720,0.774,0.070,7.465
2019-12-30 11:00,0.697,0.746,0.070,8.144
2019-12-30 12:00,0.599,0.618,0.069,8.563
2019-12-30 13:00,0.428,0.416,0.064,8.559
2019-12-30 14:00,0.181,0.165,0.044,7.553
2019-12-30 15:00,0,0.002,0.002,6.187
2019-12-30 16:00,0,0,0,5.809
2019-12-30 17:00,0,0,0,5.400
2019-12-30 18:00,0,0,0,4.985
2019-12-30 19:00,0,0,0,4.571
2019-12-30 20:00,0,0,0,4.217
2019-12-30 21:00,0,0,0,3.983
2019-12-30 22:00,0,0,0,3.827
2019-12-30 23:00,0,0,0,3.668
2019-12-31 00:00,0,0,0,3.543
2019-12-31 01:00,0,0,0,3.406
2019-12-31 02:00,0,0,0,3.267
2019-12-31 03:00,0,0,0,3.224
2019-12-31 04:00,0,0,0,3.215
2019-12-31 05:00,0,0,0,3.269
2019-12-31 06:00,0.135,0.140,0.018,3.570
2019-12-31 07:00,0.426,0.426,0.043,4.938
2019-12-31 08:00,0.612,0.645,0.051,6.332
2019-12-31 09:00,0.715,0.780,0.056,7.325
2019-12-31 10:00,0.753,0.835,0.059,8.219
2019-12-31 11:00,0.730,0.806,0.058,8.846
2019-12-31 12:00,0.644,0.692,0.056,9.105
2019-12-31 13:00,0.486,0.498,0.050,8.921
2019-12-31 14:00,0.232,0.226,0.037,7.957
2019-12-31 15:00,0,0.004,0.002,6.990
2019-12-31 16:00,0,0,0,6.772
2019-12-31 17:00,0,0,0,6.718
2019-12-31 18:00,0,0,0,6.746
2019-12-31 19:00,0,0,0,6.705
2019-12-31 20:00,0,0,0,6.749
2019-12-31 21:00,0,0,0,6.845
2019-12-31 22:00,0,0,0,7.067
2019-12-31 23:00,0,0,0,7.322