# Renewables.ninja Solar photovoltaic power (PV) (Point API) - 40.734, 19.437 - Version: 1.4 (gsee f9b6961) - License: https://creativecommons.org/licenses/by-nc/4.0/ - Reference: https://doi.org/10.1016/j.energy.2016.08.060
# Units: time in UTC, electricity in kW, irradiance_direct in unknown, irradiance_diffuse in unknown, temperature in ºC, missing in binary flag
# {"units": {"time": "UTC", "electricity": "kW", "irradiance_direct": "unknown", "irradiance_diffuse": "unknown", "temperature": "\u00baC", "missing": "binary flag"}, "params": {"lat": "40.73359591755215", "lon": "19.437023344892737", "date_from": "2015-01-01", "date_to": "2015-12-31", "dataset": "sarah", "header": "true", "local_time": "false", "capacity": "1", "system_loss": "0.1", "tracking": "0", "tilt": "35", "azim": "180", "raw": "true"}}
time,electricity,irradiance_direct,irradiance_diffuse,temperature,missing
2015-01-01 00:00,0,0,0,-0.223,0
2015-01-01 01:00,0,0,0,-0.378,0
2015-01-01 02:00,0,0,0,-0.510,0
2015-01-01 03:00,0,0,0,-0.636,0
2015-01-01 04:00,0,0,0,-0.749,0
2015-01-01 05:00,0,0,0,-0.849,0
2015-01-01 06:00,0.002,0.011,0.007,-0.593,0
2015-01-01 07:00,0.183,0.156,0.049,0.521,0
2015-01-01 08:00,0.452,0.424,0.066,1.771,0
2015-01-01 09:00,0.634,0.646,0.066,3.196,0
2015-01-01 10:00,0.699,0.720,0.081,4.375,0
2015-01-01 11:00,0.698,0.712,0.091,5.114,0
2015-01-01 12:00,0.646,0.644,0.093,5.508,0
2015-01-01 13:00,0.517,0.486,0.090,5.428,0
2015-01-01 14:00,0.302,0.258,0.074,4.349,0
2015-01-01 15:00,0.024,0.032,0.012,3.032,0
2015-01-01 16:00,0,0,0,2.636,0
2015-01-01 17:00,0,0,0,2.471,0
2015-01-01 18:00,0,0,0,2.540,0
2015-01-01 19:00,0,0,0,2.549,0
2015-01-01 20:00,0,0,0,2.469,0
2015-01-01 21:00,0,0,0,2.283,0
2015-01-01 22:00,0,0,0,2.031,0
2015-01-01 23:00,0,0,0,1.876,0
2015-01-02 00:00,0,0,0,1.785,0
2015-01-02 01:00,0,0,0,1.743,0
2015-01-02 02:00,0,0,0,1.761,0
2015-01-02 03:00,0,0,0,1.797,0
2015-01-02 04:00,0,0,0,1.811,0
2015-01-02 05:00,0,0,0,1.861,0
2015-01-02 06:00,0.022,0.035,0.006,2.244,0
2015-01-02 07:00,0.284,0.288,0.024,3.827,0
2015-01-02 08:00,0.497,0.506,0.045,5.340,0
2015-01-02 09:00,0.622,0.642,0.067,6.661,0
2015-01-02 10:00,0.704,0.752,0.071,7.802,0
2015-01-02 11:00,0.689,0.716,0.092,8.593,0
2015-01-02 12:00,0.634,0.642,0.094,9.053,0
2015-01-02 13:00,0.505,0.480,0.092,9.070,0
2015-01-02 14:00,0.294,0.254,0.075,8.477,0
2015-01-02 15:00,0.023,0.031,0.012,7.793,0
2015-01-02 16:00,0,0,0,7.556,0
2015-01-02 17:00,0,0,0,7.340,0
2015-01-02 18:00,0,0,0,7.005,0
2015-01-02 19:00,0,0,0,6.814,0
2015-01-02 20:00,0,0,0,6.625,0
2015-01-02 21:00,0,0,0,6.678,0
2015-01-02 22:00,0,0,0,6.898,0
2015-01-02 23:00,0,0,0,7.023,0
2015-01-03 00:00,0,0,0,7.119,0
2015-01-03 01:00,0,0,0,7.178,0
2015-01-03 02:00,0,0,0,7.294,0
2015-01-03 03:00,0,0,0,7.585,0
2015-01-03 04:00,0,0,0,7.871,0
2015-01-03 05:00,0,0,0,8.050,0
2015-01-03 06:00,0.014,0.026,0.007,8.341,0
2015-01-03 07:00,0.284,0.299,0.022,9.518,0
2015-01-03 08:00,0.480,0.502,0.046,10.904,0
2015-01-03 09:00,0.604,0.637,0.069,11.783,0
2015-01-03 10:00,0.652,0.683,0.092,12.664,0
2015-01-03 11:00,0.592,0.562,0.135,13.190,0
2015-01-03 12:00,0.568,0.547,0.118,13.373,0
2015-01-03 13:00,0.455,0.418,0.106,13.188,0
2015-01-03 14:00,0.276,0.239,0.077,12.744,0
2015-01-03 15:00,0.022,0.031,0.012,12.069,0
2015-01-03 16:00,0,0,0,11.467,0
2015-01-03 17:00,0,0,0,10.904,0
2015-01-03 18:00,0,0,0,10.467,0
2015-01-03 19:00,0,0,0,10.181,0
2015-01-03 20:00,0,0,0,10.009,0
2015-01-03 21:00,0,0,0,10.055,0
2015-01-03 22:00,0,0,0,10.121,0
2015-01-03 23:00,0,0,0,10.124,0
2015-01-04 00:00,0,0,0,10.235,0
2015-01-04 01:00,0,0,0,10.319,0
2015-01-04 02:00,0,0,0,10.280,0
2015-01-04 03:00,0,0,0,10.265,0
2015-01-04 04:00,0,0,0,10.300,0
2015-01-04 05:00,0,0,0,10.284,0
2015-01-04 06:00,0,0.007,0.007,10.341,0
2015-01-04 07:00,0.057,0.028,0.054,11.451,0
2015-01-04 08:00,0.191,0.107,0.117,12.347,0
2015-01-04 09:00,0.226,0.176,0.086,12.873,0
2015-01-04 10:00,0.630,0.644,0.104,13.143,0
2015-01-04 11:00,0.556,0.511,0.139,13.398,0
2015-01-04 12:00,0.145,0.058,0.118,13.476,0
2015-01-04 13:00,0.231,0.150,0.117,13.169,0
2015-01-04 14:00,0.147,0.111,0.066,12.149,0
2015-01-04 15:00,0.017,0.025,0.012,10.454,0
2015-01-04 16:00,0,0,0,9.632,0
2015-01-04 17:00,0,0,0,8.967,0
2015-01-04 18:00,0,0,0,8.352,0
2015-01-04 19:00,0,0,0,7.879,0
2015-01-04 20:00,0,0,0,7.384,0
2015-01-04 21:00,0,0,0,6.801,0
2015-01-04 22:00,0,0,0,6.094,0
2015-01-04 23:00,0,0,0,5.490,0
2015-01-05 00:00,0,0,0,5.103,0
2015-01-05 01:00,0,0,0,4.756,0
2015-01-05 02:00,0,0,0,4.436,0
2015-01-05 03:00,0,0,0,4.318,0
2015-01-05 04:00,0,0,0,4.388,0
2015-01-05 05:00,0,0,0,4.478,0
2015-01-05 06:00,0.019,0.032,0.007,4.892,0
2015-01-05 07:00,0.270,0.274,0.027,6.360,0
2015-01-05 08:00,0.480,0.486,0.050,6.891,0
2015-01-05 09:00,0.611,0.625,0.072,6.973,0
2015-01-05 10:00,0.682,0.703,0.087,7.002,0
2015-01-05 11:00,0.681,0.687,0.101,6.958,0
2015-01-05 12:00,0.626,0.612,0.104,6.820,0
2015-01-05 13:00,0.502,0.463,0.099,6.619,0
2015-01-05 14:00,0.313,0.271,0.075,6.070,0
2015-01-05 15:00,0.032,0.040,0.013,5.045,0
2015-01-05 16:00,0,0,0,4.694,0
2015-01-05 17:00,0,0,0,4.381,0
2015-01-05 18:00,0,0,0,3.968,0
2015-01-05 19:00,0,0,0,3.584,0
2015-01-05 20:00,0,0,0,3.387,0
2015-01-05 21:00,0,0,0,3.428,0
2015-01-05 22:00,0,0,0,3.890,0
2015-01-05 23:00,0,0,0,4.210,0
2015-01-06 00:00,0,0,0,4.180,0
2015-01-06 01:00,0,0,0,4.092,0
2015-01-06 02:00,0,0,0,4.238,0
2015-01-06 03:00,0,0,0,4.351,0
2015-01-06 04:00,0,0,0,4.497,0
2015-01-06 05:00,0,0,0,4.524,0
2015-01-06 06:00,0.019,0.031,0.007,4.731,0
2015-01-06 07:00,0.271,0.274,0.027,5.968,0
2015-01-06 08:00,0.484,0.490,0.050,6.531,0
2015-01-06 09:00,0.610,0.620,0.075,6.655,0
2015-01-06 10:00,0.682,0.700,0.089,6.636,0
2015-01-06 11:00,0.684,0.688,0.102,6.576,0
2015-01-06 12:00,0.630,0.617,0.103,6.438,0
2015-01-06 13:00,0.508,0.469,0.098,6.156,0
2015-01-06 14:00,0.314,0.270,0.077,5.405,0
2015-01-06 15:00,0.028,0.035,0.013,4.090,0
2015-01-06 16:00,0,0,0,3.716,0
2015-01-06 17:00,0,0,0,3.389,0
2015-01-06 18:00,0,0,0,3.053,0
2015-01-06 19:00,0,0,0,2.765,0
2015-01-06 20:00,0,0,0,2.524,0
2015-01-06 21:00,0,0,0,2.325,0
2015-01-06 22:00,0,0,0,2.135,0
2015-01-06 23:00,0,0,0,1.970,0
2015-01-07 00:00,0,0,0,1.788,0
2015-01-07 01:00,0,0,0,1.537,0
2015-01-07 02:00,0,0,0,1.240,0
2015-01-07 03:00,0,0,0,1.009,0
2015-01-07 04:00,0,0,0,0.863,0
2015-01-07 05:00,0,0,0,0.758,0
2015-01-07 06:00,0.018,0.029,0.007,1.131,0
2015-01-07 07:00,0.264,0.260,0.030,2.701,0
2015-01-07 08:00,0.483,0.477,0.054,3.499,0
2015-01-07 09:00,0.615,0.618,0.075,4.159,0
2015-01-07 10:00,0.681,0.687,0.093,4.819,0
2015-01-07 11:00,0.682,0.677,0.106,5.330,0
2015-01-07 12:00,0.626,0.603,0.108,5.632,0
2015-01-07 13:00,0.498,0.450,0.103,5.632,0
2015-01-07 14:00,0.293,0.242,0.081,4.788,0
2015-01-07 15:00,0.022,0.027,0.015,3.895,0
2015-01-07 16:00,0,0,0,3.858,0
2015-01-07 17:00,0,0,0,3.763,0
2015-01-07 18:00,0,0,0,3.524,0
2015-01-07 19:00,0,0,0,3.108,0
2015-01-07 20:00,0,0,0,2.879,0
2015-01-07 21:00,0,0,0,2.818,0
2015-01-07 22:00,0,0,0,2.833,0
2015-01-07 23:00,0,0,0,2.838,0
2015-01-08 00:00,0,0,0,2.939,0
2015-01-08 01:00,0,0,0,3.042,0
2015-01-08 02:00,0,0,0,3.115,0
2015-01-08 03:00,0,0,0,3.215,0
2015-01-08 04:00,0,0,0,3.530,0
2015-01-08 05:00,0,0,0,3.719,0
2015-01-08 06:00,0.017,0.030,0.007,3.960,0
2015-01-08 07:00,0.270,0.272,0.028,5.245,0
2015-01-08 08:00,0.481,0.484,0.052,6.343,0
2015-01-08 09:00,0.574,0.561,0.091,7.193,0
2015-01-08 10:00,0.652,0.650,0.104,7.800,0
2015-01-08 11:00,0.653,0.640,0.117,8.134,0
2015-01-08 12:00,0.382,0.262,0.165,8.264,0
2015-01-08 13:00,0.290,0.178,0.147,8.149,0
2015-01-08 14:00,0.196,0.138,0.086,7.592,0
2015-01-08 15:00,0.025,0.027,0.019,7.124,0
2015-01-08 16:00,0,0,0,7.248,0
2015-01-08 17:00,0,0,0,7.258,0
2015-01-08 18:00,0,0,0,7.082,0
2015-01-08 19:00,0,0,0,6.966,0
2015-01-08 20:00,0,0,0,6.746,0
2015-01-08 21:00,0,0,0,6.592,0
2015-01-08 22:00,0,0,0,6.508,0
2015-01-08 23:00,0,0,0,6.490,0
2015-01-09 00:00,0,0,0,6.522,0
2015-01-09 01:00,0,0,0,6.601,0
2015-01-09 02:00,0,0,0,6.735,0
2015-01-09 03:00,0,0,0,6.977,0
2015-01-09 04:00,0,0,0,7.268,0
2015-01-09 05:00,0,0,0,7.444,0
2015-01-09 06:00,0.025,0.039,0.006,7.822,0
2015-01-09 07:00,0.189,0.177,0.041,8.743,0
2015-01-09 08:00,0.376,0.337,0.087,9.847,0
2015-01-09 09:00,0.343,0.222,0.165,10.457,0
2015-01-09 10:00,0.229,0.076,0.186,10.900,0
2015-01-09 11:00,0.304,0.150,0.194,11.055,0
2015-01-09 12:00,0.557,0.514,0.130,11.061,0
2015-01-09 13:00,0.330,0.240,0.133,10.856,0
2015-01-09 14:00,0.231,0.177,0.087,10.159,0
2015-01-09 15:00,0.005,0.006,0.016,9.701,0
2015-01-09 16:00,0,0,0,9.663,0
2015-01-09 17:00,0,0,0,9.430,0
2015-01-09 18:00,0,0,0,9.231,0
2015-01-09 19:00,0,0,0,9.063,0
2015-01-09 20:00,0,0,0,8.914,0
2015-01-09 21:00,0,0,0,8.733,0
2015-01-09 22:00,0,0,0,8.791,0
2015-01-09 23:00,0,0,0,8.816,0
2015-01-10 00:00,0,0,0,8.909,0
2015-01-10 01:00,0,0,0,9.035,0
2015-01-10 02:00,0,0,0,9.141,0
2015-01-10 03:00,0,0,0,9.222,0
2015-01-10 04:00,0,0,0,9.415,0
2015-01-10 05:00,0,0,0,9.470,0
2015-01-10 06:00,0.008,0.018,0.007,9.646,0
2015-01-10 07:00,0.186,0.169,0.047,10.405,0
2015-01-10 08:00,0.459,0.468,0.056,11.642,0
2015-01-10 09:00,0.588,0.607,0.080,12.190,0
2015-01-10 10:00,0.623,0.623,0.111,12.528,0
2015-01-10 11:00,0.493,0.390,0.178,12.849,0
2015-01-10 12:00,0.350,0.216,0.184,12.987,0
2015-01-10 13:00,0.445,0.398,0.113,12.861,0
2015-01-10 14:00,0.293,0.251,0.083,12.026,0
2015-01-10 15:00,0.021,0.021,0.020,11.063,0
2015-01-10 16:00,0,0,0,10.812,0
2015-01-10 17:00,0,0,0,10.772,0
2015-01-10 18:00,0,0,0,10.628,0
2015-01-10 19:00,0,0,0,10.366,0
2015-01-10 20:00,0,0,0,9.866,0
2015-01-10 21:00,0,0,0,9.501,0
2015-01-10 22:00,0,0,0,9.280,0
2015-01-10 23:00,0,0,0,9.075,0
2015-01-11 00:00,0,0,0,8.867,0
2015-01-11 01:00,0,0,0,8.845,0
2015-01-11 02:00,0,0,0,8.880,0
2015-01-11 03:00,0,0,0,8.847,0
2015-01-11 04:00,0,0,0,8.807,0
2015-01-11 05:00,0,0,0,8.901,0
2015-01-11 06:00,0.007,0.017,0.008,9.320,0
2015-01-11 07:00,0.154,0.131,0.052,11.193,0
2015-01-11 08:00,0.456,0.467,0.057,12.682,0
2015-01-11 09:00,0.515,0.488,0.112,13.842,0
2015-01-11 10:00,0.640,0.666,0.101,14.837,0
2015-01-11 11:00,0.677,0.726,0.094,15.261,0
2015-01-11 12:00,0.611,0.624,0.106,15.290,0
2015-01-11 13:00,0.496,0.477,0.102,14.928,0
2015-01-11 14:00,0.314,0.280,0.081,14.152,0
2015-01-11 15:00,0.036,0.037,0.022,13.368,0
2015-01-11 16:00,0,0,0,13.200,0
2015-01-11 17:00,0,0,0,12.953,0
2015-01-11 18:00,0,0,0,12.740,0
2015-01-11 19:00,0,0,0,12.593,0
2015-01-11 20:00,0,0,0,12.617,0
2015-01-11 21:00,0,0,0,12.714,0
2015-01-11 22:00,0,0,0,12.866,0
2015-01-11 23:00,0,0,0,12.945,0
2015-01-12 00:00,0,0,0,12.608,0
2015-01-12 01:00,0,0,0,10.483,0
2015-01-12 02:00,0,0,0,7.695,0
2015-01-12 03:00,0,0,0,6.804,0
2015-01-12 04:00,0,0,0,6.379,0
2015-01-12 05:00,0,0,0,6.089,0
2015-01-12 06:00,0.026,0.040,0.007,6.371,0
2015-01-12 07:00,0.291,0.304,0.021,7.641,0
2015-01-12 08:00,0.496,0.514,0.045,8.449,0
2015-01-12 09:00,0.620,0.649,0.069,9.009,0
2015-01-12 10:00,0.689,0.726,0.085,9.383,0
2015-01-12 11:00,0.689,0.713,0.099,9.660,0
2015-01-12 12:00,0.632,0.631,0.105,9.810,0
2015-01-12 13:00,0.515,0.486,0.100,9.765,0
2015-01-12 14:00,0.291,0.241,0.087,9.272,0
2015-01-12 15:00,0.056,0.056,0.023,8.142,0
2015-01-12 16:00,0,0,0,7.866,0
2015-01-12 17:00,0,0,0,7.755,0
2015-01-12 18:00,0,0,0,7.581,0
2015-01-12 19:00,0,0,0,7.347,0
2015-01-12 20:00,0,0,0,7.097,0
2015-01-12 21:00,0,0,0,6.853,0
2015-01-12 22:00,0,0,0,6.649,0
2015-01-12 23:00,0,0,0,6.497,0
2015-01-13 00:00,0,0,0,6.356,0
2015-01-13 01:00,0,0,0,6.201,0
2015-01-13 02:00,0,0,0,6.030,0
2015-01-13 03:00,0,0,0,5.875,0
2015-01-13 04:00,0,0,0,5.765,0
2015-01-13 05:00,0,0,0,5.665,0
2015-01-13 06:00,0.020,0.033,0.007,5.999,0
2015-01-13 07:00,0.276,0.283,0.026,7.702,0
2015-01-13 08:00,0.490,0.508,0.047,8.967,0
2015-01-13 09:00,0.615,0.642,0.071,9.777,0
2015-01-13 10:00,0.680,0.712,0.090,10.372,0
2015-01-13 11:00,0.677,0.695,0.106,10.736,0
2015-01-13 12:00,0.622,0.616,0.111,10.858,0
2015-01-13 13:00,0.505,0.474,0.104,10.679,0
2015-01-13 14:00,0.321,0.278,0.084,9.699,0
2015-01-13 15:00,0.056,0.054,0.026,8.339,0
2015-01-13 16:00,0,0,0,8.162,0
2015-01-13 17:00,0,0,0,8.146,0
2015-01-13 18:00,0,0,0,8.109,0
2015-01-13 19:00,0,0,0,8.074,0
2015-01-13 20:00,0,0,0,8.077,0
2015-01-13 21:00,0,0,0,8.133,0
2015-01-13 22:00,0,0,0,8.221,0
2015-01-13 23:00,0,0,0,8.298,0
2015-01-14 00:00,0,0,0,8.519,0
2015-01-14 01:00,0,0,0,8.733,0
2015-01-14 02:00,0,0,0,8.782,0
2015-01-14 03:00,0,0,0,8.573,0
2015-01-14 04:00,0,0,0,8.483,0
2015-01-14 05:00,0,0,0,8.783,0
2015-01-14 06:00,0.019,0.032,0.007,9.190,0
2015-01-14 07:00,0.272,0.281,0.027,10.073,0
2015-01-14 08:00,0.485,0.506,0.047,11.013,0
2015-01-14 09:00,0.607,0.636,0.074,11.544,0
2015-01-14 10:00,0.674,0.710,0.091,11.972,0
2015-01-14 11:00,0.675,0.697,0.107,12.265,0
2015-01-14 12:00,0.619,0.618,0.111,12.398,0
2015-01-14 13:00,0.508,0.482,0.104,12.206,0
2015-01-14 14:00,0.331,0.293,0.082,11.374,0
2015-01-14 15:00,0.097,0.099,0.025,10.592,0
2015-01-14 16:00,0,0,0,10.233,0
2015-01-14 17:00,0,0,0,9.924,0
2015-01-14 18:00,0,0,0,9.689,0
2015-01-14 19:00,0,0,0,9.507,0
2015-01-14 20:00,0,0,0,9.406,0
2015-01-14 21:00,0,0,0,9.456,0
2015-01-14 22:00,0,0,0,9.413,0
2015-01-14 23:00,0,0,0,9.153,0
2015-01-15 00:00,0,0,0,8.948,0
2015-01-15 01:00,0,0,0,8.759,0
2015-01-15 02:00,0,0,0,8.586,0
2015-01-15 03:00,0,0,0,8.385,0
2015-01-15 04:00,0,0,0,8.369,0
2015-01-15 05:00,0,0,0,8.275,0
2015-01-15 06:00,0.019,0.032,0.007,8.521,0
2015-01-15 07:00,0.278,0.290,0.025,10.098,0
2015-01-15 08:00,0.491,0.516,0.046,11.319,0
2015-01-15 09:00,0.615,0.653,0.069,12.148,0
2015-01-15 10:00,0.683,0.733,0.085,12.679,0
2015-01-15 11:00,0.683,0.717,0.101,12.945,0
2015-01-15 12:00,0.630,0.640,0.106,13.016,0
2015-01-15 13:00,0.516,0.494,0.103,12.792,0
2015-01-15 14:00,0.345,0.311,0.081,11.735,0
2015-01-15 15:00,0.083,0.080,0.028,10.269,0
2015-01-15 16:00,0,0,0,10.120,0
2015-01-15 17:00,0,0,0,10.218,0
2015-01-15 18:00,0,0,0,10.281,0
2015-01-15 19:00,0,0,0,10.237,0
2015-01-15 20:00,0,0,0,9.858,0
2015-01-15 21:00,0,0,0,9.578,0
2015-01-15 22:00,0,0,0,9.412,0
2015-01-15 23:00,0,0,0,9.259,0
2015-01-16 00:00,0,0,0,9.081,0
2015-01-16 01:00,0,0,0,8.901,0
2015-01-16 02:00,0,0,0,8.671,0
2015-01-16 03:00,0,0,0,8.381,0
2015-01-16 04:00,0,0,0,8.081,0
2015-01-16 05:00,0,0,0,7.868,0
2015-01-16 06:00,0.022,0.035,0.008,8.094,0
2015-01-16 07:00,0.285,0.297,0.024,9.741,0
2015-01-16 08:00,0.495,0.522,0.044,11.048,0
2015-01-16 09:00,0.617,0.655,0.069,11.947,0
2015-01-16 10:00,0.673,0.713,0.092,12.892,0
2015-01-16 11:00,0.679,0.713,0.104,13.574,0
2015-01-16 12:00,0.628,0.638,0.108,13.804,0
2015-01-16 13:00,0.510,0.487,0.105,13.573,0
2015-01-16 14:00,0.332,0.293,0.085,12.601,0
2015-01-16 15:00,0.075,0.070,0.030,11.586,0
2015-01-16 16:00,0,0,0,11.231,0
2015-01-16 17:00,0,0,0,10.717,0
2015-01-16 18:00,0,0,0,10.114,0
2015-01-16 19:00,0,0,0,9.647,0
2015-01-16 20:00,0,0,0,9.461,0
2015-01-16 21:00,0,0,0,9.258,0
2015-01-16 22:00,0,0,0,9.054,0
2015-01-16 23:00,0,0,0,9.145,0
2015-01-17 00:00,0,0,0,9.245,0
2015-01-17 01:00,0,0,0,9.350,0
2015-01-17 02:00,0,0,0,9.529,0
2015-01-17 03:00,0,0,0,9.739,0
2015-01-17 04:00,0,0,0,9.749,0
2015-01-17 05:00,0,0,0,9.690,0
2015-01-17 06:00,0.005,0.013,0.009,10.164,0
2015-01-17 07:00,0.087,0.053,0.061,11.273,0
2015-01-17 08:00,0.091,0.017,0.101,12.003,0
2015-01-17 09:00,0.119,0.014,0.134,12.793,0
2015-01-17 10:00,0.331,0.230,0.149,13.461,0
2015-01-17 11:00,0.673,0.702,0.107,13.870,0
2015-01-17 12:00,0.634,0.651,0.105,14.026,0
2015-01-17 13:00,0.455,0.419,0.107,13.939,0
2015-01-17 14:00,0.114,0.064,0.079,13.525,0
2015-01-17 15:00,0.031,0.028,0.025,12.950,0
2015-01-17 16:00,0,0,0,12.719,0
2015-01-17 17:00,0,0,0,12.323,0
2015-01-17 18:00,0,0,0,11.968,0
2015-01-17 19:00,0,0,0,11.767,0
2015-01-17 20:00,0,0,0,11.604,0
2015-01-17 21:00,0,0,0,11.592,0
2015-01-17 22:00,0,0,0,11.802,0
2015-01-17 23:00,0,0,0,12.028,0
2015-01-18 00:00,0,0,0,12.247,0
2015-01-18 01:00,0,0,0,12.409,0
2015-01-18 02:00,0,0,0,12.467,0
2015-01-18 03:00,0,0,0,12.303,0
2015-01-18 04:00,0,0,0,12.119,0
2015-01-18 05:00,0,0,0,11.988,0
2015-01-18 06:00,0,0.002,0.007,12.076,0
2015-01-18 07:00,0.041,0.014,0.050,12.558,0
2015-01-18 08:00,0.035,0,0.058,12.841,0
2015-01-18 09:00,0.037,0,0.060,12.963,0
2015-01-18 10:00,0.056,0,0.081,13.179,0
2015-01-18 11:00,0.092,0,0.120,13.196,0
2015-01-18 12:00,0.088,0,0.115,12.829,0
2015-01-18 13:00,0.048,0,0.072,12.621,0
2015-01-18 14:00,0.023,0,0.044,12.521,0
2015-01-18 15:00,0.004,0.005,0.016,12.244,0
2015-01-18 16:00,0,0,0,12.085,0
2015-01-18 17:00,0,0,0,12.229,0
2015-01-18 18:00,0,0,0,12.426,0
2015-01-18 19:00,0,0,0,12.565,0
2015-01-18 20:00,0,0,0,12.622,0
2015-01-18 21:00,0,0,0,12.528,0
2015-01-18 22:00,0,0,0,12.374,0
2015-01-18 23:00,0,0,0,12.364,0
2015-01-19 00:00,0,0,0,12.418,0
2015-01-19 01:00,0,0,0,12.611,0
2015-01-19 02:00,0,0,0,12.807,0
2015-01-19 03:00,0,0,0,12.894,0
2015-01-19 04:00,0,0,0,13.002,0
2015-01-19 05:00,0,0,0,13.043,0
2015-01-19 06:00,0.020,0.032,0.009,13.205,0
2015-01-19 07:00,0.227,0.232,0.032,13.626,0
2015-01-19 08:00,0.246,0.171,0.115,14.039,0
2015-01-19 09:00,0.142,0.046,0.127,14.335,0
2015-01-19 10:00,0.231,0.075,0.194,14.485,0
2015-01-19 11:00,0.309,0.156,0.199,14.408,0
2015-01-19 12:00,0.315,0.174,0.188,14.184,0
2015-01-19 13:00,0.159,0.042,0.149,13.881,0
2015-01-19 14:00,0.090,0.026,0.092,13.306,0
2015-01-19 15:00,0.010,0.004,0.024,12.289,0
2015-01-19 16:00,0,0,0,12.237,0
2015-01-19 17:00,0,0,0,12.334,0
2015-01-19 18:00,0,0,0,12.356,0
2015-01-19 19:00,0,0,0,12.313,0
2015-01-19 20:00,0,0,0,12.227,0
2015-01-19 21:00,0,0,0,12.092,0
2015-01-19 22:00,0,0,0,11.940,0
2015-01-19 23:00,0,0,0,11.806,0
2015-01-20 00:00,0,0,0,11.773,0
2015-01-20 01:00,0,0,0,11.739,0
2015-01-20 02:00,0,0,0,11.738,0
2015-01-20 03:00,0,0,0,11.791,0
2015-01-20 04:00,0,0,0,11.833,0
2015-01-20 05:00,0,0,0,11.857,0
2015-01-20 06:00,0,0,0.005,12.037,0
2015-01-20 07:00,0.053,0.019,0.059,12.492,0
2015-01-20 08:00,0.090,0.013,0.105,12.968,0
2015-01-20 09:00,0.211,0.067,0.180,13.405,0
2015-01-20 10:00,0.209,0.056,0.189,13.810,0
2015-01-20 11:00,0.144,0.027,0.149,14.091,0
2015-01-20 12:00,0.195,0.052,0.178,14.145,0
2015-01-20 13:00,0.102,0.021,0.110,13.797,0
2015-01-20 14:00,0.192,0.127,0.099,13.224,0
2015-01-20 15:00,0.023,0.015,0.029,12.828,0
2015-01-20 16:00,0,0,0,12.654,0
2015-01-20 17:00,0,0,0,12.454,0
2015-01-20 18:00,0,0,0,12.317,0
2015-01-20 19:00,0,0,0,12.325,0
2015-01-20 20:00,0,0,0,12.222,0
2015-01-20 21:00,0,0,0,12.040,0
2015-01-20 22:00,0,0,0,11.881,0
2015-01-20 23:00,0,0,0,11.761,0
2015-01-21 00:00,0,0,0,11.550,0
2015-01-21 01:00,0,0,0,11.324,0
2015-01-21 02:00,0,0,0,11.093,0
2015-01-21 03:00,0,0,0,10.866,0
2015-01-21 04:00,0,0,0,10.796,0
2015-01-21 05:00,0,0,0,10.761,0
2015-01-21 06:00,0,0.001,0.006,11.081,0
2015-01-21 07:00,0.135,0.100,0.064,12.077,0
2015-01-21 08:00,0.114,0.055,0.088,12.982,0
2015-01-21 09:00,0.047,0,0.071,13.874,0
2015-01-21 10:00,0.061,0,0.087,14.589,0
2015-01-21 11:00,0.093,0.004,0.117,14.974,0
2015-01-21 12:00,0.072,0.003,0.096,14.982,0
2015-01-21 13:00,0.140,0.046,0.126,14.726,0
2015-01-21 14:00,0.013,0.001,0.033,14.187,0
2015-01-21 15:00,0.002,0.001,0.017,12.962,0
2015-01-21 16:00,0,0,0,12.335,0
2015-01-21 17:00,0,0,0,12.032,0
2015-01-21 18:00,0,0,0,11.801,0
2015-01-21 19:00,0,0,0,11.613,0
2015-01-21 20:00,0,0,0,11.472,0
2015-01-21 21:00,0,0,0,11.348,0
2015-01-21 22:00,0,0,0,11.234,0
2015-01-21 23:00,0,0,0,11.113,0
2015-01-22 00:00,0,0,0,10.970,0
2015-01-22 01:00,0,0,0,10.801,0
2015-01-22 02:00,0,0,0,10.626,0
2015-01-22 03:00,0,0,0,10.634,0
2015-01-22 04:00,0,0,0,10.767,0
2015-01-22 05:00,0,0,0,10.740,0
2015-01-22 06:00,0,0.002,0.007,11.199,0
2015-01-22 07:00,0.114,0.077,0.065,12.549,0
2015-01-22 08:00,0.458,0.461,0.067,13.386,0
2015-01-22 09:00,0.649,0.723,0.054,14.082,0
2015-01-22 10:00,0.724,0.823,0.063,14.608,0
2015-01-22 11:00,0.733,0.826,0.075,14.997,0
2015-01-22 12:00,0.438,0.325,0.184,15.227,0
2015-01-22 13:00,0.290,0.165,0.170,15.167,0
2015-01-22 14:00,0.178,0.100,0.112,14.400,0
2015-01-22 15:00,0.047,0.036,0.036,13.506,0
2015-01-22 16:00,0,0,0,13.535,0
2015-01-22 17:00,0,0,0,13.524,0
2015-01-22 18:00,0,0,0,13.246,0
2015-01-22 19:00,0,0,0,12.954,0
2015-01-22 20:00,0,0,0,12.996,0
2015-01-22 21:00,0,0,0,13.167,0
2015-01-22 22:00,0,0,0,13.272,0
2015-01-22 23:00,0,0,0,13.470,0
2015-01-23 00:00,0,0,0,13.649,0
2015-01-23 01:00,0,0,0,13.000,0
2015-01-23 02:00,0,0,0,12.141,0
2015-01-23 03:00,0,0,0,11.540,0
2015-01-23 04:00,0,0,0,11.287,0
2015-01-23 05:00,0,0,0,11.241,0
2015-01-23 06:00,0,0,0.006,11.602,0
2015-01-23 07:00,0.005,0.001,0.022,12.240,0
2015-01-23 08:00,0.018,0,0.038,12.459,0
2015-01-23 09:00,0.074,0.003,0.098,12.484,0
2015-01-23 10:00,0.178,0.109,0.101,12.428,0
2015-01-23 11:00,0.424,0.269,0.215,12.255,0
2015-01-23 12:00,0.266,0.100,0.205,12.060,0
2015-01-23 13:00,0.141,0.054,0.116,11.797,0
2015-01-23 14:00,0.074,0.023,0.076,11.432,0
2015-01-23 15:00,0.036,0.023,0.036,11.042,0
2015-01-23 16:00,0,0,0,10.802,0
2015-01-23 17:00,0,0,0,10.634,0
2015-01-23 18:00,0,0,0,10.533,0
2015-01-23 19:00,0,0,0,10.399,0
2015-01-23 20:00,0,0,0,10.297,0
2015-01-23 21:00,0,0,0,10.291,0
2015-01-23 22:00,0,0,0,10.108,0
2015-01-23 23:00,0,0,0,9.948,0
2015-01-24 00:00,0,0,0,9.735,0
2015-01-24 01:00,0,0,0,9.592,0
2015-01-24 02:00,0,0,0,9.540,0
2015-01-24 03:00,0,0,0,9.391,0
2015-01-24 04:00,0,0,0,9.288,0
2015-01-24 05:00,0,0,0,9.180,0
2015-01-24 06:00,0,0.005,0.009,9.394,0
2015-01-24 07:00,0.061,0.022,0.064,10.210,0
2015-01-24 08:00,0.106,0.017,0.116,10.804,0
2015-01-24 09:00,0.075,0.001,0.100,11.159,0
2015-01-24 10:00,0.072,0,0.097,11.480,0
2015-01-24 11:00,0.068,0,0.094,11.510,0
2015-01-24 12:00,0.050,0,0.074,11.415,0
2015-01-24 13:00,0.079,0.008,0.097,11.191,0
2015-01-24 14:00,0.086,0.023,0.089,10.728,0
2015-01-24 15:00,0.081,0.068,0.038,10.130,0
2015-01-24 16:00,0,0,0,9.840,0
2015-01-24 17:00,0,0,0,9.635,0
2015-01-24 18:00,0,0,0,9.486,0
2015-01-24 19:00,0,0,0,9.370,0
2015-01-24 20:00,0,0,0,9.283,0
2015-01-24 21:00,0,0,0,9.190,0
2015-01-24 22:00,0,0,0,9.053,0
2015-01-24 23:00,0,0,0,8.839,0
2015-01-25 00:00,0,0,0,8.670,0
2015-01-25 01:00,0,0,0,8.399,0
2015-01-25 02:00,0,0,0,8.123,0
2015-01-25 03:00,0,0,0,7.971,0
2015-01-25 04:00,0,0,0,7.974,0
2015-01-25 05:00,0,0,0,8.055,0
2015-01-25 06:00,0.019,0.029,0.010,8.636,0
2015-01-25 07:00,0.151,0.118,0.061,9.949,0
2015-01-25 08:00,0.471,0.472,0.064,10.974,0
2015-01-25 09:00,0.656,0.720,0.057,11.842,0
2015-01-25 10:00,0.629,0.615,0.127,12.322,0
2015-01-25 11:00,0.415,0.271,0.203,12.492,0
2015-01-25 12:00,0.391,0.260,0.185,12.398,0
2015-01-25 13:00,0.396,0.295,0.156,12.091,0
2015-01-25 14:00,0.249,0.171,0.114,11.474,0
2015-01-25 15:00,0.086,0.071,0.041,10.350,0
2015-01-25 16:00,0,0,0,10.130,0
2015-01-25 17:00,0,0,0,10.165,0
2015-01-25 18:00,0,0,0,10.152,0
2015-01-25 19:00,0,0,0,10.163,0
2015-01-25 20:00,0,0,0,10.119,0
2015-01-25 21:00,0,0,0,9.966,0
2015-01-25 22:00,0,0,0,9.733,0
2015-01-25 23:00,0,0,0,9.433,0
2015-01-26 00:00,0,0,0,9.127,0
2015-01-26 01:00,0,0,0,8.869,0
2015-01-26 02:00,0,0,0,8.649,0
2015-01-26 03:00,0,0,0,8.464,0
2015-01-26 04:00,0,0,0,8.324,0
2015-01-26 05:00,0,0,0,8.270,0
2015-01-26 06:00,0.008,0.015,0.011,8.361,0
2015-01-26 07:00,0.185,0.151,0.063,8.757,0
2015-01-26 08:00,0.199,0.104,0.125,9.263,0
2015-01-26 09:00,0.065,0.004,0.085,9.804,0
2015-01-26 10:00,0.062,0.001,0.086,10.293,0
2015-01-26 11:00,0.210,0.043,0.199,10.613,0
2015-01-26 12:00,0.247,0.071,0.212,10.744,0
2015-01-26 13:00,0.116,0.010,0.133,10.652,0
2015-01-26 14:00,0.162,0.103,0.088,10.368,0
2015-01-26 15:00,0.100,0.079,0.047,9.967,0
2015-01-26 16:00,0,0,0,9.882,0
2015-01-26 17:00,0,0,0,9.793,0
2015-01-26 18:00,0,0,0,9.499,0
2015-01-26 19:00,0,0,0,9.170,0
2015-01-26 20:00,0,0,0,8.922,0
2015-01-26 21:00,0,0,0,8.718,0
2015-01-26 22:00,0,0,0,8.488,0
2015-01-26 23:00,0,0,0,8.099,0
2015-01-27 00:00,0,0,0,7.581,0
2015-01-27 01:00,0,0,0,7.093,0
2015-01-27 02:00,0,0,0,6.725,0
2015-01-27 03:00,0,0,0,6.448,0
2015-01-27 04:00,0,0,0,6.273,0
2015-01-27 05:00,0,0,0,6.221,0
2015-01-27 06:00,0,0.004,0.010,6.477,0
2015-01-27 07:00,0.032,0.007,0.047,7.156,0
2015-01-27 08:00,0.125,0.025,0.126,7.581,0
2015-01-27 09:00,0.199,0.054,0.173,7.998,0
2015-01-27 10:00,0.490,0.351,0.201,8.121,0
2015-01-27 11:00,0.490,0.336,0.215,8.029,0
2015-01-27 12:00,0.368,0.198,0.212,7.833,0
2015-01-27 13:00,0.229,0.083,0.176,7.585,0
2015-01-27 14:00,0.314,0.252,0.097,7.308,0
2015-01-27 15:00,0.110,0.087,0.048,6.966,0
2015-01-27 16:00,0,0,0,6.798,0
2015-01-27 17:00,0,0,0,6.674,0
2015-01-27 18:00,0,0,0,6.556,0
2015-01-27 19:00,0,0,0,6.466,0
2015-01-27 20:00,0,0,0,6.386,0
2015-01-27 21:00,0,0,0,6.315,0
2015-01-27 22:00,0,0,0,6.245,0
2015-01-27 23:00,0,0,0,6.109,0
2015-01-28 00:00,0,0,0,6.107,0
2015-01-28 01:00,0,0,0,6.220,0
2015-01-28 02:00,0,0,0,6.255,0
2015-01-28 03:00,0,0,0,6.392,0
2015-01-28 04:00,0,0,0,6.618,0
2015-01-28 05:00,0,0,0,6.861,0
2015-01-28 06:00,0,0.003,0.010,7.419,0
2015-01-28 07:00,0.064,0.023,0.065,8.211,0
2015-01-28 08:00,0.116,0.018,0.125,8.638,0
2015-01-28 09:00,0.158,0.018,0.168,8.859,0
2015-01-28 10:00,0.259,0.086,0.206,8.946,0
2015-01-28 11:00,0.465,0.297,0.226,8.978,0
2015-01-28 12:00,0.347,0.163,0.225,9.015,0
2015-01-28 13:00,0.229,0.081,0.180,9.056,0
2015-01-28 14:00,0.095,0.022,0.098,8.919,0
2015-01-28 15:00,0.021,0.013,0.028,8.584,0
2015-01-28 16:00,0,0,0,8.600,0
2015-01-28 17:00,0,0,0,8.663,0
2015-01-28 18:00,0,0,0,8.531,0
2015-01-28 19:00,0,0,0,8.345,0
2015-01-28 20:00,0,0,0,8.051,0
2015-01-28 21:00,0,0,0,7.732,0
2015-01-28 22:00,0,0,0,7.506,0
2015-01-28 23:00,0,0,0,7.352,0
2015-01-29 00:00,0,0,0,7.256,0
2015-01-29 01:00,0,0,0,7.212,0
2015-01-29 02:00,0,0,0,7.140,0
2015-01-29 03:00,0,0,0,6.915,0
2015-01-29 04:00,0,0,0,6.650,0
2015-01-29 05:00,0,0,0,6.535,0
2015-01-29 06:00,0.035,0.046,0.011,7.238,0
2015-01-29 07:00,0.338,0.360,0.018,8.801,0
2015-01-29 08:00,0.397,0.352,0.095,9.860,0
2015-01-29 09:00,0.633,0.665,0.077,10.873,0
2015-01-29 10:00,0.759,0.864,0.057,11.611,0
2015-01-29 11:00,0.766,0.861,0.072,11.989,0
2015-01-29 12:00,0.727,0.801,0.076,12.119,0
2015-01-29 13:00,0.589,0.591,0.097,12.057,0
2015-01-29 14:00,0.382,0.337,0.096,11.449,0
2015-01-29 15:00,0.111,0.089,0.049,10.262,0
2015-01-29 16:00,0,0,0,9.721,0
2015-01-29 17:00,0,0,0,9.533,0
2015-01-29 18:00,0,0,0,9.042,0
2015-01-29 19:00,0,0,0,8.646,0
2015-01-29 20:00,0,0,0,8.841,0
2015-01-29 21:00,0,0,0,9.017,0
2015-01-29 22:00,0,0,0,9.029,0
2015-01-29 23:00,0,0,0,9.158,0
2015-01-30 00:00,0,0,0,9.456,0
2015-01-30 01:00,0,0,0,9.767,0
2015-01-30 02:00,0,0,0,9.958,0
2015-01-30 03:00,0,0,0,9.930,0
2015-01-30 04:00,0,0,0,10.009,0
2015-01-30 05:00,0,0,0,10.386,0
2015-01-30 06:00,0,0.001,0.009,10.766,0
2015-01-30 07:00,0.009,0.002,0.025,10.995,0
2015-01-30 08:00,0.036,0,0.059,11.259,0
2015-01-30 09:00,0.031,0,0.053,11.630,0
2015-01-30 10:00,0.090,0.001,0.116,11.985,0
2015-01-30 11:00,0.047,0,0.071,12.227,0
2015-01-30 12:00,0.043,0,0.067,12.470,0
2015-01-30 13:00,0.045,0,0.068,12.368,0
2015-01-30 14:00,0.024,0.004,0.042,12.111,0
2015-01-30 15:00,0.007,0.002,0.023,11.926,0
2015-01-30 16:00,0,0,0,11.891,0
2015-01-30 17:00,0,0,0,12.034,0
2015-01-30 18:00,0,0,0,12.344,0
2015-01-30 19:00,0,0,0,12.508,0
2015-01-30 20:00,0,0,0,12.384,0
2015-01-30 21:00,0,0,0,11.878,0
2015-01-30 22:00,0,0,0,11.227,0
2015-01-30 23:00,0,0,0,10.512,0
2015-01-31 00:00,0,0,0,10.090,0
2015-01-31 01:00,0,0,0,9.611,0
2015-01-31 02:00,0,0,0,9.096,0
2015-01-31 03:00,0,0,0,8.858,0
2015-01-31 04:00,0,0,0,8.742,0
2015-01-31 05:00,0,0,0,8.716,0
2015-01-31 06:00,0,0,0.008,9.424,0
2015-01-31 07:00,0.120,0.086,0.062,10.901,0
2015-01-31 08:00,0.074,0.003,0.097,11.461,0
2015-01-31 09:00,0.052,0,0.076,11.609,0
2015-01-31 10:00,0.082,0,0.108,11.485,0
2015-01-31 11:00,0.071,0,0.096,11.036,0
2015-01-31 12:00,0.062,0,0.087,10.485,0
2015-01-31 13:00,0.071,0,0.096,9.900,0
2015-01-31 14:00,0.051,0.002,0.073,9.547,0
2015-01-31 15:00,0.022,0.005,0.037,9.178,0
2015-01-31 16:00,0,0,0,9.084,0
2015-01-31 17:00,0,0,0,9.649,0
2015-01-31 18:00,0,0,0,10.656,0
2015-01-31 19:00,0,0,0,11.647,0
2015-01-31 20:00,0,0,0,12.491,0
2015-01-31 21:00,0,0,0,13.162,0
2015-01-31 22:00,0,0,0,13.268,0
2015-01-31 23:00,0,0,0,13.055,0
2015-02-01 00:00,0,0,0,12.733,0
2015-02-01 01:00,0,0,0,12.363,0
2015-02-01 02:00,0,0,0,12.022,0
2015-02-01 03:00,0,0,0,11.840,0
2015-02-01 04:00,0,0,0,11.815,0
2015-02-01 05:00,0,0,0,11.777,0
2015-02-01 06:00,0.003,0.008,0.012,12.353,0
2015-02-01 07:00,0.120,0.082,0.067,13.067,0
2015-02-01 08:00,0.323,0.252,0.118,13.274,0
2015-02-01 09:00,0.596,0.597,0.104,13.352,0
2015-02-01 10:00,0.473,0.347,0.199,13.409,0
2015-02-01 11:00,0.712,0.745,0.117,13.404,0
2015-02-01 12:00,0.403,0.306,0.156,13.277,0
2015-02-01 13:00,0.137,0.033,0.134,13.024,0
2015-02-01 14:00,0.072,0.028,0.070,12.663,0
2015-02-01 15:00,0.039,0.016,0.046,12.193,0
2015-02-01 16:00,0,0,0,12.037,0
2015-02-01 17:00,0,0,0,11.855,0
2015-02-01 18:00,0,0,0,11.429,0
2015-02-01 19:00,0,0,0,10.950,0
2015-02-01 20:00,0,0,0,10.551,0
2015-02-01 21:00,0,0,0,10.111,0
2015-02-01 22:00,0,0,0,9.648,0
2015-02-01 23:00,0,0,0,9.204,0
2015-02-02 00:00,0,0,0,8.973,0
2015-02-02 01:00,0,0,0,8.761,0
2015-02-02 02:00,0,0,0,8.451,0
2015-02-02 03:00,0,0,0,8.347,0
2015-02-02 04:00,0,0,0,8.283,0
2015-02-02 05:00,0,0,0,8.147,0
2015-02-02 06:00,0,0,0.004,8.381,0
2015-02-02 07:00,0.012,0,0.031,8.993,0
2015-02-02 08:00,0.026,0,0.047,9.054,0
2015-02-02 09:00,0.104,0.008,0.122,8.797,0
2015-02-02 10:00,0.267,0.070,0.230,8.528,0
2015-02-02 11:00,0.470,0.300,0.229,8.366,0
2015-02-02 12:00,0.255,0.149,0.138,8.539,0
2015-02-02 13:00,0.168,0.040,0.156,8.907,0
2015-02-02 14:00,0.049,0.002,0.071,8.953,0
2015-02-02 15:00,0.099,0.078,0.046,8.500,0
2015-02-02 16:00,0,0,0,8.350,0
2015-02-02 17:00,0,0,0,8.245,0
2015-02-02 18:00,0,0,0,8.267,0
2015-02-02 19:00,0,0,0,8.217,0
2015-02-02 20:00,0,0,0,8.130,0
2015-02-02 21:00,0,0,0,7.896,0
2015-02-02 22:00,0,0,0,7.776,0
2015-02-02 23:00,0,0,0,7.633,0
2015-02-03 00:00,0,0,0,7.477,0
2015-02-03 01:00,0,0,0,7.340,0
2015-02-03 02:00,0,0,0,7.394,0
2015-02-03 03:00,0,0,0,7.607,0
2015-02-03 04:00,0,0,0,7.779,0
2015-02-03 05:00,0,0,0,7.861,0
2015-02-03 06:00,0.028,0.036,0.014,8.446,0
2015-02-03 07:00,0.296,0.291,0.043,9.532,0
2015-02-03 08:00,0.442,0.414,0.087,9.986,0
2015-02-03 09:00,0.592,0.573,0.112,10.141,0
2015-02-03 10:00,0.710,0.731,0.112,10.255,0
2015-02-03 11:00,0.679,0.649,0.152,10.332,0
2015-02-03 12:00,0.560,0.462,0.183,10.385,0
2015-02-03 13:00,0.414,0.292,0.176,10.363,0
2015-02-03 14:00,0.259,0.164,0.130,10.048,0
2015-02-03 15:00,0.064,0.035,0.054,9.017,0
2015-02-03 16:00,0,0,0,8.737,0
2015-02-03 17:00,0,0,0,8.859,0
2015-02-03 18:00,0,0,0,8.952,0
2015-02-03 19:00,0,0,0,9.107,0
2015-02-03 20:00,0,0,0,9.048,0
2015-02-03 21:00,0,0,0,8.934,0
2015-02-03 22:00,0,0,0,8.766,0
2015-02-03 23:00,0,0,0,8.803,0
2015-02-04 00:00,0,0,0,9.047,0
2015-02-04 01:00,0,0,0,9.248,0
2015-02-04 02:00,0,0,0,9.504,0
2015-02-04 03:00,0,0,0,9.954,0
2015-02-04 04:00,0,0,0,10.537,0
2015-02-04 05:00,0,0,0,11.111,0
2015-02-04 06:00,0,0,0.008,11.717,0
2015-02-04 07:00,0.010,0,0.028,12.415,0
2015-02-04 08:00,0.060,0.001,0.084,12.854,0
2015-02-04 09:00,0.087,0.001,0.114,13.257,0
2015-02-04 10:00,0.140,0.006,0.165,13.445,0
2015-02-04 11:00,0.166,0.010,0.189,13.507,0
2015-02-04 12:00,0.117,0.003,0.144,13.633,0
2015-02-04 13:00,0.047,0,0.071,13.714,0
2015-02-04 14:00,0.069,0.006,0.089,13.522,0
2015-02-04 15:00,0.039,0.013,0.049,12.882,0
2015-02-04 16:00,0,0,0,12.446,0
2015-02-04 17:00,0,0,0,12.322,0
2015-02-04 18:00,0,0,0,12.197,0
2015-02-04 19:00,0,0,0,12.068,0
2015-02-04 20:00,0,0,0,11.881,0
2015-02-04 21:00,0,0,0,11.728,0
2015-02-04 22:00,0,0,0,11.628,0
2015-02-04 23:00,0,0,0,11.535,0
2015-02-05 00:00,0,0,0,11.111,0
2015-02-05 01:00,0,0,0,10.894,0
2015-02-05 02:00,0,0,0,10.740,0
2015-02-05 03:00,0,0,0,10.484,0
2015-02-05 04:00,0,0,0,10.194,0
2015-02-05 05:00,0,0,0,10.049,0
2015-02-05 06:00,0.021,0.022,0.020,10.716,0
2015-02-05 07:00,0.181,0.131,0.081,11.776,0
2015-02-05 08:00,0.406,0.347,0.117,12.836,0
2015-02-05 09:00,0.560,0.521,0.137,14.155,0
2015-02-05 10:00,0.654,0.647,0.143,15.336,0
2015-02-05 11:00,0.676,0.677,0.146,16.140,0
2015-02-05 12:00,0.647,0.646,0.139,16.507,0
2015-02-05 13:00,0.536,0.498,0.137,16.449,0
2015-02-05 14:00,0.354,0.290,0.120,15.936,0
2015-02-05 15:00,0.129,0.091,0.070,15.132,0
2015-02-05 16:00,0,0.004,0.004,14.794,0
2015-02-05 17:00,0,0,0,14.617,0
2015-02-05 18:00,0,0,0,14.457,0
2015-02-05 19:00,0,0,0,14.263,0
2015-02-05 20:00,0,0,0,13.941,0
2015-02-05 21:00,0,0,0,13.630,0
2015-02-05 22:00,0,0,0,13.382,0
2015-02-05 23:00,0,0,0,13.148,0
2015-02-06 00:00,0,0,0,13.084,0
2015-02-06 01:00,0,0,0,13.094,0
2015-02-06 02:00,0,0,0,13.188,0
2015-02-06 03:00,0,0,0,12.999,0
2015-02-06 04:00,0,0,0,11.958,0
2015-02-06 05:00,0,0,0,10.731,0
2015-02-06 06:00,0,0.004,0.009,10.191,0
2015-02-06 07:00,0.011,0,0.029,10.191,0
2015-02-06 08:00,0.023,0,0.044,10.546,0
2015-02-06 09:00,0.026,0,0.048,11.180,0
2015-02-06 10:00,0.293,0.199,0.134,11.744,0
2015-02-06 11:00,0.657,0.624,0.154,12.049,0
2015-02-06 12:00,0.629,0.596,0.145,12.081,0
2015-02-06 13:00,0.368,0.257,0.161,11.868,0
2015-02-06 14:00,0.343,0.272,0.117,11.434,0
2015-02-06 15:00,0.019,0.008,0.032,10.679,0
2015-02-06 16:00,0,0,0.001,10.524,0
2015-02-06 17:00,0,0,0,10.685,0
2015-02-06 18:00,0,0,0,10.916,0
2015-02-06 19:00,0,0,0,11.028,0
2015-02-06 20:00,0,0,0,10.859,0
2015-02-06 21:00,0,0,0,10.696,0
2015-02-06 22:00,0,0,0,10.529,0
2015-02-06 23:00,0,0,0,10.311,0
2015-02-07 00:00,0,0,0,10.037,0
2015-02-07 01:00,0,0,0,9.792,0
2015-02-07 02:00,0,0,0,9.780,0
2015-02-07 03:00,0,0,0,10.100,0
2015-02-07 04:00,0,0,0,10.471,0
2015-02-07 05:00,0,0,0,10.557,0
2015-02-07 06:00,0.064,0.071,0.018,10.885,0
2015-02-07 07:00,0.307,0.305,0.045,11.891,0
2015-02-07 08:00,0.513,0.524,0.069,12.481,0
2015-02-07 09:00,0.648,0.679,0.090,12.700,0
2015-02-07 10:00,0.709,0.740,0.114,12.781,0
2015-02-07 11:00,0.579,0.474,0.204,12.684,0
2015-02-07 12:00,0.173,0.057,0.148,12.430,0
2015-02-07 13:00,0.032,0,0.054,12.062,0
2015-02-07 14:00,0.033,0,0.055,11.602,0
2015-02-07 15:00,0.003,0,0.019,11.055,0
2015-02-07 16:00,0,0,0.002,10.834,0
2015-02-07 17:00,0,0,0,10.750,0
2015-02-07 18:00,0,0,0,10.592,0
2015-02-07 19:00,0,0,0,10.449,0
2015-02-07 20:00,0,0,0,10.144,0
2015-02-07 21:00,0,0,0,9.821,0
2015-02-07 22:00,0,0,0,9.419,0
2015-02-07 23:00,0,0,0,9.063,0
2015-02-08 00:00,0,0,0,8.791,0
2015-02-08 01:00,0,0,0,8.710,0
2015-02-08 02:00,0,0,0,8.648,0
2015-02-08 03:00,0,0,0,8.522,0
2015-02-08 04:00,0,0,0,8.349,0
2015-02-08 05:00,0,0,0,8.148,0
2015-02-08 06:00,0.011,0.011,0.019,8.196,0
2015-02-08 07:00,0.123,0.076,0.073,8.270,0
2015-02-08 08:00,0.101,0.076,0.050,8.172,0
2015-02-08 09:00,0.028,0,0.050,8.341,0
2015-02-08 10:00,0.055,0,0.079,8.548,0
2015-02-08 11:00,0.152,0.011,0.168,8.633,0
2015-02-08 12:00,0.063,0.001,0.086,8.507,0
2015-02-08 13:00,0.206,0.100,0.136,8.214,0
2015-02-08 14:00,0.040,0,0.062,7.846,0
2015-02-08 15:00,0.015,0.005,0.030,7.518,0
2015-02-08 16:00,0,0.003,0.005,7.265,0
2015-02-08 17:00,0,0,0,6.975,0
2015-02-08 18:00,0,0,0,6.627,0
2015-02-08 19:00,0,0,0,6.195,0
2015-02-08 20:00,0,0,0,5.865,0
2015-02-08 21:00,0,0,0,5.563,0
2015-02-08 22:00,0,0,0,5.296,0
2015-02-08 23:00,0,0,0,4.949,0
2015-02-09 00:00,0,0,0,4.527,0
2015-02-09 01:00,0,0,0,4.122,0
2015-02-09 02:00,0,0,0,3.869,0
2015-02-09 03:00,0,0,0,3.684,0
2015-02-09 04:00,0,0,0,3.525,0
2015-02-09 05:00,0,0,0,3.372,0
2015-02-09 06:00,0.023,0.018,0.024,3.765,0
2015-02-09 07:00,0.306,0.284,0.053,4.468,0
2015-02-09 08:00,0.471,0.428,0.092,5.030,0
2015-02-09 09:00,0.230,0.074,0.184,5.555,0
2015-02-09 10:00,0.087,0.003,0.108,5.976,0
2015-02-09 11:00,0.139,0.004,0.161,6.194,0
2015-02-09 12:00,0.197,0.027,0.197,6.157,0
2015-02-09 13:00,0.163,0.021,0.167,5.901,0
2015-02-09 14:00,0.196,0.085,0.137,5.450,0
2015-02-09 15:00,0.088,0.043,0.069,4.825,0
2015-02-09 16:00,0,0.002,0.005,4.129,0
2015-02-09 17:00,0,0,0,3.694,0
2015-02-09 18:00,0,0,0,3.313,0
2015-02-09 19:00,0,0,0,2.940,0
2015-02-09 20:00,0,0,0,2.629,0
2015-02-09 21:00,0,0,0,2.404,0
2015-02-09 22:00,0,0,0,2.089,0
2015-02-09 23:00,0,0,0,1.708,0
2015-02-10 00:00,0,0,0,1.368,0
2015-02-10 01:00,0,0,0,1.100,0
2015-02-10 02:00,0,0,0,0.985,0
2015-02-10 03:00,0,0,0,0.989,0
2015-02-10 04:00,0,0,0,1.034,0
2015-02-10 05:00,0,0,0,1.149,0
2015-02-10 06:00,0.089,0.095,0.016,2.378,0
2015-02-10 07:00,0.342,0.333,0.041,3.492,0
2015-02-10 08:00,0.550,0.547,0.066,4.452,0
2015-02-10 09:00,0.690,0.710,0.084,5.537,0
2015-02-10 10:00,0.769,0.813,0.095,6.493,0
2015-02-10 11:00,0.772,0.801,0.114,7.052,0
2015-02-10 12:00,0.733,0.747,0.114,7.297,0
2015-02-10 13:00,0.623,0.598,0.116,7.293,0
2015-02-10 14:00,0.440,0.381,0.110,6.945,0
2015-02-10 15:00,0.196,0.147,0.076,5.949,0
2015-02-10 16:00,0.003,0.012,0.007,5.060,0
2015-02-10 17:00,0,0,0,4.721,0
2015-02-10 18:00,0,0,0,4.350,0
2015-02-10 19:00,0,0,0,3.949,0
2015-02-10 20:00,0,0,0,3.617,0
2015-02-10 21:00,0,0,0,3.385,0
2015-02-10 22:00,0,0,0,3.252,0
2015-02-10 23:00,0,0,0,3.156,0
2015-02-11 00:00,0,0,0,3.094,0
2015-02-11 01:00,0,0,0,3.070,0
2015-02-11 02:00,0,0,0,3.081,0
2015-02-11 03:00,0,0,0,3.057,0
2015-02-11 04:00,0,0,0,3.020,0
2015-02-11 05:00,0,0,0,3.047,0
2015-02-11 06:00,0.083,0.087,0.019,4.339,0
2015-02-11 07:00,0.340,0.331,0.043,5.681,0
2015-02-11 08:00,0.553,0.562,0.061,6.295,0
2015-02-11 09:00,0.683,0.704,0.088,6.977,0
2015-02-11 10:00,0.761,0.803,0.100,7.685,0
2015-02-11 11:00,0.774,0.814,0.111,8.309,0
2015-02-11 12:00,0.739,0.769,0.109,8.783,0
2015-02-11 13:00,0.617,0.592,0.120,9.026,0
2015-02-11 14:00,0.433,0.374,0.112,8.851,0
2015-02-11 15:00,0.198,0.149,0.078,7.593,0
2015-02-11 16:00,0.004,0.013,0.008,6.667,0
2015-02-11 17:00,0,0,0,6.257,0
2015-02-11 18:00,0,0,0,5.742,0
2015-02-11 19:00,0,0,0,5.267,0
2015-02-11 20:00,0,0,0,4.805,0
2015-02-11 21:00,0,0,0,4.334,0
2015-02-11 22:00,0,0,0,3.894,0
2015-02-11 23:00,0,0,0,3.487,0
2015-02-12 00:00,0,0,0,3.187,0
2015-02-12 01:00,0,0,0,2.969,0
2015-02-12 02:00,0,0,0,2.825,0
2015-02-12 03:00,0,0,0,2.803,0
2015-02-12 04:00,0,0,0,2.888,0
2015-02-12 05:00,0,0,0,3.048,0
2015-02-12 06:00,0.086,0.090,0.019,4.200,0
2015-02-12 07:00,0.341,0.332,0.044,5.730,0
2015-02-12 08:00,0.543,0.541,0.071,6.757,0
2015-02-12 09:00,0.682,0.701,0.091,7.450,0
2015-02-12 10:00,0.754,0.785,0.108,7.870,0
2015-02-12 11:00,0.770,0.799,0.118,8.195,0
2015-02-12 12:00,0.729,0.739,0.121,8.337,0
2015-02-12 13:00,0.596,0.546,0.136,8.263,0
2015-02-12 14:00,0.402,0.322,0.127,7.920,0
2015-02-12 15:00,0.186,0.135,0.079,7.309,0
2015-02-12 16:00,0.004,0.012,0.008,6.998,0
2015-02-12 17:00,0,0,0,6.915,0
2015-02-12 18:00,0,0,0,6.710,0
2015-02-12 19:00,0,0,0,6.477,0
2015-02-12 20:00,0,0,0,6.188,0
2015-02-12 21:00,0,0,0,5.920,0
2015-02-12 22:00,0,0,0,5.646,0
2015-02-12 23:00,0,0,0,5.529,0
2015-02-13 00:00,0,0,0,5.540,0
2015-02-13 01:00,0,0,0,5.667,0
2015-02-13 02:00,0,0,0,5.728,0
2015-02-13 03:00,0,0,0,5.707,0
2015-02-13 04:00,0,0,0,5.673,0
2015-02-13 05:00,0,0,0,5.713,0
2015-02-13 06:00,0.091,0.096,0.019,6.596,0
2015-02-13 07:00,0.342,0.335,0.045,7.784,0
2015-02-13 08:00,0.543,0.547,0.071,8.727,0
2015-02-13 09:00,0.677,0.704,0.091,9.631,0
2015-02-13 10:00,0.749,0.792,0.107,10.342,0
2015-02-13 11:00,0.760,0.797,0.121,10.876,0
2015-02-13 12:00,0.718,0.735,0.125,11.157,0
2015-02-13 13:00,0.606,0.579,0.128,11.167,0
2015-02-13 14:00,0.435,0.377,0.116,10.774,0
2015-02-13 15:00,0.206,0.156,0.081,9.688,0
2015-02-13 16:00,0.006,0.014,0.009,9.047,0
2015-02-13 17:00,0,0,0,8.976,0
2015-02-13 18:00,0,0,0,8.916,0
2015-02-13 19:00,0,0,0,8.833,0
2015-02-13 20:00,0,0,0,8.752,0
2015-02-13 21:00,0,0,0,8.488,0
2015-02-13 22:00,0,0,0,8.220,0
2015-02-13 23:00,0,0,0,8.119,0
2015-02-14 00:00,0,0,0,8.065,0
2015-02-14 01:00,0,0,0,7.948,0
2015-02-14 02:00,0,0,0,7.835,0
2015-02-14 03:00,0,0,0,7.577,0
2015-02-14 04:00,0,0,0,7.185,0
2015-02-14 05:00,0,0,0,7.028,0
2015-02-14 06:00,0.095,0.100,0.021,7.933,0
2015-02-14 07:00,0.347,0.344,0.044,9.352,0
2015-02-14 08:00,0.541,0.549,0.071,10.251,0
2015-02-14 09:00,0.671,0.698,0.095,11.048,0
2015-02-14 10:00,0.744,0.789,0.111,11.722,0
2015-02-14 11:00,0.752,0.787,0.127,12.158,0
2015-02-14 12:00,0.706,0.714,0.134,12.341,0
2015-02-14 13:00,0.599,0.569,0.132,12.256,0
2015-02-14 14:00,0.430,0.373,0.118,11.834,0
2015-02-14 15:00,0.206,0.156,0.082,10.693,0
2015-02-14 16:00,0.007,0.015,0.009,10.172,0
2015-02-14 17:00,0,0,0,10.141,0
2015-02-14 18:00,0,0,0,10.138,0
2015-02-14 19:00,0,0,0,9.930,0
2015-02-14 20:00,0,0,0,9.544,0
2015-02-14 21:00,0,0,0,9.307,0
2015-02-14 22:00,0,0,0,9.032,0
2015-02-14 23:00,0,0,0,8.811,0
2015-02-15 00:00,0,0,0,8.640,0
2015-02-15 01:00,0,0,0,8.521,0
2015-02-15 02:00,0,0,0,8.457,0
2015-02-15 03:00,0,0,0,8.376,0
2015-02-15 04:00,0,0,0,8.261,0
2015-02-15 05:00,0,0,0,8.188,0
2015-02-15 06:00,0.099,0.104,0.021,9.031,0
2015-02-15 07:00,0.342,0.339,0.047,10.621,0
2015-02-15 08:00,0.534,0.539,0.077,11.442,0
2015-02-15 09:00,0.665,0.690,0.100,11.899,0
2015-02-15 10:00,0.740,0.779,0.117,12.257,0
2015-02-15 11:00,0.741,0.762,0.137,12.451,0
2015-02-15 12:00,0.679,0.657,0.154,12.501,0
2015-02-15 13:00,0.587,0.545,0.142,12.431,0
2015-02-15 14:00,0.332,0.235,0.142,12.115,0
2015-02-15 15:00,0.087,0.040,0.074,11.042,0
2015-02-15 16:00,0,0.001,0.004,10.251,0
2015-02-15 17:00,0,0,0,10.085,0
2015-02-15 18:00,0,0,0,9.915,0
2015-02-15 19:00,0,0,0,9.714,0
2015-02-15 20:00,0,0,0,9.503,0
2015-02-15 21:00,0,0,0,9.273,0
2015-02-15 22:00,0,0,0,9.044,0
2015-02-15 23:00,0,0,0,8.787,0
2015-02-16 00:00,0,0,0,8.556,0
2015-02-16 01:00,0,0,0,8.402,0
2015-02-16 02:00,0,0,0,8.273,0
2015-02-16 03:00,0,0,0,8.108,0
2015-02-16 04:00,0,0,0,7.936,0
2015-02-16 05:00,0,0,0,7.861,0
2015-02-16 06:00,0.108,0.115,0.019,9.045,0
2015-02-16 07:00,0.348,0.346,0.047,10.793,0
2015-02-16 08:00,0.521,0.515,0.086,11.888,0
2015-02-16 09:00,0.648,0.656,0.113,12.697,0
2015-02-16 10:00,0.678,0.729,0.085,13.228,1
2015-02-16 11:00,0.699,0.755,0.090,13.560,1
2015-02-16 12:00,0.708,0.725,0.133,13.718,0
2015-02-16 13:00,0.618,0.548,0.185,13.698,1
2015-02-16 14:00,0.520,0.361,0.243,13.383,1
2015-02-16 15:00,0.421,0.187,0.293,12.373,1
2015-02-16 16:00,0.314,0.085,0.272,11.741,1
2015-02-16 17:00,0,0,0,11.624,1
2015-02-16 18:00,0,0,0,11.439,1
2015-02-16 19:00,0,0,0,11.176,1
2015-02-16 20:00,0,0,0,10.596,1
2015-02-16 21:00,0,0,0,10.121,0
2015-02-16 22:00,0,0,0,9.689,0
2015-02-16 23:00,0,0,0,9.287,0
2015-02-17 00:00,0,0,0,8.966,0
2015-02-17 01:00,0,0,0,8.779,0
2015-02-17 02:00,0,0,0,8.686,0
2015-02-17 03:00,0,0,0,8.653,0
2015-02-17 04:00,0,0,0,8.616,0
2015-02-17 05:00,0,0,0,8.645,0
2015-02-17 06:00,0.099,0.102,0.023,9.632,0
2015-02-17 07:00,0.340,0.331,0.054,11.076,0
2015-02-17 08:00,0.532,0.532,0.083,12.029,0
2015-02-17 09:00,0.662,0.682,0.106,12.702,0
2015-02-17 10:00,0.734,0.770,0.122,13.184,0
2015-02-17 11:00,0.746,0.774,0.137,13.407,0
2015-02-17 12:00,0.701,0.701,0.144,13.362,0
2015-02-17 13:00,0.597,0.563,0.139,13.136,0
2015-02-17 14:00,0.436,0.377,0.122,12.656,0
2015-02-17 15:00,0.220,0.169,0.085,11.659,0
2015-02-17 16:00,0.010,0.017,0.011,10.846,0
2015-02-17 17:00,0,0,0,10.183,0
2015-02-17 18:00,0,0,0,9.144,0
2015-02-17 19:00,0,0,0,8.267,0
2015-02-17 20:00,0,0,0,7.473,0
2015-02-17 21:00,0,0,0,6.722,0
2015-02-17 22:00,0,0,0,5.911,0
2015-02-17 23:00,0,0,0,5.355,0
2015-02-18 00:00,0,0,0,5.021,0
2015-02-18 01:00,0,0,0,4.805,0
2015-02-18 02:00,0,0,0,4.682,0
2015-02-18 03:00,0,0,0,4.561,0
2015-02-18 04:00,0,0,0,4.197,0
2015-02-18 05:00,0,0,0,4.105,0
2015-02-18 06:00,0.110,0.112,0.022,5.307,0
2015-02-18 07:00,0.355,0.339,0.053,6.281,0
2015-02-18 08:00,0.545,0.531,0.084,7.291,0
2015-02-18 09:00,0.671,0.667,0.113,8.176,0
2015-02-18 10:00,0.743,0.751,0.131,8.802,0
2015-02-18 11:00,0.751,0.748,0.148,9.290,0
2015-02-18 12:00,0.700,0.669,0.157,9.578,0
2015-02-18 13:00,0.602,0.549,0.146,9.669,0
2015-02-18 14:00,0.445,0.377,0.124,9.425,0
2015-02-18 15:00,0.229,0.174,0.086,8.353,0
2015-02-18 16:00,0.011,0.018,0.011,7.152,0
2015-02-18 17:00,0,0,0,6.653,0
2015-02-18 18:00,0,0,0,6.094,0
2015-02-18 19:00,0,0,0,5.572,0
2015-02-18 20:00,0,0,0,5.144,0
2015-02-18 21:00,0,0,0,4.661,0
2015-02-18 22:00,0,0,0,4.123,0
2015-02-18 23:00,0,0,0,3.639,0
2015-02-19 00:00,0,0,0,3.244,0
2015-02-19 01:00,0,0,0,2.948,0
2015-02-19 02:00,0,0,0,2.738,0
2015-02-19 03:00,0,0,0,2.683,0
2015-02-19 04:00,0,0,0,2.797,0
2015-02-19 05:00,0,0,0,3.070,0
2015-02-19 06:00,0.105,0.104,0.025,4.518,0
2015-02-19 07:00,0.368,0.358,0.049,6.074,0
2015-02-19 08:00,0.559,0.554,0.079,7.242,0
2015-02-19 09:00,0.687,0.698,0.104,8.237,0
2015-02-19 10:00,0.754,0.775,0.125,9.026,0
2015-02-19 11:00,0.757,0.763,0.143,9.484,0
2015-02-19 12:00,0.703,0.676,0.155,9.672,0
2015-02-19 13:00,0.604,0.552,0.147,9.626,0
2015-02-19 14:00,0.448,0.380,0.125,9.301,0
2015-02-19 15:00,0.233,0.176,0.087,8.172,0
2015-02-19 16:00,0.012,0.019,0.012,7.283,0
2015-02-19 17:00,0,0,0,7.344,0
2015-02-19 18:00,0,0,0,7.488,0
2015-02-19 19:00,0,0,0,7.696,0
2015-02-19 20:00,0,0,0,7.970,0
2015-02-19 21:00,0,0,0,8.039,0
2015-02-19 22:00,0,0,0,7.979,0
2015-02-19 23:00,0,0,0,7.869,0
2015-02-20 00:00,0,0,0,7.794,0
2015-02-20 01:00,0,0,0,7.661,0
2015-02-20 02:00,0,0,0,7.548,0
2015-02-20 03:00,0,0,0,7.460,0
2015-02-20 04:00,0,0,0,7.401,0
2015-02-20 05:00,0,0,0,7.502,0
2015-02-20 06:00,0.126,0.132,0.021,8.544,0
2015-02-20 07:00,0.369,0.368,0.047,10.158,0
2015-02-20 08:00,0.553,0.559,0.079,11.124,0
2015-02-20 09:00,0.678,0.702,0.105,11.851,0
2015-02-20 10:00,0.744,0.777,0.126,12.353,0
2015-02-20 11:00,0.748,0.765,0.145,12.658,0
2015-02-20 12:00,0.694,0.676,0.157,12.755,0
2015-02-20 13:00,0.600,0.558,0.147,12.644,0
2015-02-20 14:00,0.448,0.387,0.125,12.241,0
2015-02-20 15:00,0.238,0.186,0.087,11.073,0
2015-02-20 16:00,0.013,0.019,0.012,10.202,0
2015-02-20 17:00,0,0,0,10.033,0
2015-02-20 18:00,0,0,0,9.989,0
2015-02-20 19:00,0,0,0,9.979,0
2015-02-20 20:00,0,0,0,9.741,0
2015-02-20 21:00,0,0,0,9.439,0
2015-02-20 22:00,0,0,0,9.473,0
2015-02-20 23:00,0,0,0,9.280,0
2015-02-21 00:00,0,0,0,8.963,0
2015-02-21 01:00,0,0,0,8.661,0
2015-02-21 02:00,0,0,0,8.128,0
2015-02-21 03:00,0,0,0,7.784,0
2015-02-21 04:00,0,0,0,7.554,0
2015-02-21 05:00,0,0,0,7.712,0
2015-02-21 06:00,0.123,0.127,0.023,9.041,0
2015-02-21 07:00,0.332,0.307,0.068,10.846,0
2015-02-21 08:00,0.547,0.550,0.083,11.809,0
2015-02-21 09:00,0.671,0.688,0.111,12.351,0
2015-02-21 10:00,0.725,0.733,0.143,12.675,0
2015-02-21 11:00,0.724,0.710,0.167,12.857,0
2015-02-21 12:00,0.688,0.664,0.162,13.073,0
2015-02-21 13:00,0.600,0.559,0.147,12.987,0
2015-02-21 14:00,0.427,0.352,0.136,12.434,0
2015-02-21 15:00,0.203,0.139,0.097,11.569,0
2015-02-21 16:00,0.005,0.009,0.013,10.809,0
2015-02-21 17:00,0,0,0,10.577,0
2015-02-21 18:00,0,0,0,10.436,0
2015-02-21 19:00,0,0,0,10.452,0
2015-02-21 20:00,0,0,0,10.497,0
2015-02-21 21:00,0,0,0,10.544,0
2015-02-21 22:00,0,0,0,10.453,0
2015-02-21 23:00,0,0,0,10.359,0
2015-02-22 00:00,0,0,0,10.391,0
2015-02-22 01:00,0,0,0,10.451,0
2015-02-22 02:00,0,0,0,10.482,0
2015-02-22 03:00,0,0,0,10.531,0
2015-02-22 04:00,0,0,0,10.552,0
2015-02-22 05:00,0,0,0,10.558,0
2015-02-22 06:00,0.025,0.011,0.035,10.680,0
2015-02-22 07:00,0.052,0.004,0.072,10.844,0
2015-02-22 08:00,0.028,0,0.050,11.212,0
2015-02-22 09:00,0.038,0,0.061,12.079,0
2015-02-22 10:00,0.051,0,0.075,12.346,0
2015-02-22 11:00,0.063,0,0.088,12.228,0
2015-02-22 12:00,0.064,0,0.089,12.122,0
2015-02-22 13:00,0.065,0,0.090,11.996,0
2015-02-22 14:00,0.052,0,0.076,11.900,0
2015-02-22 15:00,0.018,0,0.038,11.702,0
2015-02-22 16:00,0,0,0.006,11.418,0
2015-02-22 17:00,0,0,0,11.248,0
2015-02-22 18:00,0,0,0,11.095,0
2015-02-22 19:00,0,0,0,10.963,0
2015-02-22 20:00,0,0,0,10.940,0
2015-02-22 21:00,0,0,0,11.059,0
2015-02-22 22:00,0,0,0,11.217,0
2015-02-22 23:00,0,0,0,11.296,0
2015-02-23 00:00,0,0,0,11.334,0
2015-02-23 01:00,0,0,0,11.321,0
2015-02-23 02:00,0,0,0,11.225,0
2015-02-23 03:00,0,0,0,11.000,0
2015-02-23 04:00,0,0,0,10.699,0
2015-02-23 05:00,0,0,0,10.486,0
2015-02-23 06:00,0.017,0.007,0.030,10.714,0
2015-02-23 07:00,0.016,0.001,0.035,11.288,0
2015-02-23 08:00,0.228,0.095,0.168,12.010,0
2015-02-23 09:00,0.249,0.061,0.226,12.863,0
2015-02-23 10:00,0.131,0,0.161,13.526,0
2015-02-23 11:00,0.168,0.031,0.169,13.809,0
2015-02-23 12:00,0.493,0.318,0.254,13.940,0
2015-02-23 13:00,0.392,0.232,0.218,13.853,0
2015-02-23 14:00,0.128,0.016,0.142,13.521,0
2015-02-23 15:00,0.074,0.016,0.084,12.710,0
2015-02-23 16:00,0,0,0.007,11.939,0
2015-02-23 17:00,0,0,0,11.609,0
2015-02-23 18:00,0,0,0,11.277,0
2015-02-23 19:00,0,0,0,11.090,0
2015-02-23 20:00,0,0,0,10.928,0
2015-02-23 21:00,0,0,0,10.770,0
2015-02-23 22:00,0,0,0,10.605,0
2015-02-23 23:00,0,0,0,10.387,0
2015-02-24 00:00,0,0,0,10.206,0
2015-02-24 01:00,0,0,0,10.085,0
2015-02-24 02:00,0,0,0,10.069,0
2015-02-24 03:00,0,0,0,10.052,0
2015-02-24 04:00,0,0,0,9.940,0
2015-02-24 05:00,0,0,0,9.899,0
2015-02-24 06:00,0.116,0.112,0.032,11.333,0
2015-02-24 07:00,0.369,0.363,0.057,12.574,0
2015-02-24 08:00,0.558,0.570,0.082,13.311,0
2015-02-24 09:00,0.693,0.739,0.098,13.917,0
2015-02-24 10:00,0.767,0.839,0.109,14.218,0
2015-02-24 11:00,0.696,0.655,0.188,14.329,0
2015-02-24 12:00,0.552,0.433,0.216,14.306,0
2015-02-24 13:00,0.614,0.588,0.141,14.088,0
2015-02-24 14:00,0.433,0.362,0.137,13.601,0
2015-02-24 15:00,0.220,0.155,0.100,12.701,0
2015-02-24 16:00,0.008,0.010,0.015,11.830,0
2015-02-24 17:00,0,0,0,11.645,0
2015-02-24 18:00,0,0,0,11.487,0
2015-02-24 19:00,0,0,0,11.327,0
2015-02-24 20:00,0,0,0,11.160,0
2015-02-24 21:00,0,0,0,10.983,0
2015-02-24 22:00,0,0,0,10.812,0
2015-02-24 23:00,0,0,0,10.542,0
2015-02-25 00:00,0,0,0,10.285,0
2015-02-25 01:00,0,0,0,10.150,0
2015-02-25 02:00,0,0,0,10.034,0
2015-02-25 03:00,0,0,0,9.818,0
2015-02-25 04:00,0,0,0,9.606,0
2015-02-25 05:00,0,0,0,9.547,0
2015-02-25 06:00,0.008,0,0.025,10.021,0
2015-02-25 07:00,0.049,0.001,0.072,10.526,0
2015-02-25 08:00,0.084,0,0.111,10.910,0
2015-02-25 09:00,0.219,0.044,0.209,11.220,0
2015-02-25 10:00,0.290,0.063,0.266,11.425,0
2015-02-25 11:00,0.268,0.038,0.268,11.654,0
2015-02-25 12:00,0.279,0.051,0.266,11.713,0
2015-02-25 13:00,0.222,0.035,0.221,11.606,0
2015-02-25 14:00,0.138,0.016,0.151,11.366,0
2015-02-25 15:00,0.089,0.027,0.089,10.912,0
2015-02-25 16:00,0.005,0.006,0.016,10.357,0
2015-02-25 17:00,0,0,0,10.354,0
2015-02-25 18:00,0,0,0,10.371,0
2015-02-25 19:00,0,0,0,10.495,0
2015-02-25 20:00,0,0,0,10.563,0
2015-02-25 21:00,0,0,0,10.559,0
2015-02-25 22:00,0,0,0,10.411,0
2015-02-25 23:00,0,0,0,10.344,0
2015-02-26 00:00,0,0,0,10.276,0
2015-02-26 01:00,0,0,0,10.259,0
2015-02-26 02:00,0,0,0,10.067,0
2015-02-26 03:00,0,0,0,9.931,0
2015-02-26 04:00,0,0,0,9.833,0
2015-02-26 05:00,0,0,0.001,9.911,0
2015-02-26 06:00,0.083,0.064,0.045,10.961,0
2015-02-26 07:00,0.172,0.080,0.123,11.813,0
2015-02-26 08:00,0.204,0.054,0.183,12.367,0
2015-02-26 09:00,0.183,0.044,0.172,12.782,0
2015-02-26 10:00,0.534,0.357,0.264,13.061,0
2015-02-26 11:00,0.255,0.065,0.229,13.205,0
2015-02-26 12:00,0.138,0,0.168,13.065,0
2015-02-26 13:00,0.105,0,0.133,12.907,0
2015-02-26 14:00,0.058,0.001,0.082,12.664,0
2015-02-26 15:00,0.065,0.010,0.081,12.219,0
2015-02-26 16:00,0,0,0.010,11.853,0
2015-02-26 17:00,0,0,0,11.554,0
2015-02-26 18:00,0,0,0,11.187,0
2015-02-26 19:00,0,0,0,10.805,0
2015-02-26 20:00,0,0,0,10.329,0
2015-02-26 21:00,0,0,0,9.737,0
2015-02-26 22:00,0,0,0,9.359,0
2015-02-26 23:00,0,0,0,9.261,0
2015-02-27 00:00,0,0,0,9.284,0
2015-02-27 01:00,0,0,0,9.234,0
2015-02-27 02:00,0,0,0,9.279,0
2015-02-27 03:00,0,0,0,9.446,0
2015-02-27 04:00,0,0,0,9.596,0
2015-02-27 05:00,0,0,0.001,9.746,0
2015-02-27 06:00,0.008,0,0.026,10.529,0
2015-02-27 07:00,0.043,0,0.067,11.342,0
2015-02-27 08:00,0.150,0.018,0.162,12.144,0
2015-02-27 09:00,0.249,0.043,0.243,13.012,0
2015-02-27 10:00,0.381,0.140,0.297,13.705,0
2015-02-27 11:00,0.473,0.264,0.283,13.855,0
2015-02-27 12:00,0.602,0.476,0.235,13.573,0
2015-02-27 13:00,0.476,0.320,0.228,13.112,0
2015-02-27 14:00,0.238,0.090,0.185,12.656,0
2015-02-27 15:00,0.087,0.021,0.092,12.003,0
2015-02-27 16:00,0.006,0.005,0.018,11.373,0
2015-02-27 17:00,0,0,0,11.120,0
2015-02-27 18:00,0,0,0,10.978,0
2015-02-27 19:00,0,0,0,10.897,0
2015-02-27 20:00,0,0,0,10.867,0
2015-02-27 21:00,0,0,0,10.902,0
2015-02-27 22:00,0,0,0,10.926,0
2015-02-27 23:00,0,0,0,10.882,0
2015-02-28 00:00,0,0,0,10.855,0
2015-02-28 01:00,0,0,0,10.820,0
2015-02-28 02:00,0,0,0,10.788,0
2015-02-28 03:00,0,0,0,10.731,0
2015-02-28 04:00,0,0,0,10.614,0
2015-02-28 05:00,0,0,0.001,10.704,0
2015-02-28 06:00,0.089,0.068,0.048,11.535,0
2015-02-28 07:00,0.303,0.240,0.105,12.421,0
2015-02-28 08:00,0.390,0.262,0.184,13.180,0
2015-02-28 09:00,0.536,0.404,0.221,13.659,0
2015-02-28 10:00,0.440,0.213,0.293,13.628,0
2015-02-28 11:00,0.472,0.239,0.306,13.352,0
2015-02-28 12:00,0.426,0.194,0.295,12.985,0
2015-02-28 13:00,0.238,0.065,0.210,12.585,0
2015-02-28 14:00,0.055,0,0.080,12.177,0
2015-02-28 15:00,0.017,0,0.037,11.684,0
2015-02-28 16:00,0,0,0.012,11.236,0
2015-02-28 17:00,0,0,0,11.024,0
2015-02-28 18:00,0,0,0,10.855,0
2015-02-28 19:00,0,0,0,10.692,0
2015-02-28 20:00,0,0,0,10.513,0
2015-02-28 21:00,0,0,0,10.299,0
2015-02-28 22:00,0,0,0,10.126,0
2015-02-28 23:00,0,0,0,9.923,0
2015-03-01 00:00,0,0,0,9.634,0
2015-03-01 01:00,0,0,0,9.325,0
2015-03-01 02:00,0,0,0,9.105,0
2015-03-01 03:00,0,0,0,8.993,0
2015-03-01 04:00,0,0,0,8.948,0
2015-03-01 05:00,0,0.002,0.004,9.125,0
2015-03-01 06:00,0.058,0.030,0.052,9.994,0
2015-03-01 07:00,0.070,0.017,0.078,10.661,0
2015-03-01 08:00,0.097,0.002,0.123,11.152,0
2015-03-01 09:00,0.157,0.010,0.177,11.434,0
2015-03-01 10:00,0.062,0,0.087,11.543,0
2015-03-01 11:00,0.052,0,0.076,11.527,0
2015-03-01 12:00,0.182,0.082,0.131,11.547,1
2015-03-01 13:00,0.302,0.140,0.204,11.488,0
2015-03-01 14:00,0.187,0.046,0.173,11.349,0
2015-03-01 15:00,0.100,0.034,0.093,11.083,0
2015-03-01 16:00,0.009,0.006,0.021,10.668,0
2015-03-01 17:00,0,0,0,10.566,0
2015-03-01 18:00,0,0,0,10.540,0
2015-03-01 19:00,0,0,0,10.573,0
2015-03-01 20:00,0,0,0,10.552,0
2015-03-01 21:00,0,0,0,10.558,0
2015-03-01 22:00,0,0,0,10.603,0
2015-03-01 23:00,0,0,0,10.664,0
2015-03-02 00:00,0,0,0,10.595,0
2015-03-02 01:00,0,0,0,10.508,0
2015-03-02 02:00,0,0,0,10.503,0
2015-03-02 03:00,0,0,0,10.596,0
2015-03-02 04:00,0,0,0,10.811,0
2015-03-02 05:00,0,0.002,0.004,11.027,0
2015-03-02 06:00,0.039,0.012,0.050,11.910,0
2015-03-02 07:00,0.206,0.104,0.136,12.700,0
2015-03-02 08:00,0.482,0.407,0.150,13.204,0
2015-03-02 09:00,0.420,0.243,0.239,13.625,0
2015-03-02 10:00,0.278,0.049,0.271,13.974,0
2015-03-02 11:00,0.407,0.149,0.319,14.083,0
2015-03-02 12:00,0.349,0.118,0.282,14.079,1
2015-03-02 13:00,0.288,0.085,0.246,13.940,0
2015-03-02 14:00,0.255,0.112,0.182,13.620,0
2015-03-02 15:00,0.132,0.053,0.108,12.928,0
2015-03-02 16:00,0,0.001,0.014,11.685,0
2015-03-02 17:00,0,0,0,11.325,0
2015-03-02 18:00,0,0,0,11.459,0
2015-03-02 19:00,0,0,0,11.507,0
2015-03-02 20:00,0,0,0,11.628,0
2015-03-02 21:00,0,0,0,11.828,0
2015-03-02 22:00,0,0,0,12.009,0
2015-03-02 23:00,0,0,0,12.136,0
2015-03-03 00:00,0,0,0,12.181,0
2015-03-03 01:00,0,0,0,12.230,0
2015-03-03 02:00,0,0,0,12.252,0
2015-03-03 03:00,0,0,0,12.146,0
2015-03-03 04:00,0,0,0,12.001,0
2015-03-03 05:00,0,0,0.004,12.223,0
2015-03-03 06:00,0.057,0.025,0.057,13.572,0
2015-03-03 07:00,0.160,0.057,0.135,14.456,0
2015-03-03 08:00,0.468,0.397,0.149,15.154,0
2015-03-03 09:00,0.536,0.410,0.222,15.684,0
2015-03-03 10:00,0.593,0.453,0.254,15.802,0
2015-03-03 11:00,0.472,0.249,0.302,15.703,0
2015-03-03 12:00,0.457,0.305,0.227,15.468,1
2015-03-03 13:00,0.433,0.322,0.180,15.172,1
2015-03-03 14:00,0.397,0.291,0.167,14.726,0
2015-03-03 15:00,0.216,0.140,0.113,13.972,0
2015-03-03 16:00,0.025,0.017,0.029,12.659,0
2015-03-03 17:00,0,0,0,12.388,0
2015-03-03 18:00,0,0,0,12.253,0
2015-03-03 19:00,0,0,0,12.028,0
2015-03-03 20:00,0,0,0,11.739,0
2015-03-03 21:00,0,0,0,11.402,0
2015-03-03 22:00,0,0,0,11.060,0
2015-03-03 23:00,0,0,0,10.551,0
2015-03-04 00:00,0,0,0,10.121,0
2015-03-04 01:00,0,0,0,9.711,0
2015-03-04 02:00,0,0,0,9.368,0
2015-03-04 03:00,0,0,0,9.069,0
2015-03-04 04:00,0,0,0,8.778,0
2015-03-04 05:00,0,0.006,0.006,8.962,0
2015-03-04 06:00,0.154,0.142,0.041,10.676,0
2015-03-04 07:00,0.398,0.389,0.063,12.007,0
2015-03-04 08:00,0.578,0.591,0.089,13.792,0
2015-03-04 09:00,0.690,0.720,0.118,14.985,0
2015-03-04 10:00,0.750,0.785,0.142,15.392,0
2015-03-04 11:00,0.760,0.790,0.154,15.507,0
2015-03-04 12:00,0.695,0.670,0.178,15.486,0
2015-03-04 13:00,0.593,0.533,0.173,15.320,0
2015-03-04 14:00,0.405,0.301,0.167,15.001,0
2015-03-04 15:00,0.197,0.117,0.115,14.164,0
2015-03-04 16:00,0.025,0.017,0.030,12.984,0
2015-03-04 17:00,0,0,0,12.742,0
2015-03-04 18:00,0,0,0,12.713,0
2015-03-04 19:00,0,0,0,12.631,0
2015-03-04 20:00,0,0,0,12.583,0
2015-03-04 21:00,0,0,0,12.532,0
2015-03-04 22:00,0,0,0,12.571,0
2015-03-04 23:00,0,0,0,12.640,0
2015-03-05 00:00,0,0,0,12.653,0
2015-03-05 01:00,0,0,0,12.383,0
2015-03-05 02:00,0,0,0,12.088,0
2015-03-05 03:00,0,0,0,11.946,0
2015-03-05 04:00,0,0,0,12.003,0
2015-03-05 05:00,0,0,0.002,12.293,0
2015-03-05 06:00,0.004,0,0.021,12.831,0
2015-03-05 07:00,0.022,0,0.043,13.366,0
2015-03-05 08:00,0.045,0,0.069,14.040,0
2015-03-05 09:00,0.073,0,0.100,14.792,0
2015-03-05 10:00,0.041,0,0.065,15.173,0
2015-03-05 11:00,0.041,0,0.066,15.331,0
2015-03-05 12:00,0.037,0,0.061,15.415,0
2015-03-05 13:00,0.028,0,0.051,15.096,0
2015-03-05 14:00,0.023,0,0.045,14.113,0
2015-03-05 15:00,0.158,0.115,0.073,11.509,0
2015-03-05 16:00,0.004,0.003,0.018,9.004,0
2015-03-05 17:00,0,0,0,8.603,0
2015-03-05 18:00,0,0,0,8.603,0
2015-03-05 19:00,0,0,0,8.568,0
2015-03-05 20:00,0,0,0,8.535,0
2015-03-05 21:00,0,0,0,8.427,0
2015-03-05 22:00,0,0,0,8.448,0
2015-03-05 23:00,0,0,0,8.531,0
2015-03-06 00:00,0,0,0,8.558,0
2015-03-06 01:00,0,0,0,8.650,0
2015-03-06 02:00,0,0,0,8.836,0
2015-03-06 03:00,0,0,0,9.044,0
2015-03-06 04:00,0,0,0,9.323,0
2015-03-06 05:00,0,0,0.003,9.689,0
2015-03-06 06:00,0.042,0.012,0.053,10.394,0
2015-03-06 07:00,0.070,0.004,0.091,11.032,0
2015-03-06 08:00,0.223,0.065,0.193,11.669,0
2015-03-06 09:00,0.248,0.037,0.248,12.336,0
2015-03-06 10:00,0.204,0.016,0.222,12.883,0
2015-03-06 11:00,0.079,0,0.106,13.157,0
2015-03-06 12:00,0.042,0,0.066,13.103,0
2015-03-06 13:00,0.056,0,0.081,12.580,0
2015-03-06 14:00,0.057,0,0.081,11.645,0
2015-03-06 15:00,0.011,0,0.030,10.435,0
2015-03-06 16:00,0,0,0.007,9.151,0
2015-03-06 17:00,0,0,0,8.271,0
2015-03-06 18:00,0,0,0,7.694,0
2015-03-06 19:00,0,0,0,7.259,0
2015-03-06 20:00,0,0,0,6.804,0
2015-03-06 21:00,0,0,0,6.366,0
2015-03-06 22:00,0,0,0,5.982,0
2015-03-06 23:00,0,0,0,5.791,0
2015-03-07 00:00,0,0,0,5.769,0
2015-03-07 01:00,0,0,0,5.792,0
2015-03-07 02:00,0,0,0,5.758,0
2015-03-07 03:00,0,0,0,5.645,0
2015-03-07 04:00,0,0,0,5.658,0
2015-03-07 05:00,0,0.002,0.007,6.133,0
2015-03-07 06:00,0.092,0.052,0.065,7.096,0
2015-03-07 07:00,0.381,0.336,0.089,7.932,0
2015-03-07 08:00,0.415,0.315,0.150,8.958,0
2015-03-07 09:00,0.160,0.004,0.185,9.954,0
2015-03-07 10:00,0.357,0.152,0.251,10.900,0
2015-03-07 11:00,0.491,0.249,0.314,11.716,0
2015-03-07 12:00,0.473,0.257,0.286,12.265,0
2015-03-07 13:00,0.581,0.482,0.196,12.300,0
2015-03-07 14:00,0.382,0.249,0.185,11.848,0
2015-03-07 15:00,0.144,0.057,0.116,10.996,0
2015-03-07 16:00,0.026,0.014,0.034,9.923,0
2015-03-07 17:00,0,0,0,9.139,0
2015-03-07 18:00,0,0,0,8.393,0
2015-03-07 19:00,0,0,0,7.845,0
2015-03-07 20:00,0,0,0,7.495,0
2015-03-07 21:00,0,0,0,7.142,0
2015-03-07 22:00,0,0,0,6.734,0
2015-03-07 23:00,0,0,0,6.426,0
2015-03-08 00:00,0,0,0,6.165,0
2015-03-08 01:00,0,0,0,5.822,0
2015-03-08 02:00,0,0,0,5.686,0
2015-03-08 03:00,0,0,0,5.648,0
2015-03-08 04:00,0,0,0,5.678,0
2015-03-08 05:00,0.001,0.008,0.009,6.216,0
2015-03-08 06:00,0.142,0.111,0.057,7.796,0
2015-03-08 07:00,0.326,0.246,0.119,9.099,0
2015-03-08 08:00,0.587,0.577,0.102,10.525,0
2015-03-08 09:00,0.715,0.741,0.118,11.842,0
2015-03-08 10:00,0.774,0.810,0.141,12.772,0
2015-03-08 11:00,0.783,0.814,0.152,13.350,0
2015-03-08 12:00,0.701,0.658,0.189,13.662,0
2015-03-08 13:00,0.563,0.457,0.204,13.747,0
2015-03-08 14:00,0.249,0.107,0.181,13.564,0
2015-03-08 15:00,0.141,0.058,0.113,12.932,0
2015-03-08 16:00,0.024,0.010,0.035,11.731,0
2015-03-08 17:00,0,0,0,10.721,0
2015-03-08 18:00,0,0,0,10.006,0
2015-03-08 19:00,0,0,0,9.447,0
2015-03-08 20:00,0,0,0,8.990,0
2015-03-08 21:00,0,0,0,8.473,0
2015-03-08 22:00,0,0,0,7.884,0
2015-03-08 23:00,0,0,0,7.351,0
2015-03-09 00:00,0,0,0,7.030,0
2015-03-09 01:00,0,0,0,6.820,0
2015-03-09 02:00,0,0,0,6.716,0
2015-03-09 03:00,0,0,0,6.768,0
2015-03-09 04:00,0,0,0,6.856,0
2015-03-09 05:00,0.002,0.009,0.009,7.379,0
2015-03-09 06:00,0.178,0.161,0.046,8.768,0
2015-03-09 07:00,0.418,0.404,0.067,9.890,0
2015-03-09 08:00,0.602,0.610,0.091,10.940,0
2015-03-09 09:00,0.706,0.715,0.130,11.773,0
2015-03-09 10:00,0.753,0.752,0.165,12.397,0
2015-03-09 11:00,0.770,0.777,0.167,12.860,0
2015-03-09 12:00,0.723,0.701,0.175,13.135,0
2015-03-09 13:00,0.628,0.581,0.163,13.216,0
2015-03-09 14:00,0.475,0.403,0.144,13.085,0
2015-03-09 15:00,0.252,0.173,0.117,12.606,0
2015-03-09 16:00,0.039,0.023,0.039,11.871,0
2015-03-09 17:00,0,0,0,11.625,0
2015-03-09 18:00,0,0,0,11.182,0
2015-03-09 19:00,0,0,0,10.626,0
2015-03-09 20:00,0,0,0,10.152,0
2015-03-09 21:00,0,0,0,9.810,0
2015-03-09 22:00,0,0,0,9.550,0
2015-03-09 23:00,0,0,0,9.316,0
2015-03-10 00:00,0,0,0,9.097,0
2015-03-10 01:00,0,0,0,8.789,0
2015-03-10 02:00,0,0,0,8.530,0
2015-03-10 03:00,0,0,0,8.360,0
2015-03-10 04:00,0,0,0,8.259,0
2015-03-10 05:00,0,0,0.006,8.567,0
2015-03-10 06:00,0.038,0.004,0.057,9.766,0
2015-03-10 07:00,0.094,0.004,0.117,10.736,0
2015-03-10 08:00,0.303,0.142,0.202,11.618,0
2015-03-10 09:00,0.646,0.586,0.178,12.229,0
2015-03-10 10:00,0.621,0.477,0.254,12.488,0
2015-03-10 11:00,0.208,0.046,0.197,12.474,0
2015-03-10 12:00,0.064,0,0.089,12.336,0
2015-03-10 13:00,0.054,0,0.079,12.103,0
2015-03-10 14:00,0.060,0.005,0.080,11.710,0
2015-03-10 15:00,0.171,0.102,0.099,11.125,0
2015-03-10 16:00,0.038,0.021,0.040,10.362,0
2015-03-10 17:00,0,0,0,10.143,0
2015-03-10 18:00,0,0,0,9.953,0
2015-03-10 19:00,0,0,0,9.758,0
2015-03-10 20:00,0,0,0,9.628,0
2015-03-10 21:00,0,0,0,9.549,0
2015-03-10 22:00,0,0,0,9.494,0
2015-03-10 23:00,0,0,0,9.408,0
2015-03-11 00:00,0,0,0,9.220,0
2015-03-11 01:00,0,0,0,9.015,0
2015-03-11 02:00,0,0,0,8.875,0
2015-03-11 03:00,0,0,0,8.648,0
2015-03-11 04:00,0,0,0,8.458,0
2015-03-11 05:00,0,0.001,0.009,8.346,0
2015-03-11 06:00,0.035,0.006,0.050,8.525,0
2015-03-11 07:00,0.143,0.024,0.147,8.716,0
2015-03-11 08:00,0.333,0.146,0.228,8.801,0
2015-03-11 09:00,0.610,0.485,0.219,9.083,0
2015-03-11 10:00,0.708,0.618,0.218,9.338,0
2015-03-11 11:00,0.796,0.805,0.159,9.506,0
2015-03-11 12:00,0.749,0.730,0.166,9.639,0
2015-03-11 13:00,0.646,0.591,0.163,9.695,0
2015-03-11 14:00,0.482,0.397,0.149,9.617,0
2015-03-11 15:00,0.253,0.164,0.122,9.413,0
2015-03-11 16:00,0.045,0.025,0.043,8.544,0
2015-03-11 17:00,0,0,0,8.402,0
2015-03-11 18:00,0,0,0,8.481,0
2015-03-11 19:00,0,0,0,8.640,0
2015-03-11 20:00,0,0,0,8.836,0
2015-03-11 21:00,0,0,0,9.029,0
2015-03-11 22:00,0,0,0,9.126,0
2015-03-11 23:00,0,0,0,9.280,0
2015-03-12 00:00,0,0,0,9.333,0
2015-03-12 01:00,0,0,0,9.288,0
2015-03-12 02:00,0,0,0,9.231,0
2015-03-12 03:00,0,0,0,9.189,0
2015-03-12 04:00,0,0,0,9.178,0
2015-03-12 05:00,0.004,0.008,0.012,9.259,0
2015-03-12 06:00,0.187,0.166,0.051,9.714,0
2015-03-12 07:00,0.416,0.391,0.079,10.462,0
2015-03-12 08:00,0.588,0.568,0.114,10.982,0
2015-03-12 09:00,0.710,0.711,0.138,11.470,0
2015-03-12 10:00,0.772,0.784,0.157,12.015,0
2015-03-12 11:00,0.786,0.804,0.163,12.420,0
2015-03-12 12:00,0.744,0.741,0.164,12.658,0
2015-03-12 13:00,0.640,0.597,0.162,12.757,0
2015-03-12 14:00,0.480,0.405,0.147,12.691,0
2015-03-12 15:00,0.261,0.180,0.120,12.185,0
2015-03-12 16:00,0.053,0.033,0.044,11.213,0
2015-03-12 17:00,0,0,0,10.734,0
2015-03-12 18:00,0,0,0,10.332,0
2015-03-12 19:00,0,0,0,9.876,0
2015-03-12 20:00,0,0,0,9.407,0
2015-03-12 21:00,0,0,0,8.907,0
2015-03-12 22:00,0,0,0,8.398,0
2015-03-12 23:00,0,0,0,7.909,0
2015-03-13 00:00,0,0,0,7.447,0
2015-03-13 01:00,0,0,0,7.024,0
2015-03-13 02:00,0,0,0,6.682,0
2015-03-13 03:00,0,0,0,6.455,0
2015-03-13 04:00,0,0,0,6.345,0
2015-03-13 05:00,0.003,0.007,0.012,6.859,0
2015-03-13 06:00,0.099,0.047,0.077,8.693,0
2015-03-13 07:00,0.262,0.134,0.163,9.899,0
2015-03-13 08:00,0.558,0.503,0.140,10.961,0
2015-03-13 09:00,0.709,0.710,0.140,11.745,0
2015-03-13 10:00,0.775,0.794,0.155,12.296,0
2015-03-13 11:00,0.795,0.828,0.154,12.720,0
2015-03-13 12:00,0.758,0.778,0.149,12.957,0
2015-03-13 13:00,0.651,0.623,0.152,13.000,0
2015-03-13 14:00,0.482,0.406,0.148,12.796,0
2015-03-13 15:00,0.257,0.171,0.123,12.042,0
2015-03-13 16:00,0.045,0.023,0.045,10.668,0
2015-03-13 17:00,0,0,0,10.100,0
2015-03-13 18:00,0,0,0,9.792,0
2015-03-13 19:00,0,0,0,9.565,0
2015-03-13 20:00,0,0,0,9.437,0
2015-03-13 21:00,0,0,0,9.213,0
2015-03-13 22:00,0,0,0,8.996,0
2015-03-13 23:00,0,0,0,8.721,0
2015-03-14 00:00,0,0,0,8.453,0
2015-03-14 01:00,0,0,0,8.209,0
2015-03-14 02:00,0,0,0,8.069,0
2015-03-14 03:00,0,0,0,8.075,0
2015-03-14 04:00,0,0,0,8.155,0
2015-03-14 05:00,0.005,0.009,0.013,8.511,0
2015-03-14 06:00,0.187,0.159,0.058,9.590,0
2015-03-14 07:00,0.408,0.368,0.093,10.519,0
2015-03-14 08:00,0.573,0.535,0.129,11.205,0
2015-03-14 09:00,0.539,0.371,0.252,11.671,0
2015-03-14 10:00,0.585,0.389,0.293,12.034,0
2015-03-14 11:00,0.669,0.528,0.268,12.265,0
2015-03-14 12:00,0.687,0.603,0.218,12.331,0
2015-03-14 13:00,0.632,0.573,0.173,12.255,0
2015-03-14 14:00,0.477,0.393,0.154,12.030,0
2015-03-14 15:00,0.267,0.183,0.122,11.534,0
2015-03-14 16:00,0.055,0.030,0.049,10.510,0
2015-03-14 17:00,0,0,0,10.352,0
2015-03-14 18:00,0,0,0,10.439,0
2015-03-14 19:00,0,0,0,10.445,0
2015-03-14 20:00,0,0,0,10.432,0
2015-03-14 21:00,0,0,0,10.284,0
2015-03-14 22:00,0,0,0,10.003,0
2015-03-14 23:00,0,0,0,9.559,0
2015-03-15 00:00,0,0,0,9.238,0
2015-03-15 01:00,0,0,0,8.865,0
2015-03-15 02:00,0,0,0,8.618,0
2015-03-15 03:00,0,0,0,8.419,0
2015-03-15 04:00,0,0,0,8.380,0
2015-03-15 05:00,0.007,0.011,0.014,9.019,0
2015-03-15 06:00,0.194,0.168,0.058,10.786,0
2015-03-15 07:00,0.426,0.404,0.082,12.188,0
2015-03-15 08:00,0.604,0.609,0.104,13.262,0
2015-03-15 09:00,0.714,0.733,0.135,13.928,0
2015-03-15 10:00,0.770,0.794,0.158,14.238,0
2015-03-15 11:00,0.775,0.785,0.175,14.323,0
2015-03-15 12:00,0.724,0.701,0.183,14.302,0
2015-03-15 13:00,0.633,0.586,0.169,14.172,0
2015-03-15 14:00,0.470,0.387,0.157,13.922,0
2015-03-15 15:00,0.251,0.162,0.128,13.384,0
2015-03-15 16:00,0.049,0.024,0.050,12.265,0
2015-03-15 17:00,0,0,0,12.020,0
2015-03-15 18:00,0,0,0,11.938,0
2015-03-15 19:00,0,0,0,11.757,0
2015-03-15 20:00,0,0,0,11.483,0
2015-03-15 21:00,0,0,0,11.083,0
2015-03-15 22:00,0,0,0,10.830,0
2015-03-15 23:00,0,0,0,10.545,0
2015-03-16 00:00,0,0,0,10.243,0
2015-03-16 01:00,0,0,0,9.936,0
2015-03-16 02:00,0,0,0,9.628,0
2015-03-16 03:00,0,0,0,9.340,0
2015-03-16 04:00,0,0,0,9.050,0
2015-03-16 05:00,0.001,0.003,0.013,9.592,0
2015-03-16 06:00,0.108,0.045,0.090,11.299,0
2015-03-16 07:00,0.359,0.275,0.133,12.476,0
2015-03-16 08:00,0.583,0.560,0.127,13.763,0
2015-03-16 09:00,0.706,0.717,0.142,14.586,0
2015-03-16 10:00,0.764,0.784,0.164,15.016,0
2015-03-16 11:00,0.776,0.795,0.171,15.138,0
2015-03-16 12:00,0.732,0.726,0.174,15.125,0
2015-03-16 13:00,0.613,0.545,0.186,15.038,0
2015-03-16 14:00,0.459,0.368,0.164,14.701,0
2015-03-16 15:00,0.253,0.164,0.129,13.987,0
2015-03-16 16:00,0.047,0.019,0.051,12.937,0
2015-03-16 17:00,0,0,0,12.703,0
2015-03-16 18:00,0,0,0,12.693,0
2015-03-16 19:00,0,0,0,12.541,0
2015-03-16 20:00,0,0,0,12.162,0
2015-03-16 21:00,0,0,0,11.639,0
2015-03-16 22:00,0,0,0,11.128,0
2015-03-16 23:00,0,0,0,10.548,0
2015-03-17 00:00,0,0,0,10.011,0
2015-03-17 01:00,0,0,0,9.422,0
2015-03-17 02:00,0,0,0,8.938,0
2015-03-17 03:00,0,0,0,8.748,0
2015-03-17 04:00,0,0,0,8.770,0
2015-03-17 05:00,0,0,0.009,9.337,0
2015-03-17 06:00,0.055,0.005,0.074,10.575,0
2015-03-17 07:00,0.165,0.029,0.167,11.686,0
2015-03-17 08:00,0.288,0.077,0.252,12.763,0
2015-03-17 09:00,0.397,0.143,0.312,13.721,0
2015-03-17 10:00,0.499,0.248,0.332,14.355,0
2015-03-17 11:00,0.464,0.199,0.339,14.624,0
2015-03-17 12:00,0.492,0.245,0.328,14.592,0
2015-03-17 13:00,0.290,0.069,0.265,14.371,0
2015-03-17 14:00,0.160,0.018,0.175,13.952,0
2015-03-17 15:00,0.105,0.013,0.120,13.244,0
2015-03-17 16:00,0.012,0.001,0.030,12.291,0
2015-03-17 17:00,0,0,0,11.969,0
2015-03-17 18:00,0,0,0,11.950,0
2015-03-17 19:00,0,0,0,11.902,0
2015-03-17 20:00,0,0,0,11.822,0
2015-03-17 21:00,0,0,0,11.664,0
2015-03-17 22:00,0,0,0,11.561,0
2015-03-17 23:00,0,0,0,11.410,0
2015-03-18 00:00,0,0,0,11.241,0
2015-03-18 01:00,0,0,0,11.129,0
2015-03-18 02:00,0,0,0,11.082,0
2015-03-18 03:00,0,0,0,10.917,0
2015-03-18 04:00,0,0,0,10.615,0
2015-03-18 05:00,0.014,0.013,0.021,10.851,0
2015-03-18 06:00,0.193,0.156,0.070,11.836,0
2015-03-18 07:00,0.426,0.393,0.093,12.329,0
2015-03-18 08:00,0.607,0.600,0.114,12.600,0
2015-03-18 09:00,0.719,0.726,0.142,12.776,0
2015-03-18 10:00,0.771,0.775,0.171,12.886,0
2015-03-18 11:00,0.772,0.756,0.190,12.885,0
2015-03-18 12:00,0.700,0.623,0.218,12.775,0
2015-03-18 13:00,0.633,0.569,0.179,12.573,0
2015-03-18 14:00,0.460,0.358,0.169,12.364,0
2015-03-18 15:00,0.197,0.090,0.139,11.980,0
2015-03-18 16:00,0.110,0.019,0.118,11.181,1
2015-03-18 17:00,0,0,0,10.884,1
2015-03-18 18:00,0,0,0,10.803,0
2015-03-18 19:00,0,0,0,10.774,0
2015-03-18 20:00,0,0,0,10.803,0
2015-03-18 21:00,0,0,0,10.784,0
2015-03-18 22:00,0,0,0,10.627,0
2015-03-18 23:00,0,0,0,10.400,0
2015-03-19 00:00,0,0,0,10.120,0
2015-03-19 01:00,0,0,0,9.875,0
2015-03-19 02:00,0,0,0,9.717,0
2015-03-19 03:00,0,0,0,9.621,0
2015-03-19 04:00,0,0,0,9.556,0
2015-03-19 05:00,0,0.001,0.013,9.882,0
2015-03-19 06:00,0.052,0.008,0.067,10.802,0
2015-03-19 07:00,0.053,0.001,0.076,11.051,0
2015-03-19 08:00,0.447,0.317,0.191,11.074,0
2015-03-19 09:00,0.500,0.305,0.267,11.089,0
2015-03-19 10:00,0.354,0.116,0.286,11.371,0
2015-03-19 11:00,0.124,0.010,0.142,11.541,0
2015-03-19 12:00,0.457,0.216,0.306,11.541,0
2015-03-19 13:00,0.287,0.060,0.267,11.532,0
2015-03-19 14:00,0.088,0.012,0.102,11.394,0
2015-03-19 15:00,0.074,0.031,0.069,11.046,0
2015-03-19 16:00,0.058,0.025,0.057,10.176,0
2015-03-19 17:00,0,0,0,9.815,0
2015-03-19 18:00,0,0,0,9.695,0
2015-03-19 19:00,0,0,0,9.556,0
2015-03-19 20:00,0,0,0,9.265,0
2015-03-19 21:00,0,0,0,8.717,0
2015-03-19 22:00,0,0,0,8.115,0
2015-03-19 23:00,0,0,0,7.506,0
2015-03-20 00:00,0,0,0,6.954,0
2015-03-20 01:00,0,0,0,6.425,0
2015-03-20 02:00,0,0,0,5.927,0
2015-03-20 03:00,0,0,0,5.433,0
2015-03-20 04:00,0,0,0,4.995,0
2015-03-20 05:00,0.026,0.024,0.022,5.861,0
2015-03-20 06:00,0.240,0.222,0.048,7.385,0
2015-03-20 07:00,0.469,0.459,0.069,8.242,0
2015-03-20 08:00,0.648,0.668,0.087,9.220,0
2015-03-20 09:00,0.791,0.884,0.075,10.141,0
2015-03-20 10:00,0.849,0.963,0.089,10.898,0
2015-03-20 11:00,0.820,0.864,0.147,11.379,0
2015-03-20 12:00,0.763,0.762,0.163,11.588,0
2015-03-20 13:00,0.646,0.587,0.174,11.563,0
2015-03-20 14:00,0.466,0.359,0.172,11.316,0
2015-03-20 15:00,0.256,0.157,0.134,10.686,0
2015-03-20 16:00,0.059,0.024,0.059,9.199,0
2015-03-20 17:00,0,0,0,8.314,0
2015-03-20 18:00,0,0,0,7.729,0
2015-03-20 19:00,0,0,0,7.101,0
2015-03-20 20:00,0,0,0,6.625,0
2015-03-20 21:00,0,0,0,6.383,0
2015-03-20 22:00,0,0,0,6.354,0
2015-03-20 23:00,0,0,0,6.435,0
2015-03-21 00:00,0,0,0,6.530,0
2015-03-21 01:00,0,0,0,6.440,0
2015-03-21 02:00,0,0,0,6.357,0
2015-03-21 03:00,0,0,0,6.144,0
2015-03-21 04:00,0,0,0,6.008,0
2015-03-21 05:00,0.028,0.026,0.023,6.732,0
2015-03-21 06:00,0.243,0.224,0.050,8.412,0
2015-03-21 07:00,0.468,0.459,0.071,9.576,0
2015-03-21 08:00,0.641,0.656,0.094,10.505,0
2015-03-21 09:00,0.746,0.774,0.126,11.337,0
2015-03-21 10:00,0.797,0.828,0.153,12.049,0
2015-03-21 11:00,0.804,0.830,0.163,12.555,0
2015-03-21 12:00,0.758,0.761,0.165,12.862,0
2015-03-21 13:00,0.656,0.620,0.162,12.961,0
2015-03-21 14:00,0.494,0.417,0.152,12.808,0
2015-03-21 15:00,0.274,0.182,0.131,12.109,0
2015-03-21 16:00,0.060,0.024,0.061,10.506,0
2015-03-21 17:00,0,0,0,9.844,0
2015-03-21 18:00,0,0,0,9.681,0
2015-03-21 19:00,0,0,0,9.268,0
2015-03-21 20:00,0,0,0,8.708,0
2015-03-21 21:00,0,0,0,8.316,0
2015-03-21 22:00,0,0,0,8.043,0
2015-03-21 23:00,0,0,0,7.817,0
2015-03-22 00:00,0,0,0,7.714,0
2015-03-22 01:00,0,0,0,7.734,0
2015-03-22 02:00,0,0,0,7.815,0
2015-03-22 03:00,0,0,0,7.998,0
2015-03-22 04:00,0,0,0,8.106,0
2015-03-22 05:00,0.010,0.005,0.023,8.789,0
2015-03-22 06:00,0.082,0.040,0.067,9.421,0
2015-03-22 07:00,0.052,0.001,0.074,8.689,0
2015-03-22 08:00,0.139,0.008,0.158,9.026,0
2015-03-22 09:00,0.163,0.008,0.184,10.186,0
2015-03-22 10:00,0.064,0,0.089,11.196,0
2015-03-22 11:00,0.048,0,0.072,11.559,0
2015-03-22 12:00,0.042,0,0.066,11.570,0
2015-03-22 13:00,0.036,0,0.059,12.090,0
2015-03-22 14:00,0.029,0,0.051,12.508,0
2015-03-22 15:00,0.018,0,0.038,12.381,0
2015-03-22 16:00,0.007,0,0.024,11.478,0
2015-03-22 17:00,0,0,0,11.176,0
2015-03-22 18:00,0,0,0,11.090,0
2015-03-22 19:00,0,0,0,10.892,0
2015-03-22 20:00,0,0,0,10.692,0
2015-03-22 21:00,0,0,0,10.481,0
2015-03-22 22:00,0,0,0,10.237,0
2015-03-22 23:00,0,0,0,10.218,0
2015-03-23 00:00,0,0,0,10.522,0
2015-03-23 01:00,0,0,0,10.827,0
2015-03-23 02:00,0,0,0,10.916,0
2015-03-23 03:00,0,0,0,10.896,0
2015-03-23 04:00,0,0,0,10.905,0
2015-03-23 05:00,0.008,0.002,0.024,11.120,0
2015-03-23 06:00,0.044,0.002,0.066,11.675,0
2015-03-23 07:00,0.081,0.003,0.105,12.441,0
2015-03-23 08:00,0.272,0.066,0.247,13.084,0
2015-03-23 09:00,0.373,0.111,0.317,13.806,0
2015-03-23 10:00,0.489,0.229,0.340,14.656,0
2015-03-23 11:00,0.210,0.075,0.172,15.207,0
2015-03-23 12:00,0.059,0,0.085,15.280,0
2015-03-23 13:00,0.070,0,0.096,15.111,0
2015-03-23 14:00,0.034,0.003,0.054,14.837,0
2015-03-23 15:00,0.175,0.105,0.103,14.310,0
2015-03-23 16:00,0.062,0.024,0.064,13.458,0
2015-03-23 17:00,0,0,0,12.954,0
2015-03-23 18:00,0,0,0,12.666,0
2015-03-23 19:00,0,0,0,12.401,0
2015-03-23 20:00,0,0,0,12.219,0
2015-03-23 21:00,0,0,0,12.096,0
2015-03-23 22:00,0,0,0,11.957,0
2015-03-23 23:00,0,0,0,11.863,0
2015-03-24 00:00,0,0,0,11.770,0
2015-03-24 01:00,0,0,0,11.713,0
2015-03-24 02:00,0,0,0,11.587,0
2015-03-24 03:00,0,0,0,11.528,0
2015-03-24 04:00,0,0,0,11.560,0
2015-03-24 05:00,0.007,0.002,0.023,12.184,0
2015-03-24 06:00,0.089,0.022,0.095,13.071,0
2015-03-24 07:00,0.141,0.012,0.160,13.725,0
2015-03-24 08:00,0.284,0.065,0.263,14.628,0
2015-03-24 09:00,0.169,0.014,0.190,15.471,0
2015-03-24 10:00,0.063,0,0.090,16.080,0
2015-03-24 11:00,0.579,0.494,0.197,16.445,0
2015-03-24 12:00,0.595,0.418,0.293,16.354,0
2015-03-24 13:00,0.423,0.200,0.292,16.158,0
2015-03-24 14:00,0.256,0.074,0.224,15.955,0
2015-03-24 15:00,0.168,0.054,0.148,15.590,0
2015-03-24 16:00,0.042,0.010,0.056,14.472,0
2015-03-24 17:00,0,0,0,13.919,0
2015-03-24 18:00,0,0,0,13.583,0
2015-03-24 19:00,0,0,0,13.303,0
2015-03-24 20:00,0,0,0,13.160,0
2015-03-24 21:00,0,0,0,13.038,0
2015-03-24 22:00,0,0,0,12.895,0
2015-03-24 23:00,0,0,0,12.619,0
2015-03-25 00:00,0,0,0,12.227,0
2015-03-25 01:00,0,0,0,11.974,0
2015-03-25 02:00,0,0,0,11.831,0
2015-03-25 03:00,0,0,0,11.658,0
2015-03-25 04:00,0,0,0,11.416,0
2015-03-25 05:00,0,0,0.008,11.150,0
2015-03-25 06:00,0.010,0,0.029,11.048,0
2015-03-25 07:00,0.020,0,0.040,11.196,0
2015-03-25 08:00,0.041,0,0.065,11.671,0
2015-03-25 09:00,0.093,0,0.120,12.301,0
2015-03-25 10:00,0.077,0,0.103,12.835,0
2015-03-25 11:00,0.083,0,0.111,13.330,0
2015-03-25 12:00,0.129,0.001,0.159,13.959,0
2015-03-25 13:00,0.158,0.010,0.180,14.255,0
2015-03-25 14:00,0.244,0.070,0.214,14.443,0
2015-03-25 15:00,0.051,0.003,0.072,14.473,0
2015-03-25 16:00,0.007,0,0.025,14.244,0
2015-03-25 17:00,0,0,0,13.938,0
2015-03-25 18:00,0,0,0,13.747,0
2015-03-25 19:00,0,0,0,13.609,0
2015-03-25 20:00,0,0,0,13.519,0
2015-03-25 21:00,0,0,0,13.433,0
2015-03-25 22:00,0,0,0,13.421,0
2015-03-25 23:00,0,0,0,13.430,0
2015-03-26 00:00,0,0,0,13.431,0
2015-03-26 01:00,0,0,0,13.384,0
2015-03-26 02:00,0,0,0,13.384,0
2015-03-26 03:00,0,0,0,13.369,0
2015-03-26 04:00,0,0,0,13.112,0
2015-03-26 05:00,0.036,0.026,0.032,13.674,0
2015-03-26 06:00,0.222,0.177,0.082,14.525,0
2015-03-26 07:00,0.441,0.406,0.107,15.428,0
2015-03-26 08:00,0.585,0.548,0.151,16.593,0
2015-03-26 09:00,0.667,0.617,0.201,17.732,0
2015-03-26 10:00,0.596,0.414,0.309,18.802,0
2015-03-26 11:00,0.373,0.092,0.347,19.222,0
2015-03-26 12:00,0.291,0.039,0.304,18.719,0
2015-03-26 13:00,0.076,0.002,0.103,18.215,0
2015-03-26 14:00,0.155,0.022,0.168,17.854,0
2015-03-26 15:00,0.070,0.005,0.093,16.983,0
2015-03-26 16:00,0,0,0.016,15.595,0
2015-03-26 17:00,0,0,0,14.878,0
2015-03-26 18:00,0,0,0,14.503,0
2015-03-26 19:00,0,0,0,14.045,0
2015-03-26 20:00,0,0,0,13.570,0
2015-03-26 21:00,0,0,0,13.243,0
2015-03-26 22:00,0,0,0,12.883,0
2015-03-26 23:00,0,0,0,12.162,0
2015-03-27 00:00,0,0,0,11.421,0
2015-03-27 01:00,0,0,0,10.977,0
2015-03-27 02:00,0,0,0,10.834,0
2015-03-27 03:00,0,0,0,10.813,0
2015-03-27 04:00,0,0,0,10.865,0
2015-03-27 05:00,0.029,0.016,0.035,11.294,0
2015-03-27 06:00,0.114,0.039,0.103,11.981,0
2015-03-27 07:00,0.291,0.139,0.194,12.761,0
2015-03-27 08:00,0.296,0.101,0.238,13.530,0
2015-03-27 09:00,0.192,0.008,0.218,14.130,0
2015-03-27 10:00,0.089,0,0.117,14.308,0
2015-03-27 11:00,0.107,0,0.136,14.266,0
2015-03-27 12:00,0.078,0,0.105,14.154,0
2015-03-27 13:00,0.082,0,0.110,14.032,0
2015-03-27 14:00,0.061,0,0.087,13.765,0
2015-03-27 15:00,0.060,0.001,0.085,13.481,0
2015-03-27 16:00,0,0,0.013,13.056,0
2015-03-27 17:00,0,0,0,12.738,0
2015-03-27 18:00,0,0,0,12.592,0
2015-03-27 19:00,0,0,0,12.385,0
2015-03-27 20:00,0,0,0,12.095,0
2015-03-27 21:00,0,0,0,11.812,0
2015-03-27 22:00,0,0,0,11.607,0
2015-03-27 23:00,0,0,0,11.494,0
2015-03-28 00:00,0,0,0,11.469,0
2015-03-28 01:00,0,0,0,11.417,0
2015-03-28 02:00,0,0,0,11.315,0
2015-03-28 03:00,0,0,0,11.141,0
2015-03-28 04:00,0,0,0,10.984,0
2015-03-28 05:00,0.016,0.005,0.032,11.156,0
2015-03-28 06:00,0.110,0.029,0.108,11.584,0
2015-03-28 07:00,0.304,0.157,0.189,12.146,0
2015-03-28 08:00,0.290,0.063,0.269,12.902,0
2015-03-28 09:00,0.274,0.041,0.275,13.681,0
2015-03-28 10:00,0.187,0.001,0.220,14.508,0
2015-03-28 11:00,0.363,0.081,0.338,15.116,0
2015-03-28 12:00,0.344,0.063,0.335,15.404,0
2015-03-28 13:00,0.354,0.100,0.309,15.392,0
2015-03-28 14:00,0.235,0.049,0.226,15.098,0
2015-03-28 15:00,0.219,0.136,0.120,14.380,0
2015-03-28 16:00,0.075,0.026,0.075,13.064,0
2015-03-28 17:00,0,0,0,11.973,0
2015-03-28 18:00,0,0,0,11.405,0
2015-03-28 19:00,0,0,0,10.916,0
2015-03-28 20:00,0,0,0,10.473,0
2015-03-28 21:00,0,0,0,10.166,0
2015-03-28 22:00,0,0,0,9.980,0
2015-03-28 23:00,0,0,0,9.884,0
2015-03-29 00:00,0,0,0,9.852,0
2015-03-29 01:00,0,0,0,9.805,0
2015-03-29 02:00,0,0,0,9.753,0
2015-03-29 03:00,0,0,0,9.614,0
2015-03-29 04:00,0,0,0,9.488,0
2015-03-29 05:00,0.059,0.060,0.024,10.625,0
2015-03-29 06:00,0.282,0.280,0.041,12.018,0
2015-03-29 07:00,0.500,0.519,0.058,12.990,0
2015-03-29 08:00,0.666,0.723,0.077,13.920,0
2015-03-29 09:00,0.768,0.848,0.104,14.628,0
2015-03-29 10:00,0.823,0.915,0.123,14.954,0
2015-03-29 11:00,0.831,0.924,0.128,14.973,0
2015-03-29 12:00,0.794,0.870,0.121,14.676,0
2015-03-29 13:00,0.684,0.689,0.137,14.096,0
2015-03-29 14:00,0.514,0.454,0.143,13.336,0
2015-03-29 15:00,0.295,0.204,0.132,12.518,0
2015-03-29 16:00,0.076,0.027,0.075,11.321,0
2015-03-29 17:00,0,-0,0.001,10.228,0
2015-03-29 18:00,0,0,0,9.999,0
2015-03-29 19:00,0,0,0,9.972,0
2015-03-29 20:00,0,0,0,9.955,0
2015-03-29 21:00,0,0,0,9.787,0
2015-03-29 22:00,0,0,0,9.557,0
2015-03-29 23:00,0,0,0,9.568,0
2015-03-30 00:00,0,0,0,9.726,0
2015-03-30 01:00,0,0,0,9.812,0
2015-03-30 02:00,0,0,0,9.824,0
2015-03-30 03:00,0,0,0,9.712,0
2015-03-30 04:00,0,0,0,9.462,0
2015-03-30 05:00,0.058,0.053,0.029,10.137,0
2015-03-30 06:00,0.283,0.275,0.047,11.495,0
2015-03-30 07:00,0.433,0.377,0.118,12.635,0
2015-03-30 08:00,0.412,0.206,0.266,13.239,0
2015-03-30 09:00,0.297,0.034,0.307,13.499,0
2015-03-30 10:00,0.424,0.118,0.370,13.620,0
2015-03-30 11:00,0.225,0.021,0.241,13.567,0
2015-03-30 12:00,0.176,0.001,0.208,13.382,0
2015-03-30 13:00,0.177,0.040,0.170,13.040,0
2015-03-30 14:00,0.115,0.029,0.115,12.678,0
2015-03-30 15:00,0.046,0,0.069,12.251,0
2015-03-30 16:00,0.005,0,0.022,11.653,0
2015-03-30 17:00,0,-0,0.001,11.239,0
2015-03-30 18:00,0,0,0,11.073,0
2015-03-30 19:00,0,0,0,10.972,0
2015-03-30 20:00,0,0,0,10.804,0
2015-03-30 21:00,0,0,0,10.601,0
2015-03-30 22:00,0,0,0,10.712,0
2015-03-30 23:00,0,0,0,11.052,0
2015-03-31 00:00,0,0,0,11.333,0
2015-03-31 01:00,0,0,0,11.577,0
2015-03-31 02:00,0,0,0,11.942,0
2015-03-31 03:00,0,0,0,11.905,0
2015-03-31 04:00,0,0,0,11.600,0
2015-03-31 05:00,0.033,0.021,0.035,12.263,0
2015-03-31 06:00,0.252,0.222,0.069,13.809,0
2015-03-31 07:00,0.497,0.518,0.063,15.150,0
2015-03-31 08:00,0.657,0.713,0.085,16.149,0
2015-03-31 09:00,0.757,0.834,0.113,16.794,0
2015-03-31 10:00,0.810,0.900,0.132,17.155,0
2015-03-31 11:00,0.817,0.904,0.139,17.211,0
2015-03-31 12:00,0.782,0.858,0.128,17.036,0
2015-03-31 13:00,0.672,0.677,0.143,16.700,0
2015-03-31 14:00,0.510,0.458,0.142,16.249,0
2015-03-31 15:00,0.292,0.206,0.133,15.739,0
2015-03-31 16:00,0.074,0.025,0.076,14.610,0
2015-03-31 17:00,0,-0,0.001,13.488,0
2015-03-31 18:00,0,0,0,13.042,0
2015-03-31 19:00,0,0,0,12.693,0
2015-03-31 20:00,0,0,0,12.374,0
2015-03-31 21:00,0,0,0,12.145,0
2015-03-31 22:00,0,0,0,12.012,0
2015-03-31 23:00,0,0,0,11.876,0
2015-04-01 00:00,0,0,0,11.706,0
2015-04-01 01:00,0,0,0,11.531,0
2015-04-01 02:00,0,0,0,11.443,0
2015-04-01 03:00,0,0,0,11.439,0
2015-04-01 04:00,0,0,0,11.434,0
2015-04-01 05:00,0.056,0.045,0.037,12.761,0
2015-04-01 06:00,0.266,0.234,0.072,13.687,0
2015-04-01 07:00,0.473,0.448,0.101,14.530,0
2015-04-01 08:00,0.634,0.633,0.128,15.290,0
2015-04-01 09:00,0.702,0.671,0.189,15.983,0
2015-04-01 10:00,0.680,0.543,0.287,16.344,0
2015-04-01 11:00,0.771,0.754,0.212,16.413,0
2015-04-01 12:00,0.627,0.462,0.294,16.302,0
2015-04-01 13:00,0.577,0.456,0.231,15.975,0
2015-04-01 14:00,0.433,0.294,0.209,15.383,0
2015-04-01 15:00,0.257,0.151,0.147,14.822,0
2015-04-01 16:00,0.079,0.024,0.082,13.860,0
2015-04-01 17:00,0,0,0.006,12.655,0
2015-04-01 18:00,0,0,0,12.516,0
2015-04-01 19:00,0,0,0,12.432,0
2015-04-01 20:00,0,0,0,12.387,0
2015-04-01 21:00,0,0,0,12.230,0
2015-04-01 22:00,0,0,0,12.099,0
2015-04-01 23:00,0,0,0,11.701,0
2015-04-02 00:00,0,0,0,11.031,0
2015-04-02 01:00,0,0,0,10.412,0
2015-04-02 02:00,0,0,0,9.725,0
2015-04-02 03:00,0,0,0,9.139,0
2015-04-02 04:00,0,0,0,8.777,0
2015-04-02 05:00,0.061,0.050,0.035,10.178,0
2015-04-02 06:00,0.274,0.244,0.069,11.604,0
2015-04-02 07:00,0.481,0.457,0.099,13.157,0
2015-04-02 08:00,0.643,0.648,0.122,14.298,0
2015-04-02 09:00,0.750,0.781,0.144,14.834,0
2015-04-02 10:00,0.801,0.838,0.166,14.915,0
2015-04-02 11:00,0.794,0.802,0.191,14.860,0
2015-04-02 12:00,0.733,0.688,0.210,14.659,0
2015-04-02 13:00,0.635,0.559,0.199,14.311,0
2015-04-02 14:00,0.479,0.372,0.183,13.789,0
2015-04-02 15:00,0.285,0.183,0.144,13.136,0
2015-04-02 16:00,0.081,0.024,0.083,12.178,0
2015-04-02 17:00,0,0,0.006,11.811,0
2015-04-02 18:00,0,0,0,11.676,0
2015-04-02 19:00,0,0,0,11.376,0
2015-04-02 20:00,0,0,0,11.119,0
2015-04-02 21:00,0,0,0,11.193,0
2015-04-02 22:00,0,0,0,11.163,0
2015-04-02 23:00,0,0,0,11.094,0
2015-04-03 00:00,0,0,0,11.092,0
2015-04-03 01:00,0,0,0,11.204,0
2015-04-03 02:00,0,0,0,11.130,0
2015-04-03 03:00,0,0,0,11.055,0
2015-04-03 04:00,0,0,0,11.186,0
2015-04-03 05:00,0.048,0.032,0.041,12.078,0
2015-04-03 06:00,0.210,0.126,0.119,13.244,0
2015-04-03 07:00,0.367,0.251,0.170,13.951,0
2015-04-03 08:00,0.287,0.099,0.232,14.670,0
2015-04-03 09:00,0.227,0.023,0.243,14.780,0
2015-04-03 10:00,0.482,0.274,0.286,14.550,0
2015-04-03 11:00,0.254,0.035,0.259,14.426,0
2015-04-03 12:00,0.385,0.127,0.316,14.230,0
2015-04-03 13:00,0.601,0.489,0.222,13.901,0
2015-04-03 14:00,0.483,0.377,0.181,13.455,0
2015-04-03 15:00,0.286,0.183,0.145,12.827,0
2015-04-03 16:00,0.083,0.024,0.085,11.560,0
2015-04-03 17:00,0,0,0.007,10.361,0
2015-04-03 18:00,0,0,0,10.120,0
2015-04-03 19:00,0,0,0,9.878,0
2015-04-03 20:00,0,0,0,9.517,0
2015-04-03 21:00,0,0,0,9.032,0
2015-04-03 22:00,0,0,0,8.586,0
2015-04-03 23:00,0,0,0,8.281,0
2015-04-04 00:00,0,0,0,7.922,0
2015-04-04 01:00,0,0,0,7.495,0
2015-04-04 02:00,0,0,0,7.117,0
2015-04-04 03:00,0,0,0,6.752,0
2015-04-04 04:00,0,0,0.002,6.562,0
2015-04-04 05:00,0.071,0.056,0.039,7.836,0
2015-04-04 06:00,0.283,0.246,0.073,9.311,0
2015-04-04 07:00,0.490,0.454,0.105,10.716,0
2015-04-04 08:00,0.573,0.468,0.199,11.907,0
2015-04-04 09:00,0.507,0.237,0.347,12.161,0
2015-04-04 10:00,0.593,0.328,0.365,12.279,0
2015-04-04 11:00,0.598,0.331,0.370,12.416,0
2015-04-04 12:00,0.445,0.138,0.371,12.519,0
2015-04-04 13:00,0.398,0.129,0.325,12.534,0
2015-04-04 14:00,0.210,0.027,0.218,12.420,0
2015-04-04 15:00,0.081,0.001,0.107,11.979,0
2015-04-04 16:00,0.027,0.001,0.048,11.276,0
2015-04-04 17:00,0,0,0.005,10.882,0
2015-04-04 18:00,0,0,0,10.722,0
2015-04-04 19:00,0,0,0,10.549,0
2015-04-04 20:00,0,0,0,10.386,0
2015-04-04 21:00,0,0,0,10.251,0
2015-04-04 22:00,0,0,0,10.177,0
2015-04-04 23:00,0,0,0,10.096,0
2015-04-05 00:00,0,0,0,10.040,0
2015-04-05 01:00,0,0,0,10.043,0
2015-04-05 02:00,0,0,0,10.110,0
2015-04-05 03:00,0,0,0,10.231,0
2015-04-05 04:00,0,0,0.002,10.469,0
2015-04-05 05:00,0.013,0.001,0.030,11.154,0
2015-04-05 06:00,0.030,0,0.052,11.737,0
2015-04-05 07:00,0.034,0,0.057,12.234,0
2015-04-05 08:00,0.036,0,0.059,12.791,0
2015-04-05 09:00,0.055,0,0.081,13.280,0
2015-04-05 10:00,0.046,0,0.070,13.944,0
2015-04-05 11:00,0.064,0.001,0.089,14.275,0
2015-04-05 12:00,0.148,0.009,0.170,14.368,0
2015-04-05 13:00,0.359,0.107,0.306,14.186,0
2015-04-05 14:00,0.296,0.087,0.253,13.989,0
2015-04-05 15:00,0.186,0.057,0.163,13.835,0
2015-04-05 16:00,0.080,0.023,0.084,13.525,0
2015-04-05 17:00,0,0,0.008,13.398,0
2015-04-05 18:00,0,0,0,13.506,0
2015-04-05 19:00,0,0,0,13.473,0
2015-04-05 20:00,0,0,0,12.881,0
2015-04-05 21:00,0,0,0,12.072,0
2015-04-05 22:00,0,0,0,11.621,0
2015-04-05 23:00,0,0,0,11.240,0
2015-04-06 00:00,0,0,0,10.991,0
2015-04-06 01:00,0,0,0,10.883,0
2015-04-06 02:00,0,0,0,10.687,0
2015-04-06 03:00,0,0,0,10.588,0
2015-04-06 04:00,0,0,0.003,10.535,0
2015-04-06 05:00,0.044,0.016,0.052,11.063,0
2015-04-06 06:00,0.227,0.139,0.121,11.504,0
2015-04-06 07:00,0.370,0.244,0.176,11.583,0
2015-04-06 08:00,0.165,0.034,0.161,11.635,0
2015-04-06 09:00,0.215,0.008,0.241,11.726,0
2015-04-06 10:00,0.326,0.060,0.311,11.985,0
2015-04-06 11:00,0.514,0.205,0.387,12.016,0
2015-04-06 12:00,0.268,0.029,0.277,11.905,0
2015-04-06 13:00,0.212,0.015,0.230,11.725,0
2015-04-06 14:00,0.188,0.024,0.196,11.490,0
2015-04-06 15:00,0.084,0.003,0.107,11.219,0
2015-04-06 16:00,0.039,0.002,0.060,10.787,0
2015-04-06 17:00,0,0,0.005,10.340,0
2015-04-06 18:00,0,0,0,9.925,0
2015-04-06 19:00,0,0,0,9.430,0
2015-04-06 20:00,0,0,0,8.926,0
2015-04-06 21:00,0,0,0,8.460,0
2015-04-06 22:00,0,0,0,8.220,0
2015-04-06 23:00,0,0,0,8.082,0
2015-04-07 00:00,0,0,0,7.998,0
2015-04-07 01:00,0,0,0,7.835,0
2015-04-07 02:00,0,0,0,7.532,0
2015-04-07 03:00,0,0,0,7.130,0
2015-04-07 04:00,0,-0,0.001,6.883,0
2015-04-07 05:00,0.061,0.031,0.054,7.503,0
2015-04-07 06:00,0.229,0.140,0.119,8.099,0
2015-04-07 07:00,0.245,0.069,0.208,8.566,0
2015-04-07 08:00,0.314,0.101,0.251,9.106,0
2015-04-07 09:00,0.619,0.448,0.269,9.592,0
2015-04-07 10:00,0.264,0.031,0.268,9.926,0
2015-04-07 11:00,0.515,0.245,0.343,10.087,0
2015-04-07 12:00,0.571,0.305,0.353,10.139,0
2015-04-07 13:00,0.307,0.090,0.256,10.260,0
2015-04-07 14:00,0.145,0.066,0.107,10.371,0
2015-04-07 15:00,0.222,0.084,0.171,10.361,0
2015-04-07 16:00,0.083,0.024,0.085,9.963,0
2015-04-07 17:00,0,0,0.008,9.587,0
2015-04-07 18:00,0,0,0,9.458,0
2015-04-07 19:00,0,0,0,9.268,0
2015-04-07 20:00,0,0,0,8.998,0
2015-04-07 21:00,0,0,0,8.680,0
2015-04-07 22:00,0,0,0,8.379,0
2015-04-07 23:00,0,0,0,8.138,0
2015-04-08 00:00,0,0,0,7.940,0
2015-04-08 01:00,0,0,0,7.764,0
2015-04-08 02:00,0,0,0,7.681,0
2015-04-08 03:00,0,0,0,7.607,0
2015-04-08 04:00,0,0,0.004,7.567,0
2015-04-08 05:00,0.082,0.061,0.046,8.707,0
2015-04-08 06:00,0.286,0.236,0.087,9.641,0
2015-04-08 07:00,0.465,0.384,0.144,10.331,0
2015-04-08 08:00,0.646,0.609,0.150,10.929,0
2015-04-08 09:00,0.712,0.641,0.211,11.308,0
2015-04-08 10:00,0.489,0.190,0.370,11.585,0
2015-04-08 11:00,0.449,0.136,0.376,11.846,0
2015-04-08 12:00,0.478,0.179,0.368,12.067,0
2015-04-08 13:00,0.363,0.093,0.320,12.169,0
2015-04-08 14:00,0.359,0.176,0.232,12.060,0
2015-04-08 15:00,0.253,0.120,0.169,11.704,0
2015-04-08 16:00,0.059,0.005,0.078,10.696,0
2015-04-08 17:00,0,0,0.006,9.578,0
2015-04-08 18:00,0,0,0,9.253,0
2015-04-08 19:00,0,0,0,8.881,0
2015-04-08 20:00,0,0,0,8.427,0
2015-04-08 21:00,0,0,0,7.987,0
2015-04-08 22:00,0,0,0,7.629,0
2015-04-08 23:00,0,0,0,7.341,0
2015-04-09 00:00,0,0,0,7.142,0
2015-04-09 01:00,0,0,0,6.998,0
2015-04-09 02:00,0,0,0,6.894,0
2015-04-09 03:00,0,0,0,6.936,0
2015-04-09 04:00,0,0,0.005,7.314,0
2015-04-09 05:00,0.084,0.063,0.046,9.368,0
2015-04-09 06:00,0.185,0.085,0.132,11.144,0
2015-04-09 07:00,0.420,0.302,0.176,12.214,0
2015-04-09 08:00,0.637,0.602,0.154,13.075,0
2015-04-09 09:00,0.747,0.749,0.166,13.679,0
2015-04-09 10:00,0.587,0.347,0.345,14.138,0
2015-04-09 11:00,0.674,0.520,0.292,14.513,0
2015-04-09 12:00,0.755,0.741,0.191,14.751,0
2015-04-09 13:00,0.650,0.594,0.188,14.840,0
2015-04-09 14:00,0.492,0.397,0.177,14.762,0
2015-04-09 15:00,0.294,0.192,0.146,14.442,0
2015-04-09 16:00,0.091,0.027,0.092,13.325,0
2015-04-09 17:00,0,0,0.010,12.005,0
2015-04-09 18:00,0,0,0,11.593,0
2015-04-09 19:00,0,0,0,11.232,0
2015-04-09 20:00,0,0,0,10.993,0
2015-04-09 21:00,0,0,0,10.869,0
2015-04-09 22:00,0,0,0,10.674,0
2015-04-09 23:00,0,0,0,10.334,0
2015-04-10 00:00,0,0,0,9.916,0
2015-04-10 01:00,0,0,0,9.452,0
2015-04-10 02:00,0,0,0,8.998,0
2015-04-10 03:00,0,0,0,8.645,0
2015-04-10 04:00,0,0,0.006,8.555,0
2015-04-10 05:00,0.087,0.065,0.049,9.994,0
2015-04-10 06:00,0.298,0.257,0.081,11.439,0
2015-04-10 07:00,0.497,0.467,0.109,13.317,0
2015-04-10 08:00,0.651,0.652,0.132,15.094,0
2015-04-10 09:00,0.754,0.787,0.151,16.063,0
2015-04-10 10:00,0.803,0.847,0.170,16.399,0
2015-04-10 11:00,0.800,0.825,0.186,16.426,0
2015-04-10 12:00,0.747,0.734,0.195,16.281,0
2015-04-10 13:00,0.645,0.589,0.191,15.938,0
2015-04-10 14:00,0.490,0.395,0.178,15.294,0
2015-04-10 15:00,0.294,0.192,0.147,14.475,0
2015-04-10 16:00,0.092,0.027,0.093,13.226,0
2015-04-10 17:00,0,0,0.010,12.044,0
2015-04-10 18:00,0,0,0,12.013,0
2015-04-10 19:00,0,0,0,12.099,0
2015-04-10 20:00,0,0,0,12.294,0
2015-04-10 21:00,0,0,0,12.156,0
2015-04-10 22:00,0,0,0,12.008,0
2015-04-10 23:00,0,0,0,11.736,0
2015-04-11 00:00,0,0,0,11.401,0
2015-04-11 01:00,0,0,0,11.192,0
2015-04-11 02:00,0,0,0,10.966,0
2015-04-11 03:00,0,0,0,10.686,0
2015-04-11 04:00,0,0,0.007,10.491,0
2015-04-11 05:00,0.090,0.068,0.049,11.411,0
2015-04-11 06:00,0.299,0.259,0.083,12.773,0
2015-04-11 07:00,0.498,0.469,0.110,13.865,0
2015-04-11 08:00,0.653,0.649,0.135,14.790,0
2015-04-11 09:00,0.757,0.787,0.152,15.409,0
2015-04-11 10:00,0.802,0.834,0.177,15.757,0
2015-04-11 11:00,0.800,0.817,0.190,15.895,0
2015-04-11 12:00,0.745,0.722,0.201,15.865,0
2015-04-11 13:00,0.641,0.575,0.197,15.683,0
2015-04-11 14:00,0.487,0.387,0.182,15.326,0
2015-04-11 15:00,0.290,0.182,0.152,14.766,0
2015-04-11 16:00,0.094,0.029,0.093,13.561,0
2015-04-11 17:00,0,0,0.011,12.366,0
2015-04-11 18:00,0,0,0,12.089,0
2015-04-11 19:00,0,0,0,11.984,0
2015-04-11 20:00,0,0,0,11.865,0
2015-04-11 21:00,0,0,0,11.741,0
2015-04-11 22:00,0,0,0,11.610,0
2015-04-11 23:00,0,0,0,11.487,0
2015-04-12 00:00,0,0,0,11.332,0
2015-04-12 01:00,0,0,0,11.094,0
2015-04-12 02:00,0,0,0,10.894,0
2015-04-12 03:00,0,0,0,10.701,0
2015-04-12 04:00,0,0,0.006,10.656,0
2015-04-12 05:00,0.021,0.003,0.039,11.348,0
2015-04-12 06:00,0.154,0.037,0.148,12.472,0
2015-04-12 07:00,0.427,0.304,0.186,13.641,0
2015-04-12 08:00,0.643,0.622,0.150,14.999,0
2015-04-12 09:00,0.753,0.776,0.158,15.833,0
2015-04-12 10:00,0.795,0.816,0.186,16.158,0
2015-04-12 11:00,0.797,0.812,0.194,16.201,0
2015-04-12 12:00,0.745,0.722,0.201,15.959,0
2015-04-12 13:00,0.632,0.548,0.210,15.496,0
2015-04-12 14:00,0.463,0.330,0.208,14.845,0
2015-04-12 15:00,0.278,0.158,0.163,14.097,0
2015-04-12 16:00,0.091,0.025,0.094,13.120,0
2015-04-12 17:00,0,0,0.011,11.919,0
2015-04-12 18:00,0,0,0,11.614,0
2015-04-12 19:00,0,0,0,11.451,0
2015-04-12 20:00,0,0,0,11.315,0
2015-04-12 21:00,0,0,0,11.288,0
2015-04-12 22:00,0,0,0,11.379,0
2015-04-12 23:00,0,0,0,11.524,0
2015-04-13 00:00,0,0,0,11.725,0
2015-04-13 01:00,0,0,0,11.938,0
2015-04-13 02:00,0,0,0,12.140,0
2015-04-13 03:00,0,0,0,12.283,0
2015-04-13 04:00,0,0,0.007,12.496,0
2015-04-13 05:00,0.079,0.042,0.064,13.330,0
2015-04-13 06:00,0.265,0.187,0.119,14.331,0
2015-04-13 07:00,0.344,0.176,0.221,15.348,0
2015-04-13 08:00,0.381,0.145,0.298,16.392,0
2015-04-13 09:00,0.523,0.275,0.345,17.247,0
2015-04-13 10:00,0.739,0.682,0.243,17.798,0
2015-04-13 11:00,0.793,0.820,0.190,17.970,0
2015-04-13 12:00,0.666,0.556,0.262,17.878,0
2015-04-13 13:00,0.550,0.399,0.258,17.661,0
2015-04-13 14:00,0.415,0.261,0.225,17.451,0
2015-04-13 15:00,0.184,0.051,0.170,17.061,0
2015-04-13 16:00,0.070,0.016,0.081,16.045,0
2015-04-13 17:00,0,0,0.012,14.921,0
2015-04-13 18:00,0,0,0,14.389,0
2015-04-13 19:00,0,0,0,14.004,0
2015-04-13 20:00,0,0,0,13.622,0
2015-04-13 21:00,0,0,0,13.341,0
2015-04-13 22:00,0,0,0,13.167,0
2015-04-13 23:00,0,0,0,13.087,0
2015-04-14 00:00,0,0,0,13.002,0
2015-04-14 01:00,0,0,0,12.928,0
2015-04-14 02:00,0,0,0,12.861,0
2015-04-14 03:00,0,0,0,12.715,0
2015-04-14 04:00,0,0,0.008,12.605,0
2015-04-14 05:00,0.078,0.036,0.069,13.565,0
2015-04-14 06:00,0.260,0.171,0.131,14.753,0
2015-04-14 07:00,0.457,0.375,0.160,16.084,0
2015-04-14 08:00,0.465,0.272,0.275,17.010,0
2015-04-14 09:00,0.656,0.574,0.227,17.446,0
2015-04-14 10:00,0.780,0.790,0.199,17.792,0
2015-04-14 11:00,0.750,0.694,0.248,17.918,0
2015-04-14 12:00,0.733,0.705,0.210,17.748,0
2015-04-14 13:00,0.624,0.540,0.216,17.373,0
2015-04-14 14:00,0.362,0.164,0.257,16.831,0
2015-04-14 15:00,0.174,0.036,0.173,16.117,0
2015-04-14 16:00,0.062,0.010,0.078,15.252,0
2015-04-14 17:00,0,0,0.012,14.181,0
2015-04-14 18:00,0,0,0,13.689,0
2015-04-14 19:00,0,0,0,13.507,0
2015-04-14 20:00,0,0,0,13.407,0
2015-04-14 21:00,0,0,0,13.372,0
2015-04-14 22:00,0,0,0,13.415,0
2015-04-14 23:00,0,0,0,13.430,0
2015-04-15 00:00,0,0,0,13.231,0
2015-04-15 01:00,0,0,0,13.029,0
2015-04-15 02:00,0,0,0,12.800,0
2015-04-15 03:00,0,0,0,12.541,0
2015-04-15 04:00,0,0,0.009,12.573,0
2015-04-15 05:00,0.073,0.027,0.073,13.740,0
2015-04-15 06:00,0.229,0.116,0.152,15.055,0
2015-04-15 07:00,0.362,0.191,0.230,16.451,0
2015-04-15 08:00,0.595,0.515,0.202,17.386,0
2015-04-15 09:00,0.716,0.689,0.202,18.063,0
2015-04-15 10:00,0.800,0.858,0.167,18.428,0
2015-04-15 11:00,0.803,0.857,0.172,18.514,0
2015-04-15 12:00,0.748,0.754,0.187,18.339,0
2015-04-15 13:00,0.644,0.599,0.188,17.919,0
2015-04-15 14:00,0.480,0.374,0.191,17.241,0
2015-04-15 15:00,0.288,0.177,0.158,16.265,0
2015-04-15 16:00,0.095,0.024,0.099,15.023,0
2015-04-15 17:00,0,0,0.012,13.561,0
2015-04-15 18:00,0,0,0,13.184,0
2015-04-15 19:00,0,0,0,13.125,0
2015-04-15 20:00,0,0,0,13.126,0
2015-04-15 21:00,0,0,0,13.176,0
2015-04-15 22:00,0,0,0,13.204,0
2015-04-15 23:00,0,0,0,13.167,0
2015-04-16 00:00,0,0,0,13.196,0
2015-04-16 01:00,0,0,0,13.320,0
2015-04-16 02:00,0,0,0,13.168,0
2015-04-16 03:00,0,0,0,12.801,0
2015-04-16 04:00,0,0,0.010,12.636,0
2015-04-16 05:00,0.109,0.094,0.044,13.840,0
2015-04-16 06:00,0.315,0.287,0.077,15.202,0
2015-04-16 07:00,0.507,0.492,0.106,16.352,0
2015-04-16 08:00,0.656,0.669,0.131,17.134,0
2015-04-16 09:00,0.757,0.805,0.147,17.628,0
2015-04-16 10:00,0.806,0.867,0.163,17.874,0
2015-04-16 11:00,0.801,0.843,0.180,17.914,0
2015-04-16 12:00,0.746,0.743,0.193,17.828,0
2015-04-16 13:00,0.644,0.597,0.189,17.628,0
2015-04-16 14:00,0.492,0.404,0.177,17.290,0
2015-04-16 15:00,0.298,0.197,0.150,16.715,0
2015-04-16 16:00,0.098,0.028,0.099,15.604,0
2015-04-16 17:00,0,0,0.013,14.110,0
2015-04-16 18:00,0,0,0,13.605,0
2015-04-16 19:00,0,0,0,13.295,0
2015-04-16 20:00,0,0,0,13.001,0
2015-04-16 21:00,0,0,0,12.731,0
2015-04-16 22:00,0,0,0,12.524,0
2015-04-16 23:00,0,0,0,12.271,0
2015-04-17 00:00,0,0,0,12.012,0
2015-04-17 01:00,0,0,0,11.820,0
2015-04-17 02:00,0,0,0,11.687,0
2015-04-17 03:00,0,0,0,11.542,0
2015-04-17 04:00,0,0,0.010,11.826,0
2015-04-17 05:00,0.107,0.081,0.055,13.729,0
2015-04-17 06:00,0.309,0.266,0.091,15.029,0
2015-04-17 07:00,0.499,0.465,0.122,16.397,0
2015-04-17 08:00,0.645,0.638,0.148,17.360,0
2015-04-17 09:00,0.750,0.781,0.160,17.808,0
2015-04-17 10:00,0.796,0.834,0.180,17.924,0
2015-04-17 11:00,0.742,0.670,0.260,17.954,0
2015-04-17 12:00,0.704,0.630,0.243,17.882,0
2015-04-17 13:00,0.643,0.594,0.191,17.658,0
2015-04-17 14:00,0.483,0.381,0.188,17.212,0
2015-04-17 15:00,0.296,0.193,0.151,16.626,0
2015-04-17 16:00,0.097,0.026,0.101,15.762,0
2015-04-17 17:00,0,0,0.012,14.663,0
2015-04-17 18:00,0,0,0,14.464,0
2015-04-17 19:00,0,0,0,14.420,0
2015-04-17 20:00,0,0,0,14.086,0
2015-04-17 21:00,0,0,0,13.758,0
2015-04-17 22:00,0,0,0,13.551,0
2015-04-17 23:00,0,0,0,13.499,0
2015-04-18 00:00,0,0,0,13.522,0
2015-04-18 01:00,0,0,0,13.517,0
2015-04-18 02:00,0,0,0,13.417,0
2015-04-18 03:00,0,0,0,13.110,0
2015-04-18 04:00,0,0,0.010,13.408,0
2015-04-18 05:00,0.078,0.028,0.077,14.696,0
2015-04-18 06:00,0.306,0.255,0.099,15.739,0
2015-04-18 07:00,0.503,0.474,0.119,16.609,0
2015-04-18 08:00,0.654,0.659,0.138,17.246,0
2015-04-18 09:00,0.753,0.790,0.156,17.697,0
2015-04-18 10:00,0.800,0.849,0.173,17.966,0
2015-04-18 11:00,0.796,0.826,0.189,18.066,0
2015-04-18 12:00,0.744,0.738,0.196,18.046,0
2015-04-18 13:00,0.643,0.593,0.192,17.904,0
2015-04-18 14:00,0.491,0.402,0.179,17.680,0
2015-04-18 15:00,0.299,0.201,0.148,17.249,0
2015-04-18 16:00,0.100,0.029,0.101,16.411,0
2015-04-18 17:00,0,0,0.014,15.144,0
2015-04-18 18:00,0,0,0,14.733,0
2015-04-18 19:00,0,0,0,14.391,0
2015-04-18 20:00,0,0,0,14.082,0
2015-04-18 21:00,0,0,0,13.962,0
2015-04-18 22:00,0,0,0,13.887,0
2015-04-18 23:00,0,0,0,13.855,0
2015-04-19 00:00,0,0,0,13.823,0
2015-04-19 01:00,0,0,0,13.808,0
2015-04-19 02:00,0,0,0,13.987,0
2015-04-19 03:00,0,0,0,13.884,0
2015-04-19 04:00,0,0,0.011,13.837,0
2015-04-19 05:00,0.043,0.014,0.054,14.401,0
2015-04-19 06:00,0.149,0.026,0.155,15.238,0
2015-04-19 07:00,0.314,0.109,0.256,16.209,0
2015-04-19 08:00,0.417,0.159,0.327,16.792,0
2015-04-19 09:00,0.463,0.157,0.386,16.927,0
2015-04-19 10:00,0.487,0.167,0.407,17.020,0
2015-04-19 11:00,0.706,0.590,0.282,17.076,0
2015-04-19 12:00,0.744,0.726,0.201,17.008,0
2015-04-19 13:00,0.589,0.451,0.255,16.847,0
2015-04-19 14:00,0.430,0.264,0.239,16.555,0
2015-04-19 15:00,0.292,0.181,0.157,15.869,0
2015-04-19 16:00,0.102,0.030,0.101,14.808,0
2015-04-19 17:00,0,0,0.015,13.487,0
2015-04-19 18:00,0,0,0,13.018,0
2015-04-19 19:00,0,0,0,12.760,0
2015-04-19 20:00,0,0,0,12.582,0
2015-04-19 21:00,0,0,0,12.385,0
2015-04-19 22:00,0,0,0,12.345,0
2015-04-19 23:00,0,0,0,12.267,0
2015-04-20 00:00,0,0,0,12.117,0
2015-04-20 01:00,0,0,0,11.877,0
2015-04-20 02:00,0,0,0,11.429,0
2015-04-20 03:00,0,0,0,10.940,0
2015-04-20 04:00,0,0,0.012,10.958,0
2015-04-20 05:00,0.118,0.093,0.053,12.469,0
2015-04-20 06:00,0.321,0.280,0.088,13.625,0
2015-04-20 07:00,0.513,0.484,0.116,14.615,0
2015-04-20 08:00,0.660,0.656,0.142,15.398,0
2015-04-20 09:00,0.761,0.789,0.158,15.839,0
2015-04-20 10:00,0.808,0.846,0.176,15.911,0
2015-04-20 11:00,0.807,0.830,0.188,15.737,0
2015-04-20 12:00,0.753,0.735,0.197,15.402,0
2015-04-20 13:00,0.654,0.597,0.190,14.941,0
2015-04-20 14:00,0.498,0.400,0.180,14.389,0
2015-04-20 15:00,0.304,0.197,0.151,13.845,0
2015-04-20 16:00,0.103,0.029,0.102,13.084,0
2015-04-20 17:00,0,0,0.015,11.683,0
2015-04-20 18:00,0,0,0,11.383,0
2015-04-20 19:00,0,0,0,11.360,0
2015-04-20 20:00,0,0,0,11.341,0
2015-04-20 21:00,0,0,0,11.285,0
2015-04-20 22:00,0,0,0,11.272,0
2015-04-20 23:00,0,0,0,11.298,0
2015-04-21 00:00,0,0,0,11.434,0
2015-04-21 01:00,0,0,0,11.499,0
2015-04-21 02:00,0,0,0,11.469,0
2015-04-21 03:00,0,0,0,11.421,0
2015-04-21 04:00,0,0,0.013,11.572,0
2015-04-21 05:00,0.118,0.091,0.056,12.858,0
2015-04-21 06:00,0.313,0.266,0.094,13.994,0
2015-04-21 07:00,0.451,0.332,0.192,15.050,0
2015-04-21 08:00,0.606,0.515,0.211,15.952,0
2015-04-21 09:00,0.708,0.644,0.229,16.470,0
2015-04-21 10:00,0.803,0.841,0.178,16.824,0
2015-04-21 11:00,0.804,0.837,0.185,16.996,0
2015-04-21 12:00,0.749,0.740,0.195,16.935,0
2015-04-21 13:00,0.649,0.599,0.189,16.637,0
2015-04-21 14:00,0.495,0.400,0.181,16.143,0
2015-04-21 15:00,0.299,0.192,0.155,15.587,0
2015-04-21 16:00,0.098,0.025,0.102,14.737,0
2015-04-21 17:00,0,0,0.015,13.239,0
2015-04-21 18:00,0,0,0,12.780,0
2015-04-21 19:00,0,0,0,12.812,0
2015-04-21 20:00,0,0,0,12.931,0
2015-04-21 21:00,0,0,0,13.015,0
2015-04-21 22:00,0,0,0,12.939,0
2015-04-21 23:00,0,0,0,12.529,0
2015-04-22 00:00,0,0,0,11.859,0
2015-04-22 01:00,0,0,0,11.337,0
2015-04-22 02:00,0,0,0,11.016,0
2015-04-22 03:00,0,0,0,10.824,0
2015-04-22 04:00,0,0,0.013,11.255,0
2015-04-22 05:00,0.125,0.103,0.051,13.212,0
2015-04-22 06:00,0.326,0.289,0.087,14.618,0
2015-04-22 07:00,0.513,0.485,0.118,15.999,0
2015-04-22 08:00,0.658,0.661,0.141,16.802,0
2015-04-22 09:00,0.759,0.795,0.157,17.203,0
2015-04-22 10:00,0.804,0.849,0.175,17.372,0
2015-04-22 11:00,0.800,0.829,0.189,17.428,0
2015-04-22 12:00,0.747,0.739,0.195,17.381,0
2015-04-22 13:00,0.646,0.595,0.191,17.243,0
2015-04-22 14:00,0.493,0.400,0.181,16.983,0
2015-04-22 15:00,0.300,0.195,0.155,16.582,0
2015-04-22 16:00,0.103,0.028,0.105,15.707,0
2015-04-22 17:00,0.001,0,0.017,14.376,0
2015-04-22 18:00,0,0,0,14.148,0
2015-04-22 19:00,0,0,0,14.136,0
2015-04-22 20:00,0,0,0,14.047,0
2015-04-22 21:00,0,0,0,13.692,0
2015-04-22 22:00,0,0,0,13.500,0
2015-04-22 23:00,0,0,0,13.198,0
2015-04-23 00:00,0,0,0,13.045,0
2015-04-23 01:00,0,0,0,12.940,0
2015-04-23 02:00,0,0,0,12.799,0
2015-04-23 03:00,0,0,0,12.615,0
2015-04-23 04:00,0.001,0,0.017,12.612,0
2015-04-23 05:00,0.126,0.103,0.053,14.242,0
2015-04-23 06:00,0.319,0.274,0.095,15.622,0
2015-04-23 07:00,0.424,0.283,0.212,16.775,0
2015-04-23 08:00,0.596,0.497,0.221,17.435,0
2015-04-23 09:00,0.680,0.584,0.254,17.892,0
2015-04-23 10:00,0.715,0.596,0.294,18.188,0
2015-04-23 11:00,0.592,0.379,0.336,18.245,0
2015-04-23 12:00,0.577,0.397,0.298,18.013,0
2015-04-23 13:00,0.291,0.040,0.301,17.643,0
2015-04-23 14:00,0.284,0.078,0.254,17.201,0
2015-04-23 15:00,0.219,0.075,0.184,16.782,0
2015-04-23 16:00,0.090,0.014,0.104,16.023,0
2015-04-23 17:00,0.002,0,0.018,14.631,0
2015-04-23 18:00,0,0,0,14.043,0
2015-04-23 19:00,0,0,0,13.638,0
2015-04-23 20:00,0,0,0,13.453,0
2015-04-23 21:00,0,0,0,13.605,0
2015-04-23 22:00,0,0,0,13.568,0
2015-04-23 23:00,0,0,0,13.460,0
2015-04-24 00:00,0,0,0,13.360,0
2015-04-24 01:00,0,0,0,13.193,0
2015-04-24 02:00,0,0,0,13.140,0
2015-04-24 03:00,0,0,0,13.250,0
2015-04-24 04:00,0,0,0.011,13.347,0
2015-04-24 05:00,0.028,0.002,0.048,14.019,0
2015-04-24 06:00,0.074,0,0.101,14.493,0
2015-04-24 07:00,0.123,0.004,0.149,14.875,0
2015-04-24 08:00,0.330,0.064,0.318,15.338,0
2015-04-24 09:00,0.604,0.410,0.312,15.874,0
2015-04-24 10:00,0.790,0.788,0.206,16.340,0
2015-04-24 11:00,0.787,0.777,0.215,16.500,0
2015-04-24 12:00,0.714,0.634,0.246,16.476,0
2015-04-24 13:00,0.486,0.280,0.291,16.453,0
2015-04-24 14:00,0.118,0.002,0.147,16.445,0
2015-04-24 15:00,0.106,0.005,0.131,16.257,0
2015-04-24 16:00,0.035,0,0.058,15.587,0
2015-04-24 17:00,0,0,0.009,14.463,0
2015-04-24 18:00,0,0,0,14.091,0
2015-04-24 19:00,0,0,0,13.854,0
2015-04-24 20:00,0,0,0,13.510,0
2015-04-24 21:00,0,0,0,13.379,0
2015-04-24 22:00,0,0,0,13.417,0
2015-04-24 23:00,0,0,0,13.463,0
2015-04-25 00:00,0,0,0,13.254,0
2015-04-25 01:00,0,0,0,13.150,0
2015-04-25 02:00,0,0,0,13.169,0
2015-04-25 03:00,0,0,0,12.910,0
2015-04-25 04:00,0,0,0.014,12.800,0
2015-04-25 05:00,0.038,0.004,0.057,13.373,0
2015-04-25 06:00,0.279,0.194,0.126,13.741,0
2015-04-25 07:00,0.512,0.465,0.133,14.454,0
2015-04-25 08:00,0.658,0.642,0.153,15.482,0
2015-04-25 09:00,0.747,0.749,0.181,16.525,0
2015-04-25 10:00,0.800,0.832,0.184,17.203,0
2015-04-25 11:00,0.799,0.826,0.190,17.457,0
2015-04-25 12:00,0.749,0.747,0.192,17.494,0
2015-04-25 13:00,0.648,0.603,0.187,17.390,0
2015-04-25 14:00,0.494,0.402,0.181,17.144,0
2015-04-25 15:00,0.303,0.198,0.154,16.703,0
2015-04-25 16:00,0.106,0.031,0.105,15.881,0
2015-04-25 17:00,0.003,0,0.019,14.529,0
2015-04-25 18:00,0,0,0,14.135,0
2015-04-25 19:00,0,0,0,13.966,0
2015-04-25 20:00,0,0,0,13.638,0
2015-04-25 21:00,0,0,0,13.415,0
2015-04-25 22:00,0,0,0,13.369,0
2015-04-25 23:00,0,0,0,13.367,0
2015-04-26 00:00,0,0,0,13.306,0
2015-04-26 01:00,0,0,0,13.150,0
2015-04-26 02:00,0,0,0,13.106,0
2015-04-26 03:00,0,0,0,13.067,0
2015-04-26 04:00,0.003,0,0.019,13.306,0
2015-04-26 05:00,0.123,0.081,0.073,14.594,0
2015-04-26 06:00,0.311,0.240,0.121,15.987,0
2015-04-26 07:00,0.465,0.365,0.182,17.190,0
2015-04-26 08:00,0.483,0.307,0.264,17.992,0
2015-04-26 09:00,0.609,0.473,0.267,18.325,0
2015-04-26 10:00,0.769,0.752,0.222,18.409,0
2015-04-26 11:00,0.796,0.830,0.189,18.544,0
2015-04-26 12:00,0.745,0.746,0.193,18.657,0
2015-04-26 13:00,0.644,0.601,0.188,18.612,0
2015-04-26 14:00,0.493,0.407,0.178,18.322,0
2015-04-26 15:00,0.292,0.172,0.170,17.860,0
2015-04-26 16:00,0.097,0.023,0.104,17.101,0
2015-04-26 17:00,0,0,0.010,16.175,0
2015-04-26 18:00,0,0,0,16.029,0
2015-04-26 19:00,0,0,0,15.579,0
2015-04-26 20:00,0,0,0,15.044,0
2015-04-26 21:00,0,0,0,14.578,0
2015-04-26 22:00,0,0,0,14.212,0
2015-04-26 23:00,0,0,0,13.849,0
2015-04-27 00:00,0,0,0,13.661,0
2015-04-27 01:00,0,0,0,13.474,0
2015-04-27 02:00,0,0,0,13.255,0
2015-04-27 03:00,0,0,0,13.161,0
2015-04-27 04:00,0,0,0.014,13.576,0
2015-04-27 05:00,0.086,0.033,0.081,14.742,0
2015-04-27 06:00,0.259,0.144,0.158,15.843,0
2015-04-27 07:00,0.183,0.041,0.178,17.143,0
2015-04-27 08:00,0.362,0.094,0.328,17.447,0
2015-04-27 09:00,0.380,0.116,0.327,17.187,0
2015-04-27 10:00,0.382,0.097,0.349,17.056,0
2015-04-27 11:00,0.252,0.008,0.288,17.182,0
2015-04-27 12:00,0.208,0.005,0.242,17.591,0
2015-04-27 13:00,0.389,0.141,0.314,17.888,0
2015-04-27 14:00,0.340,0.122,0.276,18.104,0
2015-04-27 15:00,0.246,0.092,0.198,17.961,0
2015-04-27 16:00,0.086,0.009,0.107,17.230,0
2015-04-27 17:00,0,0,0.012,16.201,0
2015-04-27 18:00,0,0,0,15.674,0
2015-04-27 19:00,0,0,0,15.285,0
2015-04-27 20:00,0,0,0,14.837,0
2015-04-27 21:00,0,0,0,14.538,0
2015-04-27 22:00,0,0,0,14.334,0
2015-04-27 23:00,0,0,0,14.280,0
2015-04-28 00:00,0,0,0,14.320,0
2015-04-28 01:00,0,0,0,14.237,0
2015-04-28 02:00,0,0,0,14.184,0
2015-04-28 03:00,0,0,0,14.001,0
2015-04-28 04:00,0.005,0,0.022,14.348,0
2015-04-28 05:00,0.120,0.065,0.085,15.611,0
2015-04-28 06:00,0.245,0.117,0.169,16.126,0
2015-04-28 07:00,0.367,0.165,0.261,16.575,0
2015-04-28 08:00,0.513,0.351,0.256,16.932,1
2015-04-28 09:00,0.653,0.562,0.234,17.365,1
2015-04-28 10:00,0.776,0.762,0.220,17.715,0
2015-04-28 11:00,0.781,0.774,0.217,17.978,0
2015-04-28 12:00,0.618,0.521,0.230,18.112,1
2015-04-28 13:00,0.438,0.282,0.234,18.041,1
2015-04-28 14:00,0.252,0.095,0.202,17.784,0
2015-04-28 15:00,0.047,0.001,0.071,17.321,0
2015-04-28 16:00,0.070,0.012,0.086,16.542,0
2015-04-28 17:00,0.002,0,0.019,15.735,0
2015-04-28 18:00,0,0,0,15.508,0
2015-04-28 19:00,0,0,0,15.386,0
2015-04-28 20:00,0,0,0,15.191,0
2015-04-28 21:00,0,0,0,14.951,0
2015-04-28 22:00,0,0,0,14.751,0
2015-04-28 23:00,0,0,0,14.472,0
2015-04-29 00:00,0,0,0,14.117,0
2015-04-29 01:00,0,0,0,13.865,0
2015-04-29 02:00,0,0,0,13.723,0
2015-04-29 03:00,0,0,0,13.605,0
2015-04-29 04:00,0.003,0,0.019,14.061,0
2015-04-29 05:00,0.108,0.048,0.090,15.194,0
2015-04-29 06:00,0.260,0.135,0.168,15.829,0
2015-04-29 07:00,0.439,0.308,0.205,16.585,0
2015-04-29 08:00,0.563,0.411,0.261,17.215,0
2015-04-29 09:00,0.708,0.641,0.235,17.514,0
2015-04-29 10:00,0.758,0.708,0.245,17.627,0
2015-04-29 11:00,0.808,0.858,0.173,17.674,0
2015-04-29 12:00,0.750,0.753,0.188,17.690,0
2015-04-29 13:00,0.578,0.419,0.275,17.562,0
2015-04-29 14:00,0.331,0.109,0.276,17.359,0
2015-04-29 15:00,0.259,0.113,0.190,16.992,0
2015-04-29 16:00,0.106,0.024,0.112,16.337,0
2015-04-29 17:00,0.006,0,0.024,14.940,0
2015-04-29 18:00,0,0,0,14.292,0
2015-04-29 19:00,0,0,0,14.011,0
2015-04-29 20:00,0,0,0,13.840,0
2015-04-29 21:00,0,0,0,13.759,0
2015-04-29 22:00,0,0,0,13.862,0
2015-04-29 23:00,0,0,0,13.922,0
2015-04-30 00:00,0,0,0,13.973,0
2015-04-30 01:00,0,0,0,13.972,0
2015-04-30 02:00,0,0,0,13.939,0
2015-04-30 03:00,0,0,0,13.803,0
2015-04-30 04:00,0.004,0,0.020,13.874,0
2015-04-30 05:00,0.143,0.127,0.048,14.767,0
2015-04-30 06:00,0.345,0.319,0.080,15.751,0
2015-04-30 07:00,0.523,0.501,0.117,16.523,0
2015-04-30 08:00,0.642,0.599,0.178,16.653,0
2015-04-30 09:00,0.698,0.604,0.253,16.535,0
2015-04-30 10:00,0.764,0.711,0.244,16.498,0
2015-04-30 11:00,0.751,0.669,0.266,16.515,0
2015-04-30 12:00,0.622,0.401,0.349,16.472,0
2015-04-30 13:00,0.454,0.211,0.321,16.442,0
2015-04-30 14:00,0.158,0.015,0.177,16.524,0
2015-04-30 15:00,0.171,0.029,0.178,16.517,0
2015-04-30 16:00,0.105,0.029,0.106,16.142,0
2015-04-30 17:00,0.006,0,0.024,15.409,0
2015-04-30 18:00,0,0,0,15.213,0
2015-04-30 19:00,0,0,0,15.185,0
2015-04-30 20:00,0,0,0,15.135,0
2015-04-30 21:00,0,0,0,15.015,0
2015-04-30 22:00,0,0,0,14.891,0
2015-04-30 23:00,0,0,0,14.772,0
2015-05-01 00:00,0,0,0,14.698,0
2015-05-01 01:00,0,0,0,14.601,0
2015-05-01 02:00,0,0,0,14.425,0
2015-05-01 03:00,0,0,0,14.061,0
2015-05-01 04:00,0.007,0,0.025,14.275,0
2015-05-01 05:00,0.136,0.099,0.069,15.473,0
2015-05-01 06:00,0.334,0.295,0.093,16.578,0
2015-05-01 07:00,0.505,0.469,0.130,17.656,0
2015-05-01 08:00,0.619,0.564,0.190,18.341,0
2015-05-01 09:00,0.701,0.643,0.229,18.652,0
2015-05-01 10:00,0.761,0.742,0.222,18.799,0
2015-05-01 11:00,0.766,0.756,0.217,18.900,0
2015-05-01 12:00,0.704,0.644,0.235,18.892,0
2015-05-01 13:00,0.501,0.295,0.302,18.734,0
2015-05-01 14:00,0.466,0.346,0.206,18.461,0
2015-05-01 15:00,0.293,0.184,0.160,18.130,0
2015-05-01 16:00,0.108,0.026,0.113,17.434,0
2015-05-01 17:00,0.011,0,0.030,16.092,0
2015-05-01 18:00,0,0,0,15.450,0
2015-05-01 19:00,0,0,0,15.025,0
2015-05-01 20:00,0,0,0,14.636,0
2015-05-01 21:00,0,0,0,14.280,0
2015-05-01 22:00,0,0,0,14.015,0
2015-05-01 23:00,0,0,0,13.827,0
2015-05-02 00:00,0,0,0,13.718,0
2015-05-02 01:00,0,0,0,13.643,0
2015-05-02 02:00,0,0,0,13.698,0
2015-05-02 03:00,0,0,0,13.773,0
2015-05-02 04:00,0.001,0,0.016,14.245,0
2015-05-02 05:00,0.069,0.016,0.080,15.526,0
2015-05-02 06:00,0.177,0.063,0.150,16.521,0
2015-05-02 07:00,0.143,0.002,0.174,17.271,0
2015-05-02 08:00,0.177,0.003,0.211,17.703,0
2015-05-02 09:00,0.095,0,0.126,17.468,0
2015-05-02 10:00,0.096,0,0.126,17.173,0
2015-05-02 11:00,0.128,0,0.161,17.576,0
2015-05-02 12:00,0.125,0,0.157,17.874,0
2015-05-02 13:00,0.145,0,0.179,17.982,0
2015-05-02 14:00,0.177,0.030,0.184,17.958,0
2015-05-02 15:00,0.228,0.066,0.204,17.673,0
2015-05-02 16:00,0.097,0.014,0.113,16.935,0
2015-05-02 17:00,0.010,0,0.029,15.572,0
2015-05-02 18:00,0,0,0,15.148,0
2015-05-02 19:00,0,0,0,14.884,0
2015-05-02 20:00,0,0,0,14.517,0
2015-05-02 21:00,0,0,0,14.387,0
2015-05-02 22:00,0,0,0,14.461,0
2015-05-02 23:00,0,0,0,14.574,0
2015-05-03 00:00,0,0,0,14.653,0
2015-05-03 01:00,0,0,0,14.769,0
2015-05-03 02:00,0,0,0,14.940,0
2015-05-03 03:00,0,0,0,15.109,0
2015-05-03 04:00,0.006,0,0.024,15.526,0
2015-05-03 05:00,0.113,0.045,0.099,16.921,0
2015-05-03 06:00,0.331,0.289,0.099,18.310,0
2015-05-03 07:00,0.498,0.456,0.140,19.817,0
2015-05-03 08:00,0.640,0.642,0.151,20.769,0
2015-05-03 09:00,0.717,0.717,0.192,20.964,0
2015-05-03 10:00,0.727,0.670,0.254,20.871,0
2015-05-03 11:00,0.771,0.797,0.195,20.681,0
2015-05-03 12:00,0.714,0.689,0.212,20.432,0
2015-05-03 13:00,0.611,0.535,0.215,20.196,0
2015-05-03 14:00,0.441,0.292,0.233,19.903,0
2015-05-03 15:00,0.240,0.081,0.205,19.541,0
2015-05-03 16:00,0.081,0.004,0.106,18.940,0
2015-05-03 17:00,0.006,0,0.023,17.892,0
2015-05-03 18:00,0,0,0,17.488,0
2015-05-03 19:00,0,0,0,17.429,0
2015-05-03 20:00,0,0,0,17.291,0
2015-05-03 21:00,0,0,0,17.158,0
2015-05-03 22:00,0,0,0,17.001,0
2015-05-03 23:00,0,0,0,16.865,0
2015-05-04 00:00,0,0,0,16.737,0
2015-05-04 01:00,0,0,0,16.702,0
2015-05-04 02:00,0,0,0,16.542,0
2015-05-04 03:00,0,0,0,16.391,0
2015-05-04 04:00,0.004,0,0.021,16.649,0
2015-05-04 05:00,0.145,0.129,0.050,18.072,0
2015-05-04 06:00,0.336,0.308,0.088,19.321,0
2015-05-04 07:00,0.512,0.506,0.112,20.677,0
2015-05-04 08:00,0.650,0.685,0.127,21.738,0
2015-05-04 09:00,0.740,0.808,0.144,22.251,0
2015-05-04 10:00,0.783,0.863,0.159,22.350,0
2015-05-04 11:00,0.764,0.793,0.197,22.222,0
2015-05-04 12:00,0.714,0.707,0.203,21.893,0
2015-05-04 13:00,0.614,0.553,0.206,21.535,0
2015-05-04 14:00,0.456,0.335,0.212,21.314,0
2015-05-04 15:00,0.296,0.195,0.158,21.201,0
2015-05-04 16:00,0.110,0.031,0.112,20.859,0
2015-05-04 17:00,0.013,0,0.034,20.176,0
2015-05-04 18:00,0,0,0,19.658,0
2015-05-04 19:00,0,0,0,19.278,0
2015-05-04 20:00,0,0,0,19.031,0
2015-05-04 21:00,0,0,0,18.960,0
2015-05-04 22:00,0,0,0,18.891,0
2015-05-04 23:00,0,0,0,18.690,0
2015-05-05 00:00,0,0,0,18.563,0
2015-05-05 01:00,0,0,0,18.482,0
2015-05-05 02:00,0,0,0,18.392,0
2015-05-05 03:00,0,0,0,18.118,0
2015-05-05 04:00,0.010,0,0.029,18.160,0
2015-05-05 05:00,0.141,0.112,0.064,19.533,0
2015-05-05 06:00,0.324,0.280,0.105,21.117,0
2015-05-05 07:00,0.502,0.486,0.124,22.525,0
2015-05-05 08:00,0.625,0.623,0.161,23.376,0
2015-05-05 09:00,0.684,0.645,0.229,23.745,0
2015-05-05 10:00,0.667,0.523,0.325,23.823,0
2015-05-05 11:00,0.689,0.579,0.302,23.708,0
2015-05-05 12:00,0.695,0.665,0.224,23.753,0
2015-05-05 13:00,0.575,0.462,0.252,23.801,0
2015-05-05 14:00,0.464,0.373,0.192,23.569,0
2015-05-05 15:00,0.292,0.189,0.162,22.990,0
2015-05-05 16:00,0.109,0.029,0.114,22.072,0
2015-05-05 17:00,0.015,0,0.036,20.434,0
2015-05-05 18:00,0,0,0,19.686,0
2015-05-05 19:00,0,0,0,19.391,0
2015-05-05 20:00,0,0,0,19.188,0
2015-05-05 21:00,0,0,0,19.191,0
2015-05-05 22:00,0,0,0,19.254,0
2015-05-05 23:00,0,0,0,19.383,0
2015-05-06 00:00,0,0,0,19.520,0
2015-05-06 01:00,0,0,0,19.633,0
2015-05-06 02:00,0,0,0,19.622,0
2015-05-06 03:00,0,0,0,19.334,0
2015-05-06 04:00,0.011,0,0.031,19.473,0
2015-05-06 05:00,0.129,0.068,0.096,21.041,0
2015-05-06 06:00,0.302,0.221,0.141,22.676,0
2015-05-06 07:00,0.472,0.409,0.168,24.193,0
2015-05-06 08:00,0.616,0.603,0.173,24.649,0
2015-05-06 09:00,0.710,0.735,0.184,24.601,0
2015-05-06 10:00,0.758,0.808,0.188,24.581,0
2015-05-06 11:00,0.750,0.774,0.208,24.658,0
2015-05-06 12:00,0.699,0.691,0.212,24.753,0
2015-05-06 13:00,0.607,0.564,0.200,24.717,0
2015-05-06 14:00,0.465,0.374,0.193,24.378,0
2015-05-06 15:00,0.290,0.188,0.162,23.799,0
2015-05-06 16:00,0.110,0.030,0.115,22.557,0
2015-05-06 17:00,0.016,0,0.037,20.745,0
2015-05-06 18:00,0,0,0,19.816,0
2015-05-06 19:00,0,0,0,19.441,0
2015-05-06 20:00,0,0,0,19.228,0
2015-05-06 21:00,0,0,0,19.216,0
2015-05-06 22:00,0,0,0,19.434,0
2015-05-06 23:00,0,0,0,19.591,0
2015-05-07 00:00,0,0,0,19.784,0
2015-05-07 01:00,0,0,0,20.057,0
2015-05-07 02:00,0,0,0,20.029,0
2015-05-07 03:00,0,0,0,19.815,0
2015-05-07 04:00,0,-0,0.012,20.104,0
2015-05-07 05:00,0.078,0.041,0.068,21.674,0
2015-05-07 06:00,0.186,0.060,0.168,21.881,0
2015-05-07 07:00,0.107,0.048,0.093,22.435,0
2015-05-07 08:00,0.044,0,0.071,23.278,0
2015-05-07 09:00,0.371,0.129,0.317,23.125,0
2015-05-07 10:00,0.377,0.057,0.395,22.708,0
2015-05-07 11:00,0.456,0.207,0.343,22.477,0
2015-05-07 12:00,0.704,0.680,0.216,22.337,0
2015-05-07 13:00,0.618,0.572,0.196,22.189,0
2015-05-07 14:00,0.474,0.384,0.188,21.835,0
2015-05-07 15:00,0.294,0.185,0.165,21.323,0
2015-05-07 16:00,0.112,0.028,0.118,20.613,0
2015-05-07 17:00,0.017,0,0.039,19.304,0
2015-05-07 18:00,0,0,0,18.400,0
2015-05-07 19:00,0,0,0,18.065,0
2015-05-07 20:00,0,0,0,17.892,0
2015-05-07 21:00,0,0,0,17.981,0
2015-05-07 22:00,0,0,0,18.108,0
2015-05-07 23:00,0,0,0,18.133,0
2015-05-08 00:00,0,0,0,18.102,0
2015-05-08 01:00,0,0,0,18.143,0
2015-05-08 02:00,0,0,0,18.213,0
2015-05-08 03:00,0,0,0,18.139,0
2015-05-08 04:00,0.013,0,0.033,18.738,0
2015-05-08 05:00,0.145,0.110,0.072,20.223,0
2015-05-08 06:00,0.336,0.307,0.092,21.440,0
2015-05-08 07:00,0.507,0.504,0.115,23.079,0
2015-05-08 08:00,0.642,0.682,0.131,24.073,0
2015-05-08 09:00,0.731,0.804,0.146,24.402,0
2015-05-08 10:00,0.775,0.868,0.154,24.289,0
2015-05-08 11:00,0.764,0.819,0.183,24.010,0
2015-05-08 12:00,0.714,0.726,0.193,23.660,0
2015-05-08 13:00,0.623,0.596,0.184,23.239,0
2015-05-08 14:00,0.479,0.405,0.176,22.702,0
2015-05-08 15:00,0.300,0.203,0.155,21.953,0
2015-05-08 16:00,0.114,0.031,0.116,20.811,0
2015-05-08 17:00,0.018,0,0.040,19.089,0
2015-05-08 18:00,0,0,0,18.080,0
2015-05-08 19:00,0,0,0,17.663,0
2015-05-08 20:00,0,0,0,17.388,0
2015-05-08 21:00,0,0,0,17.455,0
2015-05-08 22:00,0,0,0,17.305,0
2015-05-08 23:00,0,0,0,17.431,0
2015-05-09 00:00,0,0,0,17.784,0
2015-05-09 01:00,0,0,0,18.198,0
2015-05-09 02:00,0,0,0,18.215,0
2015-05-09 03:00,0,0,0,17.741,0
2015-05-09 04:00,0.012,0,0.031,17.743,0
2015-05-09 05:00,0.148,0.116,0.067,18.679,0
2015-05-09 06:00,0.339,0.310,0.091,19.843,0
2015-05-09 07:00,0.513,0.503,0.117,20.846,0
2015-05-09 08:00,0.648,0.674,0.135,21.521,0
2015-05-09 09:00,0.743,0.811,0.143,21.755,0
2015-05-09 10:00,0.785,0.869,0.154,21.873,0
2015-05-09 11:00,0.773,0.821,0.181,21.876,0
2015-05-09 12:00,0.721,0.727,0.192,21.725,0
2015-05-09 13:00,0.627,0.595,0.183,21.414,0
2015-05-09 14:00,0.481,0.400,0.179,20.925,0
2015-05-09 15:00,0.299,0.192,0.162,20.348,0
2015-05-09 16:00,0.112,0.019,0.126,19.561,0
2015-05-09 17:00,0.014,0,0.034,18.461,0
2015-05-09 18:00,0,0,0,17.812,0
2015-05-09 19:00,0,0,0,17.603,0
2015-05-09 20:00,0,0,0,17.457,0
2015-05-09 21:00,0,0,0,17.458,0
2015-05-09 22:00,0,0,0,17.419,0
2015-05-09 23:00,0,0,0,17.329,0
2015-05-10 00:00,0,0,0,17.180,0
2015-05-10 01:00,0,0,0,17.061,0
2015-05-10 02:00,0,0,0,16.976,0
2015-05-10 03:00,0,0,0,16.938,0
2015-05-10 04:00,0.013,0,0.033,17.593,0
2015-05-10 05:00,0.148,0.112,0.071,19.107,0
2015-05-10 06:00,0.337,0.304,0.095,20.413,0
2015-05-10 07:00,0.510,0.497,0.120,21.253,0
2015-05-10 08:00,0.643,0.661,0.143,21.884,0
2015-05-10 09:00,0.721,0.746,0.176,22.380,0
2015-05-10 10:00,0.677,0.539,0.319,22.749,0
2015-05-10 11:00,0.662,0.503,0.334,22.985,0
2015-05-10 12:00,0.611,0.438,0.324,23.017,0
2015-05-10 13:00,0.605,0.541,0.212,22.901,0
2015-05-10 14:00,0.451,0.329,0.216,22.634,0
2015-05-10 15:00,0.123,0.040,0.118,22.116,0
2015-05-10 16:00,0.083,0.006,0.108,21.367,0
2015-05-10 17:00,0.012,0,0.032,19.949,0
2015-05-10 18:00,0,0,0,19.246,0
2015-05-10 19:00,0,0,0,18.933,1
2015-05-10 20:00,0,0,0,18.539,1
2015-05-10 21:00,0,0,0,18.149,0
2015-05-10 22:00,0,0,0,17.861,0
2015-05-10 23:00,0,0,0,17.607,0
2015-05-11 00:00,0,0,0,17.363,0
2015-05-11 01:00,0,0,0,16.990,0
2015-05-11 02:00,0,0,0,16.601,0
2015-05-11 03:00,0,0,0,16.281,0
2015-05-11 04:00,0.013,0,0.033,17.119,0
2015-05-11 05:00,0.152,0.124,0.063,18.506,0
2015-05-11 06:00,0.345,0.321,0.085,19.357,0
2015-05-11 07:00,0.520,0.517,0.109,19.906,0
2015-05-11 08:00,0.658,0.692,0.125,20.184,0
2015-05-11 09:00,0.747,0.809,0.142,20.416,0
2015-05-11 10:00,0.781,0.836,0.172,20.639,0
2015-05-11 11:00,0.775,0.813,0.186,20.769,0
2015-05-11 12:00,0.719,0.709,0.202,20.774,0
2015-05-11 13:00,0.527,0.413,0.224,20.679,0
2015-05-11 14:00,0.204,0.055,0.192,20.425,0
2015-05-11 15:00,0.271,0.130,0.191,20.048,0
2015-05-11 16:00,0.114,0.030,0.117,19.334,0
2015-05-11 17:00,0.022,0,0.044,18.023,0
2015-05-11 18:00,0,0,0,17.037,0
2015-05-11 19:00,0,0,0,16.446,0
2015-05-11 20:00,0,0,0,15.846,0
2015-05-11 21:00,0,0,0,15.351,0
2015-05-11 22:00,0,0,0,14.998,0
2015-05-11 23:00,0,0,0,14.743,0
2015-05-12 00:00,0,0,0,14.581,0
2015-05-12 01:00,0,0,0,14.470,0
2015-05-12 02:00,0,0,0,14.404,0
2015-05-12 03:00,0,0,0,14.389,0
2015-05-12 04:00,0.013,0,0.033,15.316,0
2015-05-12 05:00,0.154,0.131,0.057,16.869,0
2015-05-12 06:00,0.348,0.323,0.085,18.164,0
2015-05-12 07:00,0.521,0.513,0.112,19.435,0
2015-05-12 08:00,0.656,0.689,0.126,20.330,0
2015-05-12 09:00,0.744,0.807,0.145,21.072,0
2015-05-12 10:00,0.785,0.865,0.156,21.583,0
2015-05-12 11:00,0.774,0.825,0.179,21.869,0
2015-05-12 12:00,0.721,0.733,0.188,21.940,0
2015-05-12 13:00,0.628,0.602,0.180,21.799,0
2015-05-12 14:00,0.484,0.407,0.177,21.463,0
2015-05-12 15:00,0.304,0.205,0.156,20.784,0
2015-05-12 16:00,0.117,0.033,0.117,19.788,0
2015-05-12 17:00,0.023,0,0.045,18.279,0
2015-05-12 18:00,0,0,0,17.340,0
2015-05-12 19:00,0,0,0,16.945,0
2015-05-12 20:00,0,0,0,16.647,0
2015-05-12 21:00,0,0,0,16.476,0
2015-05-12 22:00,0,0,0,16.430,0
2015-05-12 23:00,0,0,0,16.374,0
2015-05-13 00:00,0,0,0,16.352,0
2015-05-13 01:00,0,0,0,16.194,0
2015-05-13 02:00,0,0,0,16.055,0
2015-05-13 03:00,0,0,0,15.827,0
2015-05-13 04:00,0.018,0,0.038,16.421,0
2015-05-13 05:00,0.150,0.106,0.079,17.833,0
2015-05-13 06:00,0.321,0.245,0.132,19.007,0
2015-05-13 07:00,0.483,0.401,0.176,19.912,0
2015-05-13 08:00,0.592,0.492,0.233,20.648,0
2015-05-13 09:00,0.649,0.513,0.296,21.201,0
2015-05-13 10:00,0.748,0.738,0.222,21.477,0
2015-05-13 11:00,0.772,0.813,0.185,21.559,0
2015-05-13 12:00,0.720,0.725,0.192,21.497,0
2015-05-13 13:00,0.628,0.596,0.184,21.311,0
2015-05-13 14:00,0.480,0.393,0.184,21.018,0
2015-05-13 15:00,0.303,0.199,0.160,20.711,0
2015-05-13 16:00,0.119,0.028,0.124,20.228,0
2015-05-13 17:00,0.022,0,0.044,19.161,0
2015-05-13 18:00,0,0,0,18.740,0
2015-05-13 19:00,0,0,0,18.653,0
2015-05-13 20:00,0,0,0,18.448,0
2015-05-13 21:00,0,0,0,18.175,0
2015-05-13 22:00,0,0,0,17.861,0
2015-05-13 23:00,0,0,0,17.730,0
2015-05-14 00:00,0,0,0,17.484,0
2015-05-14 01:00,0,0,0,17.037,0
2015-05-14 02:00,0,0,0,16.733,0
2015-05-14 03:00,0,0,0,16.480,0
2015-05-14 04:00,0.014,0,0.034,16.972,0
2015-05-14 05:00,0.153,0.114,0.075,18.530,0
2015-05-14 06:00,0.335,0.284,0.111,19.559,0
2015-05-14 07:00,0.502,0.461,0.144,20.480,0
2015-05-14 08:00,0.646,0.661,0.143,21.040,0
2015-05-14 09:00,0.736,0.784,0.157,21.446,0
2015-05-14 10:00,0.781,0.853,0.162,21.710,0
2015-05-14 11:00,0.772,0.817,0.183,21.756,0
2015-05-14 12:00,0.716,0.712,0.199,21.574,0
2015-05-14 13:00,0.620,0.571,0.197,21.407,0
2015-05-14 14:00,0.483,0.402,0.178,21.143,0
2015-05-14 15:00,0.304,0.201,0.159,20.648,0
2015-05-14 16:00,0.120,0.033,0.121,19.840,0
2015-05-14 17:00,0.025,0,0.048,18.343,0
2015-05-14 18:00,0,0,0,17.404,0
2015-05-14 19:00,0,0,0,17.120,0
2015-05-14 20:00,0,0,0,16.935,0
2015-05-14 21:00,0,0,0,16.950,0
2015-05-14 22:00,0,0,0,16.953,0
2015-05-14 23:00,0,0,0,16.811,0
2015-05-15 00:00,0,0,0,16.660,0
2015-05-15 01:00,0,0,0,16.582,0
2015-05-15 02:00,0,0,0,16.564,0
2015-05-15 03:00,0,0,0,16.666,0
2015-05-15 04:00,0.019,0,0.040,17.636,0
2015-05-15 05:00,0.138,0.062,0.111,19.135,0
2015-05-15 06:00,0.312,0.217,0.152,20.389,0
2015-05-15 07:00,0.481,0.405,0.175,21.432,0
2015-05-15 08:00,0.621,0.590,0.183,22.098,0
2015-05-15 09:00,0.714,0.721,0.192,22.433,0
2015-05-15 10:00,0.757,0.777,0.204,22.507,0
2015-05-15 11:00,0.708,0.630,0.273,22.277,0
2015-05-15 12:00,0.621,0.450,0.323,22.064,0
2015-05-15 13:00,0.594,0.499,0.236,22.339,0
2015-05-15 14:00,0.455,0.332,0.218,22.567,0
2015-05-15 15:00,0.289,0.162,0.184,22.320,0
2015-05-15 16:00,0.118,0.024,0.130,21.557,0
2015-05-15 17:00,0.018,0,0.040,20.401,0
2015-05-15 18:00,0,0,0,19.642,0
2015-05-15 19:00,0,0,0,19.379,0
2015-05-15 20:00,0,0,0,19.121,0
2015-05-15 21:00,0,0,0,19.075,0
2015-05-15 22:00,0,0,0,18.912,0
2015-05-15 23:00,0,0,0,18.692,0
2015-05-16 00:00,0,0,0,18.477,0
2015-05-16 01:00,0,0,0,18.302,0
2015-05-16 02:00,0,0,0,18.087,0
2015-05-16 03:00,0,0,0,18.003,0
2015-05-16 04:00,0.002,-0,0.019,18.642,0
2015-05-16 05:00,0.057,0.003,0.081,19.777,0
2015-05-16 06:00,0.217,0.053,0.208,20.705,0
2015-05-16 07:00,0.436,0.290,0.232,21.497,0
2015-05-16 08:00,0.615,0.576,0.189,22.293,0
2015-05-16 09:00,0.696,0.670,0.217,23.000,0
2015-05-16 10:00,0.718,0.661,0.263,23.423,0
2015-05-16 11:00,0.641,0.444,0.364,23.576,0
2015-05-16 12:00,0.599,0.394,0.353,23.522,0
2015-05-16 13:00,0.525,0.330,0.314,23.260,0
2015-05-16 14:00,0.443,0.300,0.234,22.780,0
2015-05-16 15:00,0.278,0.131,0.202,22.017,0
2015-05-16 16:00,0.115,0.014,0.135,20.934,0
2015-05-16 17:00,0.016,0,0.037,19.754,0
2015-05-16 18:00,0,0,0,19.141,0
2015-05-16 19:00,0,0,0,18.719,0
2015-05-16 20:00,0,0,0,18.531,0
2015-05-16 21:00,0,0,0,18.588,0
2015-05-16 22:00,0,0,0,18.863,0
2015-05-16 23:00,0,0,0,19.162,0
2015-05-17 00:00,0,0,0,19.356,0
2015-05-17 01:00,0,0,0,19.460,0
2015-05-17 02:00,0,0,0,19.472,0
2015-05-17 03:00,0,0,0,19.460,0
2015-05-17 04:00,0.013,0,0.034,19.676,0
2015-05-17 05:00,0.154,0.119,0.072,21.010,0
2015-05-17 06:00,0.333,0.287,0.111,22.498,0
2015-05-17 07:00,0.500,0.481,0.132,24.000,0
2015-05-17 08:00,0.630,0.651,0.148,25.051,0
2015-05-17 09:00,0.720,0.781,0.157,25.271,0
2015-05-17 10:00,0.766,0.847,0.164,25.008,0
2015-05-17 11:00,0.756,0.802,0.190,24.511,0
2015-05-17 12:00,0.705,0.707,0.201,24.019,0
2015-05-17 13:00,0.613,0.572,0.196,23.589,0
2015-05-17 14:00,0.477,0.398,0.182,23.154,0
2015-05-17 15:00,0.303,0.202,0.162,22.606,0
2015-05-17 16:00,0.121,0.034,0.122,21.593,0
2015-05-17 17:00,0.028,0,0.051,20.031,0
2015-05-17 18:00,0,0,0,18.978,0
2015-05-17 19:00,0,0,0,18.654,0
2015-05-17 20:00,0,0,0,18.478,0
2015-05-17 21:00,0,0,0,18.487,0
2015-05-17 22:00,0,0,0,18.507,0
2015-05-17 23:00,0,0,0,18.584,0
2015-05-18 00:00,0,0,0,18.740,0
2015-05-18 01:00,0,0,0,18.895,0
2015-05-18 02:00,0,0,0,19.004,0
2015-05-18 03:00,0,0,0,18.979,0
2015-05-18 04:00,0.014,0,0.035,19.569,0
2015-05-18 05:00,0.118,0.032,0.120,20.797,0
2015-05-18 06:00,0.294,0.174,0.177,21.991,0
2015-05-18 07:00,0.388,0.203,0.264,23.112,0
2015-05-18 08:00,0.546,0.398,0.277,23.967,0
2015-05-18 09:00,0.623,0.490,0.297,24.507,0
2015-05-18 10:00,0.408,0.106,0.390,24.647,0
2015-05-18 11:00,0.518,0.259,0.379,24.404,0
2015-05-18 12:00,0.461,0.167,0.393,23.969,0
2015-05-18 13:00,0.355,0.076,0.350,23.474,0
2015-05-18 14:00,0.318,0.128,0.253,22.893,0
2015-05-18 15:00,0.206,0.089,0.162,22.186,0
2015-05-18 16:00,0.074,0.008,0.096,21.286,0
2015-05-18 17:00,0.026,0,0.049,19.914,0
2015-05-18 18:00,0,0,0,18.869,0
2015-05-18 19:00,0,0,0,18.413,0
2015-05-18 20:00,0,0,0,18.189,0
2015-05-18 21:00,0,0,0,18.156,0
2015-05-18 22:00,0,0,0,18.044,0
2015-05-18 23:00,0,0,0,17.765,0
2015-05-19 00:00,0,0,0,17.661,0
2015-05-19 01:00,0,0,0,17.533,0
2015-05-19 02:00,0,0,0,17.414,0
2015-05-19 03:00,0,0,0,17.399,0
2015-05-19 04:00,0.021,0,0.042,17.930,0
2015-05-19 05:00,0.144,0.074,0.105,18.772,0
2015-05-19 06:00,0.253,0.106,0.193,19.593,0
2015-05-19 07:00,0.339,0.113,0.287,20.118,0
2015-05-19 08:00,0.531,0.340,0.303,20.471,0
2015-05-19 09:00,0.566,0.315,0.375,20.690,0
2015-05-19 10:00,0.457,0.180,0.366,20.711,0
2015-05-19 11:00,0.608,0.371,0.376,20.512,0
2015-05-19 12:00,0.273,0.036,0.288,20.289,0
2015-05-19 13:00,0.041,0,0.067,20.087,0
2015-05-19 14:00,0.030,0,0.053,19.885,0
2015-05-19 15:00,0.029,0,0.052,19.531,0
2015-05-19 16:00,0.031,0,0.054,19.013,0
2015-05-19 17:00,0.006,0,0.024,18.334,0
2015-05-19 18:00,0,0,0,17.914,0
2015-05-19 19:00,0,0,0,17.713,0
2015-05-19 20:00,0,0,0,17.560,0
2015-05-19 21:00,0,0,0,17.299,0
2015-05-19 22:00,0,0,0,16.990,0
2015-05-19 23:00,0,0,0,16.675,0
2015-05-20 00:00,0,0,0,16.460,0
2015-05-20 01:00,0,0,0,16.311,0
2015-05-20 02:00,0,0,0,16.250,0
2015-05-20 03:00,0,-0,0.001,16.239,0
2015-05-20 04:00,0.022,0,0.043,16.854,0
2015-05-20 05:00,0.158,0.115,0.078,18.157,0
2015-05-20 06:00,0.343,0.302,0.103,19.688,0
2015-05-20 07:00,0.514,0.504,0.118,21.251,0
2015-05-20 08:00,0.649,0.690,0.125,22.558,0
2015-05-20 09:00,0.738,0.818,0.135,23.066,0
2015-05-20 10:00,0.782,0.883,0.142,23.070,0
2015-05-20 11:00,0.773,0.845,0.165,22.935,0
2015-05-20 12:00,0.723,0.755,0.174,22.809,0
2015-05-20 13:00,0.629,0.616,0.171,22.665,0
2015-05-20 14:00,0.485,0.416,0.171,22.455,0
2015-05-20 15:00,0.305,0.204,0.161,22.106,0
2015-05-20 16:00,0.122,0.038,0.119,21.431,0
2015-05-20 17:00,0.025,0,0.048,19.980,0
2015-05-20 18:00,0,0,0,18.949,0
2015-05-20 19:00,0,0,0,18.586,0
2015-05-20 20:00,0,0,0,18.257,0
2015-05-20 21:00,0,0,0,17.981,0
2015-05-20 22:00,0,0,0,17.840,0
2015-05-20 23:00,0,0,0,17.779,0
2015-05-21 00:00,0,0,0,17.764,0
2015-05-21 01:00,0,0,0,17.749,0
2015-05-21 02:00,0,0,0,17.805,0
2015-05-21 03:00,0,-0,0.001,18.043,0
2015-05-21 04:00,0.006,0,0.024,18.522,0
2015-05-21 05:00,0.090,0.010,0.111,19.389,0
2015-05-21 06:00,0.092,0.004,0.120,20.609,0
2015-05-21 07:00,0.200,0.009,0.234,20.755,0
2015-05-21 08:00,0.224,0.013,0.256,20.230,0
2015-05-21 09:00,0.153,0.001,0.189,20.239,0
2015-05-21 10:00,0.160,0.001,0.198,21.384,0
2015-05-21 11:00,0.192,0.001,0.234,22.561,0
2015-05-21 12:00,0.500,0.324,0.287,23.543,0
2015-05-21 13:00,0.439,0.183,0.350,23.878,0
2015-05-21 14:00,0.399,0.241,0.240,23.509,0
2015-05-21 15:00,0.274,0.122,0.207,22.478,0
2015-05-21 16:00,0.056,0.003,0.081,21.221,0
2015-05-21 17:00,0.002,0,0.019,19.842,0
2015-05-21 18:00,0,0,0,19.070,0
2015-05-21 19:00,0,0,0,18.735,0
2015-05-21 20:00,0,0,0,18.474,0
2015-05-21 21:00,0,0,0,18.645,0
2015-05-21 22:00,0,0,0,18.796,0
2015-05-21 23:00,0,0,0,18.817,0
2015-05-22 00:00,0,0,0,18.892,0
2015-05-22 01:00,0,0,0,18.970,0
2015-05-22 02:00,0,0,0,18.751,0
2015-05-22 03:00,0,-0,0.001,18.746,0
2015-05-22 04:00,0,-0,0.008,19.571,0
2015-05-22 05:00,0.008,0,0.027,20.911,0
2015-05-22 06:00,0.037,0,0.063,22.382,0
2015-05-22 07:00,0.087,0,0.120,23.916,0
2015-05-22 08:00,0.131,0.001,0.168,24.638,0
2015-05-22 09:00,0.259,0.055,0.261,24.639,0
2015-05-22 10:00,0.672,0.554,0.304,24.396,0
2015-05-22 11:00,0.335,0.202,0.201,23.859,0
2015-05-22 12:00,0.432,0.133,0.388,23.155,0
2015-05-22 13:00,0.414,0.217,0.280,22.404,0
2015-05-22 14:00,0.308,0.112,0.255,21.566,0
2015-05-22 15:00,0.259,0.104,0.205,20.763,0
2015-05-22 16:00,0.126,0.033,0.127,19.842,0
2015-05-22 17:00,0.034,0,0.058,18.653,0
2015-05-22 18:00,0,0,0,17.766,0
2015-05-22 19:00,0,0,0,17.509,0
2015-05-22 20:00,0,0,0,17.289,0
2015-05-22 21:00,0,0,0,17.105,0
2015-05-22 22:00,0,0,0,16.819,0
2015-05-22 23:00,0,0,0,16.534,0
2015-05-23 00:00,0,0,0,16.402,0
2015-05-23 01:00,0,0,0,16.233,0
2015-05-23 02:00,0,0,0,16.074,0
2015-05-23 03:00,0,0,0.003,16.089,0
2015-05-23 04:00,0.016,0,0.037,16.840,0
2015-05-23 05:00,0.162,0.140,0.058,17.617,0
2015-05-23 06:00,0.352,0.326,0.087,18.286,0
2015-05-23 07:00,0.514,0.484,0.131,19.197,0
2015-05-23 08:00,0.644,0.645,0.151,19.912,0
2015-05-23 09:00,0.747,0.819,0.134,20.325,0
2015-05-23 10:00,0.764,0.781,0.198,20.538,0
2015-05-23 11:00,0.782,0.845,0.164,20.660,0
2015-05-23 12:00,0.730,0.753,0.175,20.684,0
2015-05-23 13:00,0.599,0.496,0.239,20.576,0
2015-05-23 14:00,0.455,0.308,0.235,20.275,0
2015-05-23 15:00,0.250,0.073,0.225,19.786,0
2015-05-23 16:00,0.115,0.010,0.138,19.103,0
2015-05-23 17:00,0.028,0,0.051,18.099,0
2015-05-23 18:00,0,0,0,17.607,0
2015-05-23 19:00,0,0,0,17.642,0
2015-05-23 20:00,0,0,0,17.595,0
2015-05-23 21:00,0,0,0,17.420,0
2015-05-23 22:00,0,0,0,17.205,0
2015-05-23 23:00,0,0,0,16.967,0
2015-05-24 00:00,0,0,0,16.694,0
2015-05-24 01:00,0,0,0,16.514,0
2015-05-24 02:00,0,0,0,16.288,0
2015-05-24 03:00,0,0,0.002,16.096,0
2015-05-24 04:00,0.019,0,0.040,16.614,0
2015-05-24 05:00,0.162,0.127,0.070,17.814,0
2015-05-24 06:00,0.355,0.341,0.077,18.950,0
2015-05-24 07:00,0.525,0.529,0.103,19.943,0
2015-05-24 08:00,0.658,0.701,0.118,20.617,0
2015-05-24 09:00,0.683,0.617,0.240,20.974,0
2015-05-24 10:00,0.724,0.659,0.261,21.002,0
2015-05-24 11:00,0.753,0.746,0.219,20.795,0
2015-05-24 12:00,0.706,0.669,0.221,20.464,0
2015-05-24 13:00,0.620,0.558,0.205,20.003,0
2015-05-24 14:00,0.477,0.365,0.204,19.493,0
2015-05-24 15:00,0.309,0.191,0.172,18.917,0
2015-05-24 16:00,0.128,0.031,0.129,18.131,0
2015-05-24 17:00,0.038,0,0.062,17.085,0
2015-05-24 18:00,0,0,0,16.003,0
2015-05-24 19:00,0,0,0,15.649,0
2015-05-24 20:00,0,0,0,15.487,0
2015-05-24 21:00,0,0,0,15.472,0
2015-05-24 22:00,0,0,0,15.514,0
2015-05-24 23:00,0,0,0,15.505,0
2015-05-25 00:00,0,0,0,15.461,0
2015-05-25 01:00,0,0,0,15.466,0
2015-05-25 02:00,0,0,0,15.489,0
2015-05-25 03:00,0,0,0.004,15.565,0
2015-05-25 04:00,0.019,0,0.040,16.195,0
2015-05-25 05:00,0.138,0.061,0.109,16.822,0
2015-05-25 06:00,0.155,0.034,0.156,17.533,0
2015-05-25 07:00,0.378,0.207,0.237,18.604,0
2015-05-25 08:00,0.445,0.190,0.338,19.441,0
2015-05-25 09:00,0.566,0.330,0.357,19.907,0
2015-05-25 10:00,0.673,0.501,0.336,20.109,0
2015-05-25 11:00,0.673,0.496,0.343,20.132,0
2015-05-25 12:00,0.646,0.485,0.314,20.069,0
2015-05-25 13:00,0.589,0.472,0.246,19.894,0
2015-05-25 14:00,0.493,0.416,0.173,19.603,0
2015-05-25 15:00,0.317,0.222,0.151,19.217,0
2015-05-25 16:00,0.131,0.038,0.127,18.685,0
2015-05-25 17:00,0.038,0,0.062,17.768,0
2015-05-25 18:00,0,0,0,17.247,0
2015-05-25 19:00,0,0,0,17.255,0
2015-05-25 20:00,0,0,0,17.188,0
2015-05-25 21:00,0,0,0,17.016,0
2015-05-25 22:00,0,0,0,16.808,0
2015-05-25 23:00,0,0,0,16.612,0
2015-05-26 00:00,0,0,0,16.521,0
2015-05-26 01:00,0,0,0,16.465,0
2015-05-26 02:00,0,0,0,16.459,0
2015-05-26 03:00,0,0,0.002,16.474,0
2015-05-26 04:00,0.016,0,0.037,17.228,0
2015-05-26 05:00,0.163,0.133,0.066,18.197,0
2015-05-26 06:00,0.351,0.324,0.089,18.843,0
2015-05-26 07:00,0.523,0.517,0.111,19.505,0
2015-05-26 08:00,0.651,0.672,0.134,20.044,0
2015-05-26 09:00,0.726,0.747,0.174,20.514,0
2015-05-26 10:00,0.737,0.698,0.243,20.926,0
2015-05-26 11:00,0.734,0.688,0.249,21.168,0
2015-05-26 12:00,0.582,0.401,0.313,21.241,0
2015-05-26 13:00,0.513,0.359,0.261,21.118,0
2015-05-26 14:00,0.474,0.363,0.206,20.828,0
2015-05-26 15:00,0.286,0.139,0.200,20.334,0
2015-05-26 16:00,0.129,0.039,0.124,19.600,0
2015-05-26 17:00,0.035,0,0.059,18.585,0
2015-05-26 18:00,0,0,0,17.749,0
2015-05-26 19:00,0,0,0,17.445,0
2015-05-26 20:00,0,0,0,17.179,0
2015-05-26 21:00,0,0,0,17.010,0
2015-05-26 22:00,0,0,0,16.940,0
2015-05-26 23:00,0,0,0,16.889,0
2015-05-27 00:00,0,0,0,16.852,0
2015-05-27 01:00,0,0,0,16.734,0
2015-05-27 02:00,0,0,0,16.528,0
2015-05-27 03:00,0,-0,0.001,16.402,0
2015-05-27 04:00,0.003,-0,0.020,17.036,0
2015-05-27 05:00,0.041,0.001,0.065,17.885,0
2015-05-27 06:00,0.149,0.009,0.175,18.734,0
2015-05-27 07:00,0.177,0.006,0.210,19.470,0
2015-05-27 08:00,0.106,0.002,0.136,20.004,0
2015-05-27 09:00,0.254,0.029,0.274,20.270,0
2015-05-27 10:00,0.478,0.140,0.433,20.325,0
2015-05-27 11:00,0.589,0.314,0.405,20.331,0
2015-05-27 12:00,0.649,0.492,0.312,20.348,0
2015-05-27 13:00,0.591,0.471,0.251,20.228,0
2015-05-27 14:00,0.390,0.184,0.277,19.962,0
2015-05-27 15:00,0.126,0.008,0.152,19.567,0
2015-05-27 16:00,0.060,0.002,0.086,19.165,0
2015-05-27 17:00,0.030,0,0.053,18.552,0
2015-05-27 18:00,0,0,0,18.095,0
2015-05-27 19:00,0,0,0,17.983,0
2015-05-27 20:00,0,0,0,17.804,0
2015-05-27 21:00,0,0,0,17.655,0
2015-05-27 22:00,0,0,0,17.585,0
2015-05-27 23:00,0,0,0,17.399,0
2015-05-28 00:00,0,0,0,17.121,0
2015-05-28 01:00,0,0,0,16.952,0
2015-05-28 02:00,0,0,0,16.849,0
2015-05-28 03:00,0,0,0.003,16.819,0
2015-05-28 04:00,0.019,0,0.041,17.132,0
2015-05-28 05:00,0.146,0.062,0.119,17.552,0
2015-05-28 06:00,0.343,0.285,0.116,18.271,0
2015-05-28 07:00,0.521,0.509,0.115,19.155,0
2015-05-28 08:00,0.619,0.571,0.190,20.156,0
2015-05-28 09:00,0.729,0.760,0.166,20.587,0
2015-05-28 10:00,0.791,0.890,0.135,20.672,0
2015-05-28 11:00,0.783,0.853,0.158,20.515,0
2015-05-28 12:00,0.730,0.749,0.176,20.159,0
2015-05-28 13:00,0.624,0.562,0.203,19.628,0
2015-05-28 14:00,0.481,0.374,0.198,19.060,0
2015-05-28 15:00,0.321,0.225,0.151,18.499,0
2015-05-28 16:00,0.132,0.042,0.124,17.924,0
2015-05-28 17:00,0.041,0,0.065,17.132,0
2015-05-28 18:00,0,-0,0.001,16.248,0
2015-05-28 19:00,0,0,0,16.017,0
2015-05-28 20:00,0,0,0,15.781,0
2015-05-28 21:00,0,0,0,15.615,0
2015-05-28 22:00,0,0,0,15.486,0
2015-05-28 23:00,0,0,0,15.299,0
2015-05-29 00:00,0,0,0,15.071,0
2015-05-29 01:00,0,0,0,14.876,0
2015-05-29 02:00,0,0,0,14.720,0
2015-05-29 03:00,0,0,0.004,14.533,0
2015-05-29 04:00,0.025,0,0.047,15.561,0
2015-05-29 05:00,0.164,0.124,0.075,16.760,0
2015-05-29 06:00,0.352,0.317,0.094,17.744,0
2015-05-29 07:00,0.523,0.512,0.113,18.680,0
2015-05-29 08:00,0.653,0.673,0.134,19.465,0
2015-05-29 09:00,0.721,0.725,0.185,20.055,0
2015-05-29 10:00,0.750,0.736,0.221,20.364,0
2015-05-29 11:00,0.781,0.842,0.164,20.376,0
2015-05-29 12:00,0.735,0.766,0.166,20.094,0
2015-05-29 13:00,0.643,0.630,0.163,19.579,0
2015-05-29 14:00,0.500,0.431,0.165,18.974,0
2015-05-29 15:00,0.321,0.223,0.153,18.456,0
2015-05-29 16:00,0.132,0.043,0.123,17.951,0
2015-05-29 17:00,0.041,0,0.066,16.944,0
2015-05-29 18:00,0,-0,0.001,15.794,0
2015-05-29 19:00,0,0,0,15.683,0
2015-05-29 20:00,0,0,0,15.664,0
2015-05-29 21:00,0,0,0,15.576,0
2015-05-29 22:00,0,0,0,15.562,0
2015-05-29 23:00,0,0,0,15.665,0
2015-05-30 00:00,0,0,0,15.762,0
2015-05-30 01:00,0,0,0,15.827,0
2015-05-30 02:00,0,0,0,15.846,0
2015-05-30 03:00,0,0,0.004,15.688,0
2015-05-30 04:00,0.023,0,0.045,16.506,0
2015-05-30 05:00,0.163,0.132,0.067,17.799,0
2015-05-30 06:00,0.350,0.320,0.091,19.134,0
2015-05-30 07:00,0.518,0.513,0.112,20.424,0
2015-05-30 08:00,0.651,0.689,0.123,21.331,0
2015-05-30 09:00,0.738,0.810,0.136,21.844,0
2015-05-30 10:00,0.782,0.876,0.142,22.121,0
2015-05-30 11:00,0.774,0.841,0.165,22.267,0
2015-05-30 12:00,0.726,0.762,0.168,22.361,0
2015-05-30 13:00,0.634,0.628,0.164,22.286,0
2015-05-30 14:00,0.493,0.433,0.164,21.957,0
2015-05-30 15:00,0.317,0.225,0.153,21.400,0
2015-05-30 16:00,0.131,0.045,0.122,20.496,0
2015-05-30 17:00,0.041,0,0.067,18.958,0
2015-05-30 18:00,0,-0,0.001,17.823,0
2015-05-30 19:00,0,0,0,17.956,0
2015-05-30 20:00,0,0,0,17.682,0
2015-05-30 21:00,0,0,0,17.229,0
2015-05-30 22:00,0,0,0,16.822,0
2015-05-30 23:00,0,0,0,16.764,0
2015-05-31 00:00,0,0,0,16.843,0
2015-05-31 01:00,0,0,0,16.887,0
2015-05-31 02:00,0,0,0,16.901,0
2015-05-31 03:00,0,0,0.003,16.905,0
2015-05-31 04:00,0.018,0,0.039,17.400,0
2015-05-31 05:00,0.160,0.106,0.089,18.314,0
2015-05-31 06:00,0.318,0.223,0.153,19.730,0
2015-05-31 07:00,0.408,0.218,0.269,21.162,0
2015-05-31 08:00,0.588,0.489,0.236,22.063,0
2015-05-31 09:00,0.708,0.710,0.193,22.565,0
2015-05-31 10:00,0.734,0.711,0.236,22.890,0
2015-05-31 11:00,0.725,0.678,0.255,23.006,0
2015-05-31 12:00,0.617,0.431,0.340,22.830,0
2015-05-31 13:00,0.549,0.385,0.288,22.479,0
2015-05-31 14:00,0.456,0.315,0.235,22.052,0
2015-05-31 15:00,0.296,0.154,0.199,21.495,0
2015-05-31 16:00,0.134,0.025,0.145,20.677,0
2015-05-31 17:00,0.035,0,0.060,19.825,0
2015-05-31 18:00,0,-0,0.001,19.489,0
2015-05-31 19:00,0,0,0,19.504,0
2015-05-31 20:00,0,0,0,19.507,0
2015-05-31 21:00,0,0,0,19.374,0
2015-05-31 22:00,0,0,0,19.195,0
2015-05-31 23:00,0,0,0,19.181,0
2015-06-01 00:00,0,0,0,19.141,0
2015-06-01 01:00,0,0,0,18.948,0
2015-06-01 02:00,0,0,0,18.722,0
2015-06-01 03:00,0,0,0.004,18.527,0
2015-06-01 04:00,0.029,0,0.052,18.777,0
2015-06-01 05:00,0.142,0.054,0.124,19.866,0
2015-06-01 06:00,0.333,0.279,0.117,21.151,0
2015-06-01 07:00,0.498,0.471,0.133,22.295,0
2015-06-01 08:00,0.625,0.631,0.152,22.951,0
2015-06-01 09:00,0.706,0.727,0.179,23.384,0
2015-06-01 10:00,0.748,0.782,0.190,23.589,0
2015-06-01 11:00,0.739,0.747,0.211,23.620,0
2015-06-01 12:00,0.688,0.655,0.223,23.495,0
2015-06-01 13:00,0.577,0.464,0.252,23.295,0
2015-06-01 14:00,0.428,0.254,0.262,23.010,0
2015-06-01 15:00,0.254,0.081,0.225,22.681,0
2015-06-01 16:00,0.129,0.021,0.144,22.160,0
2015-06-01 17:00,0.022,0,0.044,21.067,0
2015-06-01 18:00,0,-0,0.001,20.154,0
2015-06-01 19:00,0,0,0,19.714,0
2015-06-01 20:00,0,0,0,19.408,0
2015-06-01 21:00,0,0,0,19.105,0
2015-06-01 22:00,0,0,0,18.832,0
2015-06-01 23:00,0,0,0,18.520,0
2015-06-02 00:00,0,0,0,18.282,0
2015-06-02 01:00,0,0,0,18.195,0
2015-06-02 02:00,0,0,0,18.094,0
2015-06-02 03:00,0,0,0.004,18.021,0
2015-06-02 04:00,0.025,0,0.048,18.827,0
2015-06-02 05:00,0.160,0.115,0.082,19.949,0
2015-06-02 06:00,0.336,0.294,0.106,21.602,0
2015-06-02 07:00,0.497,0.471,0.134,22.907,0
2015-06-02 08:00,0.623,0.630,0.152,23.805,0
2015-06-02 09:00,0.708,0.750,0.164,24.357,0
2015-06-02 10:00,0.747,0.794,0.182,24.500,0
2015-06-02 11:00,0.743,0.774,0.196,24.447,0
2015-06-02 12:00,0.694,0.684,0.207,24.248,0
2015-06-02 13:00,0.603,0.549,0.206,23.935,0
2015-06-02 14:00,0.468,0.369,0.201,23.446,0
2015-06-02 15:00,0.304,0.186,0.179,22.940,0
2015-06-02 16:00,0.135,0.034,0.137,22.324,0
2015-06-02 17:00,0.036,0,0.061,21.252,0
2015-06-02 18:00,0,-0,0.003,20.094,0
2015-06-02 19:00,0,0,0,19.637,0
2015-06-02 20:00,0,0,0,19.395,0
2015-06-02 21:00,0,0,0,19.233,0
2015-06-02 22:00,0,0,0,19.159,0
2015-06-02 23:00,0,0,0,19.044,0
2015-06-03 00:00,0,0,0,19.056,0
2015-06-03 01:00,0,0,0,19.070,0
2015-06-03 02:00,0,0,0,19.031,0
2015-06-03 03:00,0,0,0.005,19.033,0
2015-06-03 04:00,0.027,0,0.050,19.986,0
2015-06-03 05:00,0.158,0.114,0.082,21.294,0
2015-06-03 06:00,0.328,0.275,0.119,23.102,0
2015-06-03 07:00,0.489,0.465,0.137,25.062,0
2015-06-03 08:00,0.616,0.633,0.150,26.101,0
2015-06-03 09:00,0.701,0.750,0.164,26.276,0
2015-06-03 10:00,0.742,0.800,0.179,26.168,0
2015-06-03 11:00,0.737,0.775,0.195,25.934,0
2015-06-03 12:00,0.690,0.689,0.204,25.587,0
2015-06-03 13:00,0.601,0.552,0.205,25.135,0
2015-06-03 14:00,0.468,0.376,0.197,24.617,0
2015-06-03 15:00,0.305,0.194,0.174,24.078,0
2015-06-03 16:00,0.134,0.040,0.132,23.340,0
2015-06-03 17:00,0.045,0,0.071,22.069,0
2015-06-03 18:00,0,0,0.005,20.830,0
2015-06-03 19:00,0,0,0,20.354,0
2015-06-03 20:00,0,0,0,20.088,0
2015-06-03 21:00,0,0,0,19.957,0
2015-06-03 22:00,0,0,0,19.927,0
2015-06-03 23:00,0,0,0,19.919,0
2015-06-04 00:00,0,0,0,19.926,0
2015-06-04 01:00,0,0,0,20.038,0
2015-06-04 02:00,0,0,0,20.045,0
2015-06-04 03:00,0,0,0.004,19.932,0
2015-06-04 04:00,0.015,0,0.036,20.646,0
2015-06-04 05:00,0.086,0.009,0.109,21.824,0
2015-06-04 06:00,0.303,0.233,0.132,23.604,0
2015-06-04 07:00,0.491,0.477,0.129,25.525,0
2015-06-04 08:00,0.614,0.635,0.149,26.664,0
2015-06-04 09:00,0.698,0.749,0.164,26.981,0
2015-06-04 10:00,0.738,0.796,0.180,26.804,0
2015-06-04 11:00,0.736,0.778,0.193,26.556,0
2015-06-04 12:00,0.657,0.597,0.249,26.194,0
2015-06-04 13:00,0.276,0.073,0.263,25.724,0
2015-06-04 14:00,0.340,0.152,0.260,25.233,0
2015-06-04 15:00,0.289,0.147,0.203,24.656,0
2015-06-04 16:00,0.133,0.023,0.148,23.793,0
2015-06-04 17:00,0.034,0,0.059,22.506,0
2015-06-04 18:00,0,-0,0.003,21.380,0
2015-06-04 19:00,0,0,0,20.941,0
2015-06-04 20:00,0,0,0,20.747,0
2015-06-04 21:00,0,0,0,20.697,0
2015-06-04 22:00,0,0,0,20.747,0
2015-06-04 23:00,0,0,0,20.740,0
2015-06-05 00:00,0,0,0,20.772,0
2015-06-05 01:00,0,0,0,20.806,0
2015-06-05 02:00,0,0,0,20.800,0
2015-06-05 03:00,0,-0,0.001,20.774,0
2015-06-05 04:00,0,-0,0.013,21.734,0
2015-06-05 05:00,0.087,0.025,0.094,22.928,0
2015-06-05 06:00,0.325,0.275,0.118,24.507,0
2015-06-05 07:00,0.488,0.468,0.134,25.816,0
2015-06-05 08:00,0.591,0.555,0.193,26.577,0
2015-06-05 09:00,0.670,0.666,0.204,27.353,0
2015-06-05 10:00,0.699,0.678,0.241,27.893,0
2015-06-05 11:00,0.689,0.637,0.267,27.959,0
2015-06-05 12:00,0.658,0.608,0.245,27.505,0
2015-06-05 13:00,0.517,0.345,0.300,26.832,0
2015-06-05 14:00,0.450,0.345,0.209,26.278,0
2015-06-05 15:00,0.306,0.201,0.171,25.809,0
2015-06-05 16:00,0.134,0.038,0.135,25.272,0
2015-06-05 17:00,0.045,0,0.072,24.276,0
2015-06-05 18:00,0,0,0.006,23.627,0
2015-06-05 19:00,0,0,0,23.311,0
2015-06-05 20:00,0,0,0,22.819,0
2015-06-05 21:00,0,0,0,22.409,0
2015-06-05 22:00,0,0,0,22.092,0
2015-06-05 23:00,0,0,0,21.709,0
2015-06-06 00:00,0,0,0,21.390,0
2015-06-06 01:00,0,0,0,21.127,0
2015-06-06 02:00,0,0,0,20.878,0
2015-06-06 03:00,0,0,0.005,20.717,0
2015-06-06 04:00,0.024,0,0.047,21.862,0
2015-06-06 05:00,0.156,0.119,0.077,23.114,0
2015-06-06 06:00,0.332,0.300,0.101,24.597,0
2015-06-06 07:00,0.491,0.483,0.124,25.802,0
2015-06-06 08:00,0.616,0.641,0.144,26.462,0
2015-06-06 09:00,0.700,0.753,0.162,26.681,0
2015-06-06 10:00,0.741,0.804,0.176,26.666,0
2015-06-06 11:00,0.738,0.789,0.186,26.490,0
2015-06-06 12:00,0.686,0.682,0.208,26.295,0
2015-06-06 13:00,0.594,0.538,0.212,26.023,0
2015-06-06 14:00,0.405,0.240,0.253,25.647,0
2015-06-06 15:00,0.313,0.231,0.148,25.325,0
2015-06-06 16:00,0.134,0.048,0.124,24.797,0
2015-06-06 17:00,0.046,0,0.073,23.583,0
2015-06-06 18:00,0,0,0.005,22.474,0
2015-06-06 19:00,0,0,0,22.163,0
2015-06-06 20:00,0,0,0,21.966,0
2015-06-06 21:00,0,0,0,21.801,0
2015-06-06 22:00,0,0,0,21.672,0
2015-06-06 23:00,0,0,0,21.519,0
2015-06-07 00:00,0,0,0,21.133,0
2015-06-07 01:00,0,0,0,20.703,0
2015-06-07 02:00,0,0,0,20.340,0
2015-06-07 03:00,0,0,0.005,20.268,0
2015-06-07 04:00,0.026,0,0.049,21.622,0
2015-06-07 05:00,0.155,0.117,0.078,22.934,0
2015-06-07 06:00,0.328,0.285,0.112,24.423,0
2015-06-07 07:00,0.485,0.457,0.140,25.420,0
2015-06-07 08:00,0.594,0.568,0.184,26.136,0
2015-06-07 09:00,0.668,0.642,0.222,26.517,0
2015-06-07 10:00,0.697,0.660,0.250,26.690,0
2015-06-07 11:00,0.554,0.345,0.351,26.821,0
2015-06-07 12:00,0.178,0.068,0.156,26.740,0
2015-06-07 13:00,0.083,0.002,0.114,26.569,0
2015-06-07 14:00,0.188,0.025,0.210,25.999,0
2015-06-07 15:00,0.242,0.076,0.219,25.326,0
2015-06-07 16:00,0.102,0.005,0.131,24.309,0
2015-06-07 17:00,0.002,0,0.019,23.100,0
2015-06-07 18:00,0,-0,0.002,22.085,0
2015-06-07 19:00,0,0,0,21.418,0
2015-06-07 20:00,0,0,0,20.897,0
2015-06-07 21:00,0,0,0,20.617,0
2015-06-07 22:00,0,0,0,20.703,0
2015-06-07 23:00,0,0,0,20.717,0
2015-06-08 00:00,0,0,0,20.675,0
2015-06-08 01:00,0,0,0,20.647,0
2015-06-08 02:00,0,0,0,20.681,0
2015-06-08 03:00,0,-0,0.001,20.619,0
2015-06-08 04:00,0.021,0,0.043,21.148,0
2015-06-08 05:00,0.108,0.018,0.124,22.190,0
2015-06-08 06:00,0.226,0.068,0.206,23.318,0
2015-06-08 07:00,0.324,0.119,0.273,24.240,0
2015-06-08 08:00,0.525,0.364,0.285,24.682,0
2015-06-08 09:00,0.690,0.693,0.195,24.816,0
2015-06-08 10:00,0.728,0.734,0.215,24.753,0
2015-06-08 11:00,0.735,0.750,0.208,24.646,0
2015-06-08 12:00,0.639,0.519,0.291,24.457,0
2015-06-08 13:00,0.489,0.272,0.327,24.261,0
2015-06-08 14:00,0.284,0.055,0.289,24.020,0
2015-06-08 15:00,0.159,0.015,0.184,23.745,0
2015-06-08 16:00,0.063,0.002,0.090,23.294,0
2015-06-08 17:00,0.003,0,0.020,22.503,0
2015-06-08 18:00,0,-0,0.001,21.671,0
2015-06-08 19:00,0,0,0,21.304,0
2015-06-08 20:00,0,0,0,20.967,0
2015-06-08 21:00,0,0,0,20.710,0
2015-06-08 22:00,0,0,0,20.536,0
2015-06-08 23:00,0,0,0,20.364,0
2015-06-09 00:00,0,0,0,20.220,0
2015-06-09 01:00,0,0,0,20.099,0
2015-06-09 02:00,0,0,0,20.006,0
2015-06-09 03:00,0,0,0.006,19.980,0
2015-06-09 04:00,0.024,0,0.046,20.589,0
2015-06-09 05:00,0.146,0.068,0.115,21.653,0
2015-06-09 06:00,0.319,0.241,0.140,22.552,0
2015-06-09 07:00,0.479,0.426,0.158,23.544,0
2015-06-09 08:00,0.574,0.480,0.235,24.207,0
2015-06-09 09:00,0.639,0.529,0.282,24.452,0
2015-06-09 10:00,0.718,0.695,0.235,24.426,0
2015-06-09 11:00,0.737,0.752,0.207,24.209,0
2015-06-09 12:00,0.694,0.683,0.208,23.908,0
2015-06-09 13:00,0.600,0.533,0.216,23.642,0
2015-06-09 14:00,0.403,0.215,0.271,23.381,0
2015-06-09 15:00,0.144,0.008,0.175,23.160,0
2015-06-09 16:00,0.061,0,0.089,22.868,0
2015-06-09 17:00,0.016,0,0.037,22.260,0
2015-06-09 18:00,0,0,0.004,21.590,0
2015-06-09 19:00,0,0,0,21.360,0
2015-06-09 20:00,0,0,0,21.079,0
2015-06-09 21:00,0,0,0,20.807,0
2015-06-09 22:00,0,0,0,20.562,0
2015-06-09 23:00,0,0,0,20.345,0
2015-06-10 00:00,0,0,0,20.125,0
2015-06-10 01:00,0,0,0,19.863,0
2015-06-10 02:00,0,0,0,19.626,0
2015-06-10 03:00,0,0,0.006,19.443,0
2015-06-10 04:00,0.028,0,0.051,20.248,0
2015-06-10 05:00,0.156,0.108,0.087,21.269,0
2015-06-10 06:00,0.323,0.260,0.127,22.705,0
2015-06-10 07:00,0.461,0.372,0.189,23.937,0
2015-06-10 08:00,0.569,0.474,0.237,24.937,0
2015-06-10 09:00,0.660,0.601,0.245,25.418,0
2015-06-10 10:00,0.698,0.642,0.263,25.524,0
2015-06-10 11:00,0.729,0.739,0.214,25.393,0
2015-06-10 12:00,0.687,0.671,0.215,25.152,0
2015-06-10 13:00,0.571,0.468,0.245,24.941,0
2015-06-10 14:00,0.133,0.042,0.129,24.645,0
2015-06-10 15:00,0.030,0,0.055,24.188,0
2015-06-10 16:00,0.051,0,0.079,23.471,0
2015-06-10 17:00,0.027,0,0.051,22.443,0
2015-06-10 18:00,0,0,0.004,21.392,0
2015-06-10 19:00,0,0,0,21.029,0
2015-06-10 20:00,0,0,0,20.799,0
2015-06-10 21:00,0,0,0,20.745,0
2015-06-10 22:00,0,0,0,20.809,0
2015-06-10 23:00,0,0,0,20.840,0
2015-06-11 00:00,0,0,0,20.843,0
2015-06-11 01:00,0,0,0,20.801,0
2015-06-11 02:00,0,0,0,20.727,0
2015-06-11 03:00,0,0,0.005,20.707,0
2015-06-11 04:00,0.020,0,0.042,21.658,0
2015-06-11 05:00,0.155,0.114,0.081,22.890,0
2015-06-11 06:00,0.329,0.288,0.109,24.502,0
2015-06-11 07:00,0.488,0.476,0.127,25.924,0
2015-06-11 08:00,0.611,0.635,0.145,27.140,0
2015-06-11 09:00,0.694,0.746,0.163,27.606,0
2015-06-11 10:00,0.733,0.794,0.180,27.640,0
2015-06-11 11:00,0.729,0.768,0.198,27.627,0
2015-06-11 12:00,0.683,0.686,0.206,27.454,0
2015-06-11 13:00,0.598,0.560,0.201,27.077,0
2015-06-11 14:00,0.470,0.389,0.192,26.557,0
2015-06-11 15:00,0.309,0.202,0.174,26.002,0
2015-06-11 16:00,0.139,0.044,0.135,25.253,0
2015-06-11 17:00,0.049,0,0.077,24.032,0
2015-06-11 18:00,0,0,0.007,22.697,0
2015-06-11 19:00,0,0,0,22.158,0
2015-06-11 20:00,0,0,0,21.857,0
2015-06-11 21:00,0,0,0,21.757,0
2015-06-11 22:00,0,0,0,21.763,0
2015-06-11 23:00,0,0,0,21.715,0
2015-06-12 00:00,0,0,0,21.708,0
2015-06-12 01:00,0,0,0,21.606,0
2015-06-12 02:00,0,0,0,21.503,0
2015-06-12 03:00,0,0,0.005,21.322,0
2015-06-12 04:00,0.030,0,0.055,22.310,0
2015-06-12 05:00,0.154,0.101,0.093,23.573,0
2015-06-12 06:00,0.327,0.291,0.106,25.304,0
2015-06-12 07:00,0.485,0.472,0.129,26.649,0
2015-06-12 08:00,0.609,0.633,0.146,27.448,0
2015-06-12 09:00,0.694,0.751,0.160,27.739,0
2015-06-12 10:00,0.733,0.793,0.180,27.734,0
2015-06-12 11:00,0.732,0.784,0.188,27.527,0
2015-06-12 12:00,0.687,0.698,0.198,27.215,0
2015-06-12 13:00,0.599,0.560,0.202,26.866,0
2015-06-12 14:00,0.471,0.390,0.193,26.562,0
2015-06-12 15:00,0.309,0.204,0.174,26.377,0
2015-06-12 16:00,0.139,0.045,0.134,26.111,0
2015-06-12 17:00,0.048,0,0.076,25.175,0
2015-06-12 18:00,0,0,0.007,24.112,0
2015-06-12 19:00,0,0,0,23.727,0
2015-06-12 20:00,0,0,0,23.395,0
2015-06-12 21:00,0,0,0,23.157,0
2015-06-12 22:00,0,0,0,22.663,0
2015-06-12 23:00,0,0,0,22.333,0
2015-06-13 00:00,0,0,0,22.139,0
2015-06-13 01:00,0,0,0,21.912,0
2015-06-13 02:00,0,0,0,21.681,0
2015-06-13 03:00,0,0,0.005,21.641,0
2015-06-13 04:00,0.025,0,0.048,22.848,0
2015-06-13 05:00,0.154,0.120,0.075,24.410,0
2015-06-13 06:00,0.326,0.295,0.101,25.866,0
2015-06-13 07:00,0.484,0.474,0.127,26.862,0
2015-06-13 08:00,0.609,0.632,0.147,27.394,0
2015-06-13 09:00,0.694,0.751,0.160,27.757,0
2015-06-13 10:00,0.731,0.791,0.181,27.976,0
2015-06-13 11:00,0.723,0.755,0.205,28.093,0
2015-06-13 12:00,0.672,0.656,0.223,28.094,0
2015-06-13 13:00,0.587,0.532,0.217,27.965,0
2015-06-13 14:00,0.468,0.387,0.194,27.625,0
2015-06-13 15:00,0.307,0.200,0.176,27.084,0
2015-06-13 16:00,0.141,0.044,0.138,26.355,0
2015-06-13 17:00,0.049,0,0.077,25.048,0
2015-06-13 18:00,0,0,0.007,23.819,0
2015-06-13 19:00,0,0,0,23.522,0
2015-06-13 20:00,0,0,0,23.205,0
2015-06-13 21:00,0,0,0,22.972,0
2015-06-13 22:00,0,0,0,22.866,0
2015-06-13 23:00,0,0,0,22.682,0
2015-06-14 00:00,0,0,0,22.471,0
2015-06-14 01:00,0,0,0,22.173,0
2015-06-14 02:00,0,0,0,22.027,0
2015-06-14 03:00,0,0,0.005,22.006,0
2015-06-14 04:00,0.031,0,0.056,22.824,0
2015-06-14 05:00,0.152,0.093,0.100,24.222,0
2015-06-14 06:00,0.319,0.263,0.125,25.794,0
2015-06-14 07:00,0.470,0.423,0.158,26.643,0
2015-06-14 08:00,0.566,0.490,0.226,27.416,0
2015-06-14 09:00,0.649,0.599,0.244,27.996,0
2015-06-14 10:00,0.633,0.497,0.321,28.083,0
2015-06-14 11:00,0.630,0.459,0.353,27.614,0
2015-06-14 12:00,0.577,0.371,0.359,27.072,0
2015-06-14 13:00,0.546,0.421,0.266,26.857,0
2015-06-14 14:00,0.435,0.279,0.256,26.517,0
2015-06-14 15:00,0.284,0.132,0.215,26.268,0
2015-06-14 16:00,0.141,0.035,0.147,25.849,0
2015-06-14 17:00,0.050,0,0.078,24.760,0
2015-06-14 18:00,0,0,0.007,23.517,0
2015-06-14 19:00,0,0,0,22.864,0
2015-06-14 20:00,0,0,0,22.349,0
2015-06-14 21:00,0,0,0,21.982,0
2015-06-14 22:00,0,0,0,21.712,0
2015-06-14 23:00,0,0,0,21.469,0
2015-06-15 00:00,0,0,0,21.388,0
2015-06-15 01:00,0,0,0,21.178,0
2015-06-15 02:00,0,0,0,20.965,0
2015-06-15 03:00,0,0,0.005,20.992,0
2015-06-15 04:00,0.028,0,0.052,22.545,0
2015-06-15 05:00,0.153,0.106,0.086,23.723,0
2015-06-15 06:00,0.328,0.292,0.103,24.248,0
2015-06-15 07:00,0.484,0.462,0.133,25.198,0
2015-06-15 08:00,0.608,0.619,0.154,26.413,0
2015-06-15 09:00,0.691,0.733,0.169,27.017,0
2015-06-15 10:00,0.731,0.782,0.187,27.249,0
2015-06-15 11:00,0.728,0.764,0.199,27.369,0
2015-06-15 12:00,0.682,0.681,0.208,27.407,0
2015-06-15 13:00,0.595,0.550,0.208,27.322,0
2015-06-15 14:00,0.467,0.378,0.200,26.981,0
2015-06-15 15:00,0.308,0.192,0.184,26.509,0
2015-06-15 16:00,0.143,0.042,0.141,25.917,0
2015-06-15 17:00,0.051,0,0.079,24.868,0
2015-06-15 18:00,0,0,0.008,23.842,0
2015-06-15 19:00,0,0,0,23.678,0
2015-06-15 20:00,0,0,0,23.543,0
2015-06-15 21:00,0,0,0,23.414,0
2015-06-15 22:00,0,0,0,23.230,0
2015-06-15 23:00,0,0,0,23.088,0
2015-06-16 00:00,0,0,0,22.892,0
2015-06-16 01:00,0,0,0,22.874,0
2015-06-16 02:00,0,0,0,22.797,0
2015-06-16 03:00,0,0,0.005,22.718,0
2015-06-16 04:00,0.030,0,0.054,23.175,0
2015-06-16 05:00,0.151,0.099,0.092,24.481,0
2015-06-16 06:00,0.319,0.267,0.120,25.741,0
2015-06-16 07:00,0.473,0.433,0.152,26.543,0
2015-06-16 08:00,0.604,0.613,0.157,27.156,0
2015-06-16 09:00,0.689,0.734,0.168,27.554,0
2015-06-16 10:00,0.731,0.789,0.182,27.699,0
2015-06-16 11:00,0.729,0.773,0.194,27.656,0
2015-06-16 12:00,0.684,0.688,0.205,27.428,0
2015-06-16 13:00,0.599,0.559,0.204,27.005,0
2015-06-16 14:00,0.473,0.390,0.194,26.392,0
2015-06-16 15:00,0.312,0.205,0.175,25.764,0
2015-06-16 16:00,0.143,0.047,0.136,25.082,0
2015-06-16 17:00,0.050,0,0.079,24.094,0
2015-06-16 18:00,0,0,0.007,22.704,0
2015-06-16 19:00,0,0,0,22.310,0
2015-06-16 20:00,0,0,0,22.131,0
2015-06-16 21:00,0,0,0,22.135,0
2015-06-16 22:00,0,0,0,22.102,0
2015-06-16 23:00,0,0,0,22.140,0
2015-06-17 00:00,0,0,0,22.367,0
2015-06-17 01:00,0,0,0,22.563,0
2015-06-17 02:00,0,0,0,21.915,0
2015-06-17 03:00,0,-0,0.001,21.521,0
2015-06-17 04:00,0.007,0,0.025,22.088,0
2015-06-17 05:00,0.110,0.056,0.088,22.047,0
2015-06-17 06:00,0.294,0.204,0.147,22.368,0
2015-06-17 07:00,0.414,0.303,0.198,23.668,0
2015-06-17 08:00,0.343,0.081,0.336,25.479,0
2015-06-17 09:00,0.492,0.249,0.362,26.787,0
2015-06-17 10:00,0.194,0.056,0.187,27.021,0
2015-06-17 11:00,0.059,0,0.089,26.393,0
2015-06-17 12:00,0.387,0.197,0.273,25.048,0
2015-06-17 13:00,0.306,0.043,0.326,23.774,0
2015-06-17 14:00,0.199,0.024,0.221,23.211,0
2015-06-17 15:00,0.045,0,0.072,22.966,0
2015-06-17 16:00,0.030,0,0.055,22.794,0
2015-06-17 17:00,0.008,0,0.027,22.163,0
2015-06-17 18:00,0,-0,0.002,21.581,0
2015-06-17 19:00,0,0,0,21.308,0
2015-06-17 20:00,0,0,0,20.953,0
2015-06-17 21:00,0,0,0,20.609,0
2015-06-17 22:00,0,0,0,20.280,0
2015-06-17 23:00,0,0,0,20.015,0
2015-06-18 00:00,0,0,0,19.827,0
2015-06-18 01:00,0,0,0,19.637,0
2015-06-18 02:00,0,0,0,19.434,0
2015-06-18 03:00,0,-0,0.001,19.279,0
2015-06-18 04:00,0.027,0,0.051,19.704,0
2015-06-18 05:00,0.132,0.038,0.129,20.307,0
2015-06-18 06:00,0.311,0.231,0.138,21.004,0
2015-06-18 07:00,0.469,0.390,0.175,21.650,0
2015-06-18 08:00,0.520,0.346,0.288,22.423,0
2015-06-18 09:00,0.604,0.430,0.322,22.870,0
2015-06-18 10:00,0.504,0.235,0.380,23.139,0
2015-06-18 11:00,0.344,0.029,0.384,23.351,0
2015-06-18 12:00,0.298,0.015,0.343,23.386,0
2015-06-18 13:00,0.214,0.005,0.256,23.132,0
2015-06-18 14:00,0.213,0.029,0.230,22.749,0
2015-06-18 15:00,0.164,0.017,0.187,22.474,0
2015-06-18 16:00,0.057,0.002,0.083,22.213,0
2015-06-18 17:00,0.036,0,0.061,21.752,0
2015-06-18 18:00,0,-0,0.003,21.231,0
2015-06-18 19:00,0,0,0,20.958,0
2015-06-18 20:00,0,0,0,20.603,0
2015-06-18 21:00,0,0,0,20.243,0
2015-06-18 22:00,0,0,0,19.850,0
2015-06-18 23:00,0,0,0,19.471,0
2015-06-19 00:00,0,0,0,19.160,0
2015-06-19 01:00,0,0,0,18.950,0
2015-06-19 02:00,0,0,0,18.858,0
2015-06-19 03:00,0,0,0.006,18.868,0
2015-06-19 04:00,0.019,0,0.041,20.030,0
2015-06-19 05:00,0.153,0.131,0.060,21.122,0
2015-06-19 06:00,0.334,0.318,0.082,22.645,0
2015-06-19 07:00,0.496,0.500,0.108,24.003,0
2015-06-19 08:00,0.623,0.663,0.126,24.891,0
2015-06-19 09:00,0.688,0.703,0.185,25.204,0
2015-06-19 10:00,0.740,0.785,0.184,25.066,0
2015-06-19 11:00,0.745,0.792,0.182,24.649,0
2015-06-19 12:00,0.702,0.714,0.191,24.223,0
2015-06-19 13:00,0.616,0.583,0.190,23.992,0
2015-06-19 14:00,0.486,0.409,0.184,23.745,0
2015-06-19 15:00,0.321,0.218,0.167,23.423,0
2015-06-19 16:00,0.146,0.052,0.132,22.969,0
2015-06-19 17:00,0.052,0,0.080,22.028,0
2015-06-19 18:00,0,0,0.008,20.775,0
2015-06-19 19:00,0,0,0,20.588,0
2015-06-19 20:00,0,0,0,20.650,0
2015-06-19 21:00,0,0,0,20.696,0
2015-06-19 22:00,0,0,0,20.644,0
2015-06-19 23:00,0,0,0,20.542,0
2015-06-20 00:00,0,0,0,20.413,0
2015-06-20 01:00,0,0,0,20.282,0
2015-06-20 02:00,0,0,0,20.133,0
2015-06-20 03:00,0,0,0.005,19.805,0
2015-06-20 04:00,0.020,0,0.042,20.187,0
2015-06-20 05:00,0.153,0.128,0.062,21.125,0
2015-06-20 06:00,0.334,0.315,0.084,22.311,0
2015-06-20 07:00,0.493,0.487,0.115,23.481,0
2015-06-20 08:00,0.621,0.649,0.133,24.269,0
2015-06-20 09:00,0.706,0.762,0.151,24.646,0
2015-06-20 10:00,0.750,0.818,0.165,24.739,0
2015-06-20 11:00,0.747,0.797,0.181,24.675,0
2015-06-20 12:00,0.703,0.718,0.188,24.513,0
2015-06-20 13:00,0.614,0.580,0.192,24.238,0
2015-06-20 14:00,0.485,0.407,0.184,23.825,0
2015-06-20 15:00,0.321,0.217,0.169,23.374,0
2015-06-20 16:00,0.148,0.049,0.137,22.833,0
2015-06-20 17:00,0.052,0,0.080,22.021,0
2015-06-20 18:00,0,0,0.007,21.063,0
2015-06-20 19:00,0,0,0,20.891,0
2015-06-20 20:00,0,0,0,20.668,0
2015-06-20 21:00,0,0,0,20.472,0
2015-06-20 22:00,0,0,0,20.176,0
2015-06-20 23:00,0,0,0,19.639,0
2015-06-21 00:00,0,0,0,19.067,0
2015-06-21 01:00,0,0,0,18.497,0
2015-06-21 02:00,0,0,0,18.141,0
2015-06-21 03:00,0,-0,0.001,17.871,0
2015-06-21 04:00,0.004,-0,0.021,17.819,0
2015-06-21 05:00,0.093,0.012,0.111,18.178,0
2015-06-21 06:00,0.123,0.024,0.133,19.140,0
2015-06-21 07:00,0.275,0.114,0.213,20.573,0
2015-06-21 08:00,0.587,0.510,0.213,21.850,0
2015-06-21 09:00,0.611,0.442,0.319,22.670,0
2015-06-21 10:00,0.701,0.629,0.268,23.178,0
2015-06-21 11:00,0.722,0.693,0.237,23.359,0
2015-06-21 12:00,0.706,0.715,0.189,23.207,0
2015-06-21 13:00,0.621,0.590,0.185,22.879,0
2015-06-21 14:00,0.482,0.383,0.200,22.449,0
2015-06-21 15:00,0.299,0.147,0.211,22.077,0
2015-06-21 16:00,0.148,0.053,0.133,21.627,0
2015-06-21 17:00,0.053,0,0.080,20.911,0
2015-06-21 18:00,0,0,0.008,19.839,0
2015-06-21 19:00,0,0,0,19.507,0
2015-06-21 20:00,0,0,0,19.324,0
2015-06-21 21:00,0,0,0,19.228,0
2015-06-21 22:00,0,0,0,19.211,0
2015-06-21 23:00,0,0,0,19.063,0
2015-06-22 00:00,0,0,0,18.809,0
2015-06-22 01:00,0,0,0,18.463,0
2015-06-22 02:00,0,0,0,18.139,0
2015-06-22 03:00,0,0,0.006,18.012,0
2015-06-22 04:00,0.021,0,0.042,19.167,0
2015-06-22 05:00,0.152,0.124,0.065,20.241,0
2015-06-22 06:00,0.332,0.306,0.090,21.465,0
2015-06-22 07:00,0.494,0.487,0.114,22.713,0
2015-06-22 08:00,0.622,0.649,0.133,23.657,0
2015-06-22 09:00,0.708,0.764,0.149,24.166,0
2015-06-22 10:00,0.751,0.820,0.163,24.284,0
2015-06-22 11:00,0.750,0.801,0.178,24.130,0
2015-06-22 12:00,0.705,0.716,0.190,23.725,0
2015-06-22 13:00,0.618,0.581,0.192,23.168,0
2015-06-22 14:00,0.489,0.407,0.186,22.545,0
2015-06-22 15:00,0.324,0.216,0.171,22.013,0
2015-06-22 16:00,0.149,0.053,0.134,21.493,0
2015-06-22 17:00,0.054,0,0.081,20.617,0
2015-06-22 18:00,0,0,0.008,19.349,0
2015-06-22 19:00,0,0,0,19.024,0
2015-06-22 20:00,0,0,0,18.962,0
2015-06-22 21:00,0,0,0,18.940,0
2015-06-22 22:00,0,0,0,18.966,0
2015-06-22 23:00,0,0,0,18.911,0
2015-06-23 00:00,0,0,0,18.903,0
2015-06-23 01:00,0,0,0,18.874,0
2015-06-23 02:00,0,0,0,18.853,0
2015-06-23 03:00,0,0,0.005,18.783,0
2015-06-23 04:00,0.020,0,0.042,19.564,0
2015-06-23 05:00,0.151,0.120,0.069,20.747,0
2015-06-23 06:00,0.330,0.303,0.092,22.248,0
2015-06-23 07:00,0.491,0.485,0.114,23.637,0
2015-06-23 08:00,0.620,0.650,0.132,24.517,0
2015-06-23 09:00,0.707,0.770,0.145,24.933,0
2015-06-23 10:00,0.749,0.824,0.160,25.101,0
2015-06-23 11:00,0.747,0.804,0.176,25.038,0
2015-06-23 12:00,0.702,0.719,0.188,24.817,0
2015-06-23 13:00,0.615,0.586,0.189,24.539,0
2015-06-23 14:00,0.486,0.409,0.185,24.203,0
2015-06-23 15:00,0.323,0.219,0.169,23.802,0
2015-06-23 16:00,0.148,0.054,0.133,23.168,0
2015-06-23 17:00,0.054,0,0.081,21.818,0
2015-06-23 18:00,0,0,0.008,20.220,0
2015-06-23 19:00,0,0,0,19.769,0
2015-06-23 20:00,0,0,0,19.480,0
2015-06-23 21:00,0,0,0,19.259,0
2015-06-23 22:00,0,0,0,19.047,1
2015-06-23 23:00,0,0,0,18.878,0
2015-06-24 00:00,0,0,0,18.784,0
2015-06-24 01:00,0,0,0,18.669,0
2015-06-24 02:00,0,0,0,18.434,0
2015-06-24 03:00,0,0,0.003,18.346,0
2015-06-24 04:00,0.025,0,0.048,19.931,0
2015-06-24 05:00,0.143,0.081,0.099,21.440,0
2015-06-24 06:00,0.298,0.207,0.151,23.164,0
2015-06-24 07:00,0.485,0.471,0.124,24.534,0
2015-06-24 08:00,0.583,0.538,0.194,25.277,0
2015-06-24 09:00,0.549,0.471,0.214,25.462,1
2015-06-24 10:00,0.503,0.350,0.272,25.383,1
2015-06-24 11:00,0.450,0.202,0.348,25.153,0
2015-06-24 12:00,0.584,0.403,0.328,24.753,0
2015-06-24 13:00,0.300,0.036,0.327,24.346,0
2015-06-24 14:00,0.249,0.026,0.276,23.946,0
2015-06-24 15:00,0.145,0.005,0.179,23.626,0
2015-06-24 16:00,0.080,0.001,0.110,23.288,0
2015-06-24 17:00,0.028,0,0.052,22.565,0
2015-06-24 18:00,0,0,0.007,21.498,0
2015-06-24 19:00,0,0,0,21.121,0
2015-06-24 20:00,0,0,0,20.882,0
2015-06-24 21:00,0,0,0,20.559,0
2015-06-24 22:00,0,0,0,20.185,0
2015-06-24 23:00,0,0,0,19.928,0
2015-06-25 00:00,0,0,0,19.711,0
2015-06-25 01:00,0,0,0,19.355,0
2015-06-25 02:00,0,0,0,18.962,0
2015-06-25 03:00,0,0,0.004,18.919,0
2015-06-25 04:00,0.023,0,0.045,20.060,0
2015-06-25 05:00,0.144,0.092,0.088,21.177,0
2015-06-25 06:00,0.276,0.152,0.178,22.319,0
2015-06-25 07:00,0.441,0.321,0.212,23.249,0
2015-06-25 08:00,0.578,0.504,0.216,23.964,0
2015-06-25 09:00,0.688,0.696,0.187,24.429,0
2015-06-25 10:00,0.748,0.816,0.164,24.709,0
2015-06-25 11:00,0.746,0.799,0.179,24.731,0
2015-06-25 12:00,0.702,0.714,0.191,24.502,0
2015-06-25 13:00,0.616,0.580,0.193,24.024,0
2015-06-25 14:00,0.488,0.406,0.189,23.375,0
2015-06-25 15:00,0.325,0.220,0.169,22.638,0
2015-06-25 16:00,0.150,0.055,0.133,21.824,0
2015-06-25 17:00,0.054,0,0.082,20.839,0
2015-06-25 18:00,0,0,0.009,19.500,0
2015-06-25 19:00,0,0,0,18.911,0
2015-06-25 20:00,0,0,0,18.532,0
2015-06-25 21:00,0,0,0,18.418,0
2015-06-25 22:00,0,0,0,18.483,0
2015-06-25 23:00,0,0,0,18.540,0
2015-06-26 00:00,0,0,0,18.453,0
2015-06-26 01:00,0,0,0,18.225,0
2015-06-26 02:00,0,0,0,18.010,0
2015-06-26 03:00,0,0,0.005,17.908,0
2015-06-26 04:00,0.021,0,0.043,19.349,0
2015-06-26 05:00,0.142,0.076,0.102,20.900,0
2015-06-26 06:00,0.288,0.174,0.172,22.673,0
2015-06-26 07:00,0.489,0.485,0.113,23.842,0
2015-06-26 08:00,0.616,0.640,0.136,24.386,0
2015-06-26 09:00,0.699,0.739,0.162,24.505,0
2015-06-26 10:00,0.744,0.796,0.176,24.411,0
2015-06-26 11:00,0.745,0.784,0.188,24.156,0
2015-06-26 12:00,0.705,0.716,0.190,23.830,0
2015-06-26 13:00,0.619,0.583,0.193,23.509,0
2015-06-26 14:00,0.474,0.362,0.214,23.217,0
2015-06-26 15:00,0.320,0.198,0.186,22.922,0
2015-06-26 16:00,0.150,0.042,0.147,22.537,0
2015-06-26 17:00,0.053,0,0.080,21.804,0
2015-06-26 18:00,0,0,0.009,20.648,0
2015-06-26 19:00,0,0,0,20.258,0
2015-06-26 20:00,0,0,0,20.028,0
2015-06-26 21:00,0,0,0,19.531,0
2015-06-26 22:00,0,0,0,18.933,0
2015-06-26 23:00,0,0,0,18.484,0
2015-06-27 00:00,0,0,0,18.155,0
2015-06-27 01:00,0,0,0,17.901,0
2015-06-27 02:00,0,0,0,17.701,0
2015-06-27 03:00,0,0,0.004,17.746,0
2015-06-27 04:00,0.019,0,0.041,19.229,0
2015-06-27 05:00,0.149,0.120,0.066,20.435,0
2015-06-27 06:00,0.328,0.301,0.090,21.645,0
2015-06-27 07:00,0.490,0.477,0.118,22.861,0
2015-06-27 08:00,0.611,0.615,0.151,24.077,0
2015-06-27 09:00,0.655,0.596,0.240,25.013,0
2015-06-27 10:00,0.641,0.482,0.335,25.614,0
2015-06-27 11:00,0.736,0.773,0.194,25.924,0
2015-06-27 12:00,0.697,0.713,0.192,25.860,0
2015-06-27 13:00,0.612,0.580,0.195,25.394,0
2015-06-27 14:00,0.486,0.408,0.187,24.563,0
2015-06-27 15:00,0.324,0.218,0.172,23.795,0
2015-06-27 16:00,0.151,0.053,0.137,23.099,0
2015-06-27 17:00,0.053,0,0.081,22.170,0
2015-06-27 18:00,0,0,0.010,21.136,0
2015-06-27 19:00,0,0,0,20.599,0
2015-06-27 20:00,0,0,0,20.240,0
2015-06-27 21:00,0,0,0,20.004,0
2015-06-27 22:00,0,0,0,19.979,0
2015-06-27 23:00,0,0,0,19.917,0
2015-06-28 00:00,0,0,0,19.882,0
2015-06-28 01:00,0,0,0,19.812,0
2015-06-28 02:00,0,0,0,19.777,0
2015-06-28 03:00,0,-0,0.001,19.735,0
2015-06-28 04:00,0.002,0,0.019,19.941,0
2015-06-28 05:00,0.088,0.008,0.111,20.517,0
2015-06-28 06:00,0.280,0.176,0.159,21.802,0
2015-06-28 07:00,0.346,0.142,0.274,23.151,0
2015-06-28 08:00,0.477,0.264,0.318,24.043,0
2015-06-28 09:00,0.637,0.533,0.274,24.455,0
2015-06-28 10:00,0.698,0.637,0.263,24.642,0
2015-06-28 11:00,0.720,0.699,0.235,24.696,0
2015-06-28 12:00,0.674,0.614,0.249,24.649,0
2015-06-28 13:00,0.558,0.404,0.289,24.483,0
2015-06-28 14:00,0.292,0.082,0.271,24.222,0
2015-06-28 15:00,0.119,0.003,0.153,23.901,0
2015-06-28 16:00,0.094,0.003,0.124,23.417,0
2015-06-28 17:00,0.031,0,0.055,22.549,0
2015-06-28 18:00,0,0,0.008,21.579,0
2015-06-28 19:00,0,0,0,21.172,0
2015-06-28 20:00,0,0,0,20.780,0
2015-06-28 21:00,0,0,0,20.377,0
2015-06-28 22:00,0,0,0,20.076,0
2015-06-28 23:00,0,0,0,19.865,0
2015-06-29 00:00,0,0,0,19.702,0
2015-06-29 01:00,0,0,0,19.601,0
2015-06-29 02:00,0,0,0,19.541,0
2015-06-29 03:00,0,0,0.004,19.611,0
2015-06-29 04:00,0.028,0,0.051,20.852,0
2015-06-29 05:00,0.145,0.097,0.086,22.037,0
2015-06-29 06:00,0.321,0.290,0.096,23.721,0
2015-06-29 07:00,0.479,0.463,0.126,25.330,0
2015-06-29 08:00,0.610,0.637,0.137,26.174,0
2015-06-29 09:00,0.698,0.762,0.148,26.452,0
2015-06-29 10:00,0.741,0.817,0.163,26.647,0
2015-06-29 11:00,0.741,0.803,0.177,26.657,0
2015-06-29 12:00,0.697,0.720,0.190,26.428,0
2015-06-29 13:00,0.611,0.583,0.193,26.007,0
2015-06-29 14:00,0.483,0.403,0.192,25.399,0
2015-06-29 15:00,0.322,0.216,0.174,24.684,0
2015-06-29 16:00,0.151,0.057,0.134,23.823,0
2015-06-29 17:00,0.054,0,0.082,22.691,0
2015-06-29 18:00,0,0,0.008,21.451,0
2015-06-29 19:00,0,0,0,20.908,0
2015-06-29 20:00,0,0,0,20.612,0
2015-06-29 21:00,0,0,0,20.538,0
2015-06-29 22:00,0,0,0,20.487,0
2015-06-29 23:00,0,0,0,20.428,0
2015-06-30 00:00,0,0,0,20.376,0
2015-06-30 01:00,0,0,0,20.327,0
2015-06-30 02:00,0,0,0,20.216,0
2015-06-30 03:00,0,-0,0.001,20.111,0
2015-06-30 04:00,0.002,0,0.019,20.728,0
2015-06-30 05:00,0.074,0.007,0.097,21.490,0
2015-06-30 06:00,0.127,0.010,0.154,22.632,0
2015-06-30 07:00,0.426,0.385,0.130,23.551,0
2015-06-30 08:00,0.569,0.501,0.205,24.020,0
2015-06-30 09:00,0.654,0.598,0.234,24.404,0
2015-06-30 10:00,0.749,0.818,0.163,24.671,0
2015-06-30 11:00,0.750,0.810,0.174,24.790,0
2015-06-30 12:00,0.702,0.714,0.192,24.751,0
2015-06-30 13:00,0.616,0.582,0.195,24.546,0
2015-06-30 14:00,0.489,0.414,0.185,24.226,0
2015-06-30 15:00,0.326,0.221,0.171,23.819,0
2015-06-30 16:00,0.151,0.058,0.132,23.271,0
2015-06-30 17:00,0.054,0,0.082,22.374,0
2015-06-30 18:00,0,0,0.009,21.234,0
2015-06-30 19:00,0,0,0,20.780,0
2015-06-30 20:00,0,0,0,20.486,0
2015-06-30 21:00,0,0,0,20.300,0
2015-06-30 22:00,0,0,0,20.157,0
2015-06-30 23:00,0,0,0,20.030,0
2015-07-01 00:00,0,0,0,19.890,1
2015-07-01 01:00,0,0,0,19.737,1
2015-07-01 02:00,0,0,0,19.572,0
2015-07-01 03:00,0,0,0.004,19.476,0
2015-07-01 04:00,0.016,0,0.037,20.522,0
2015-07-01 05:00,0.143,0.128,0.052,22.053,0
2015-07-01 06:00,0.323,0.317,0.072,23.847,0
2015-07-01 07:00,0.486,0.504,0.094,25.181,0
2015-07-01 08:00,0.614,0.667,0.112,25.749,0
2015-07-01 09:00,0.700,0.778,0.133,26.044,0
2015-07-01 10:00,0.732,0.792,0.172,26.237,0
2015-07-01 11:00,0.736,0.790,0.179,26.195,0
2015-07-01 12:00,0.697,0.728,0.179,26.101,0
2015-07-01 13:00,0.614,0.602,0.178,25.905,0
2015-07-01 14:00,0.488,0.431,0.171,25.547,0
2015-07-01 15:00,0.323,0.229,0.163,25.081,0
2015-07-01 16:00,0.151,0.049,0.141,24.468,0
2015-07-01 17:00,0.053,0,0.081,23.453,0
2015-07-01 18:00,0,0,0.008,22.213,0
2015-07-01 19:00,0,0,0,21.544,0
2015-07-01 20:00,0,0,0,21.119,0
2015-07-01 21:00,0,0,0,20.959,0
2015-07-01 22:00,0,0,0,20.869,0
2015-07-01 23:00,0,0,0,20.698,0
2015-07-02 00:00,0,0,0,20.491,0
2015-07-02 01:00,0,0,0,20.267,0
2015-07-02 02:00,0,0,0,20.062,0
2015-07-02 03:00,0,0,0.004,20.032,0
2015-07-02 04:00,0.017,0,0.039,21.247,0
2015-07-02 05:00,0.141,0.127,0.052,22.747,0
2015-07-02 06:00,0.322,0.316,0.073,24.753,0
2015-07-02 07:00,0.484,0.502,0.095,25.900,0
2015-07-02 08:00,0.612,0.667,0.113,26.483,0
2015-07-02 09:00,0.698,0.782,0.130,26.773,0
2015-07-02 10:00,0.742,0.837,0.146,26.891,0
2015-07-02 11:00,0.742,0.825,0.159,26.850,0
2015-07-02 12:00,0.700,0.746,0.168,26.658,0
2015-07-02 13:00,0.617,0.614,0.171,26.323,0
2015-07-02 14:00,0.490,0.437,0.168,25.871,0
2015-07-02 15:00,0.326,0.240,0.156,25.403,0
2015-07-02 16:00,0.149,0.061,0.128,24.788,0
2015-07-02 17:00,0.052,0,0.080,23.700,0
2015-07-02 18:00,0,0,0.009,22.206,0
2015-07-02 19:00,0,0,0,21.683,0
2015-07-02 20:00,0,0,0,21.399,0
2015-07-02 21:00,0,0,0,21.247,0
2015-07-02 22:00,0,0,0,21.098,0
2015-07-02 23:00,0,0,0,20.939,0
2015-07-03 00:00,0,0,0,20.793,0
2015-07-03 01:00,0,0,0,20.671,0
2015-07-03 02:00,0,0,0,20.594,0
2015-07-03 03:00,0,0,0.003,20.657,0
2015-07-03 04:00,0.025,0,0.048,21.868,0
2015-07-03 05:00,0.141,0.101,0.079,23.326,0
2015-07-03 06:00,0.313,0.282,0.097,25.100,0
2015-07-03 07:00,0.474,0.473,0.114,26.669,0
2015-07-03 08:00,0.600,0.636,0.131,27.694,0
2015-07-03 09:00,0.687,0.761,0.142,28.204,0
2015-07-03 10:00,0.732,0.819,0.157,28.383,0
2015-07-03 11:00,0.733,0.811,0.167,28.345,0
2015-07-03 12:00,0.693,0.735,0.176,28.086,0
2015-07-03 13:00,0.609,0.602,0.178,27.664,0
2015-07-03 14:00,0.484,0.426,0.175,27.128,0
2015-07-03 15:00,0.322,0.232,0.161,26.569,0
2015-07-03 16:00,0.149,0.058,0.133,25.821,0
2015-07-03 17:00,0.053,0,0.082,24.677,0
2015-07-03 18:00,0,0,0.009,23.709,0
2015-07-03 19:00,0,0,0,23.448,0
2015-07-03 20:00,0,0,0,23.311,0
2015-07-03 21:00,0,0,0,23.445,0
2015-07-03 22:00,0,0,0,23.325,0
2015-07-03 23:00,0,0,0,23.152,0
2015-07-04 00:00,0,0,0,23.019,0
2015-07-04 01:00,0,0,0,22.932,0
2015-07-04 02:00,0,0,0,22.800,0
2015-07-04 03:00,0,-0,0.002,22.793,0
2015-07-04 04:00,0.025,0,0.048,23.794,0
2015-07-04 05:00,0.138,0.078,0.099,24.813,0
2015-07-04 06:00,0.304,0.255,0.116,26.134,0
2015-07-04 07:00,0.468,0.455,0.126,27.541,0
2015-07-04 08:00,0.596,0.625,0.139,28.381,0
2015-07-04 09:00,0.684,0.750,0.150,28.550,0
2015-07-04 10:00,0.728,0.806,0.163,28.477,0
2015-07-04 11:00,0.731,0.802,0.172,28.320,0
2015-07-04 12:00,0.692,0.734,0.176,28.074,0
2015-07-04 13:00,0.609,0.600,0.180,27.725,0
2015-07-04 14:00,0.483,0.425,0.176,27.216,0
2015-07-04 15:00,0.323,0.232,0.163,26.677,0
2015-07-04 16:00,0.149,0.059,0.131,25.993,0
2015-07-04 17:00,0.052,0,0.081,24.791,0
2015-07-04 18:00,0,0,0.009,23.428,0
2015-07-04 19:00,0,0,0,22.816,0
2015-07-04 20:00,0,0,0,22.494,0
2015-07-04 21:00,0,0,0,22.283,0
2015-07-04 22:00,0,0,0,22.068,0
2015-07-04 23:00,0,0,0,21.859,0
2015-07-05 00:00,0,0,0,21.706,0
2015-07-05 01:00,0,0,0,21.624,0
2015-07-05 02:00,0,0,0,21.516,0
2015-07-05 03:00,0,0,0.003,21.451,0
2015-07-05 04:00,0.022,0,0.045,22.400,0
2015-07-05 05:00,0.139,0.103,0.074,23.853,0
2015-07-05 06:00,0.310,0.275,0.101,25.600,0
2015-07-05 07:00,0.470,0.465,0.118,27.103,0
2015-07-05 08:00,0.599,0.633,0.133,27.887,0
2015-07-05 09:00,0.684,0.750,0.148,28.244,0
2015-07-05 10:00,0.729,0.809,0.162,28.309,0
2015-07-05 11:00,0.733,0.806,0.170,28.204,0
2015-07-05 12:00,0.693,0.731,0.179,27.963,0
2015-07-05 13:00,0.608,0.597,0.182,27.647,0
2015-07-05 14:00,0.484,0.426,0.176,27.225,0
2015-07-05 15:00,0.323,0.231,0.163,26.785,0
2015-07-05 16:00,0.150,0.059,0.133,26.167,0
2015-07-05 17:00,0.053,0,0.081,24.988,0
2015-07-05 18:00,0,0,0.009,23.604,0
2015-07-05 19:00,0,0,0,23.240,0
2015-07-05 20:00,0,0,0,23.060,0
2015-07-05 21:00,0,0,0,22.883,0
2015-07-05 22:00,0,0,0,22.757,0
2015-07-05 23:00,0,0,0,22.704,0
2015-07-06 00:00,0,0,0,22.618,0
2015-07-06 01:00,0,0,0,22.515,0
2015-07-06 02:00,0,0,0,22.352,0
2015-07-06 03:00,0,0,0.002,22.113,0
2015-07-06 04:00,0.023,0,0.047,22.907,0
2015-07-06 05:00,0.138,0.093,0.084,24.284,0
2015-07-06 06:00,0.307,0.269,0.105,26.032,0
2015-07-06 07:00,0.468,0.459,0.121,27.538,0
2015-07-06 08:00,0.594,0.629,0.134,28.720,0
2015-07-06 09:00,0.680,0.747,0.150,29.273,0
2015-07-06 10:00,0.724,0.806,0.164,29.423,0
2015-07-06 11:00,0.728,0.803,0.172,29.327,0
2015-07-06 12:00,0.687,0.727,0.181,29.072,0
2015-07-06 13:00,0.605,0.595,0.184,28.717,0
2015-07-06 14:00,0.481,0.425,0.176,28.269,0
2015-07-06 15:00,0.321,0.232,0.162,27.760,0
2015-07-06 16:00,0.148,0.060,0.131,27.054,0
2015-07-06 17:00,0.053,0,0.082,25.695,0
2015-07-06 18:00,0,0,0.009,24.199,0
2015-07-06 19:00,0,0,0,23.703,0
2015-07-06 20:00,0,0,0,23.377,0
2015-07-06 21:00,0,0,0,23.168,0
2015-07-06 22:00,0,0,0,23.005,0
2015-07-06 23:00,0,0,0,22.947,0
2015-07-07 00:00,0,0,0,22.874,0
2015-07-07 01:00,0,0,0,22.751,0
2015-07-07 02:00,0,0,0,22.597,0
2015-07-07 03:00,0,0,0.002,22.524,0
2015-07-07 04:00,0.023,0,0.046,23.523,0
2015-07-07 05:00,0.137,0.096,0.080,24.997,0
2015-07-07 06:00,0.307,0.274,0.101,26.809,0
2015-07-07 07:00,0.466,0.463,0.118,28.585,0
2015-07-07 08:00,0.591,0.631,0.133,30.135,0
2015-07-07 09:00,0.676,0.753,0.146,30.686,0
2015-07-07 10:00,0.720,0.809,0.162,30.694,0
2015-07-07 11:00,0.722,0.800,0.174,30.524,0
2015-07-07 12:00,0.682,0.725,0.182,30.271,0
2015-07-07 13:00,0.600,0.592,0.186,29.948,0
2015-07-07 14:00,0.476,0.419,0.180,29.535,0
2015-07-07 15:00,0.319,0.229,0.165,29.038,0
2015-07-07 16:00,0.148,0.058,0.133,28.229,0
2015-07-07 17:00,0.052,0,0.081,26.653,0
2015-07-07 18:00,0,0,0.008,25.117,0
2015-07-07 19:00,0,0,0,24.631,0
2015-07-07 20:00,0,0,0,24.333,0
2015-07-07 21:00,0,0,0,24.020,0
2015-07-07 22:00,0,0,0,23.918,0
2015-07-07 23:00,0,0,0,23.891,0
2015-07-08 00:00,0,0,0,23.877,0
2015-07-08 01:00,0,0,0,23.851,0
2015-07-08 02:00,0,0,0,23.659,0
2015-07-08 03:00,0,0,0.002,23.555,0
2015-07-08 04:00,0.022,0,0.045,24.320,0
2015-07-08 05:00,0.135,0.097,0.078,25.798,0
2015-07-08 06:00,0.305,0.275,0.099,27.467,0
2015-07-08 07:00,0.465,0.463,0.118,28.900,0
2015-07-08 08:00,0.590,0.628,0.135,30.138,0
2015-07-08 09:00,0.675,0.748,0.150,30.717,0
2015-07-08 10:00,0.718,0.800,0.168,30.962,0
2015-07-08 11:00,0.719,0.794,0.178,31.028,0
2015-07-08 12:00,0.680,0.724,0.184,30.946,0
2015-07-08 13:00,0.598,0.593,0.186,30.739,0
2015-07-08 14:00,0.476,0.421,0.180,30.389,0
2015-07-08 15:00,0.317,0.227,0.166,29.896,0
2015-07-08 16:00,0.149,0.057,0.136,29.173,0
2015-07-08 17:00,0.051,0,0.081,27.824,0
2015-07-08 18:00,0,0,0.008,26.947,0
2015-07-08 19:00,0,0,0,26.503,0
2015-07-08 20:00,0,0,0,25.817,0
2015-07-08 21:00,0,0,0,25.422,0
2015-07-08 22:00,0,0,0,25.251,0
2015-07-08 23:00,0,0,0,25.204,0
2015-07-09 00:00,0,0,0,25.152,0
2015-07-09 01:00,0,0,0,25.049,0
2015-07-09 02:00,0,0,0,24.903,0
2015-07-09 03:00,0,-0,0.001,24.752,0
2015-07-09 04:00,0.021,0,0.044,25.516,0
2015-07-09 05:00,0.132,0.079,0.093,26.849,0
2015-07-09 06:00,0.299,0.258,0.111,28.701,0
2015-07-09 07:00,0.457,0.449,0.126,30.117,0
2015-07-09 08:00,0.585,0.617,0.141,30.740,0
2015-07-09 09:00,0.671,0.736,0.156,30.963,0
2015-07-09 10:00,0.715,0.795,0.170,31.015,0
2015-07-09 11:00,0.718,0.790,0.180,30.966,0
2015-07-09 12:00,0.680,0.719,0.187,30.841,0
2015-07-09 13:00,0.598,0.588,0.190,30.621,0
2015-07-09 14:00,0.475,0.417,0.183,30.292,0
2015-07-09 15:00,0.317,0.226,0.168,29.911,0
2015-07-09 16:00,0.148,0.058,0.135,29.233,0
2015-07-09 17:00,0.051,0,0.080,27.644,0
2015-07-09 18:00,0,0,0.008,26.108,0
2015-07-09 19:00,0,0,0,25.607,0
2015-07-09 20:00,0,0,0,25.120,0
2015-07-09 21:00,0,0,0,24.730,0
2015-07-09 22:00,0,0,0,24.507,0
2015-07-09 23:00,0,0,0,24.307,0
2015-07-10 00:00,0,0,0,24.178,0
2015-07-10 01:00,0,0,0,24.011,0
2015-07-10 02:00,0,0,0,23.889,0
2015-07-10 03:00,0,-0,0.001,23.668,0
2015-07-10 04:00,0.022,0,0.045,24.526,0
2015-07-10 05:00,0.130,0.062,0.107,25.827,0
2015-07-10 06:00,0.290,0.221,0.135,27.386,0
2015-07-10 07:00,0.451,0.416,0.147,29.097,0
2015-07-10 08:00,0.576,0.580,0.163,30.152,0
2015-07-10 09:00,0.651,0.655,0.202,30.179,0
2015-07-10 10:00,0.604,0.436,0.347,29.914,0
2015-07-10 11:00,0.651,0.555,0.297,29.604,0
2015-07-10 12:00,0.592,0.439,0.323,29.092,0
2015-07-10 13:00,0.551,0.427,0.273,28.567,0
2015-07-10 14:00,0.322,0.161,0.235,28.320,0
2015-07-10 15:00,0.292,0.158,0.201,28.034,0
2015-07-10 16:00,0.137,0.032,0.146,27.202,0
2015-07-10 17:00,0.051,0,0.080,25.786,0
2015-07-10 18:00,0,0,0.008,24.687,0
2015-07-10 19:00,0,0,0,24.281,0
2015-07-10 20:00,0,0,0,23.856,0
2015-07-10 21:00,0,0,0,23.427,0
2015-07-10 22:00,0,0,0,23.194,0
2015-07-10 23:00,0,0,0,23.102,0
2015-07-11 00:00,0,0,0,23.000,0
2015-07-11 01:00,0,0,0,22.776,0
2015-07-11 02:00,0,0,0,22.568,0
2015-07-11 03:00,0,-0,0.001,22.394,0
2015-07-11 04:00,0.019,0,0.041,23.348,0
2015-07-11 05:00,0.133,0.103,0.068,24.793,0
2015-07-11 06:00,0.307,0.286,0.089,26.466,0
2015-07-11 07:00,0.469,0.472,0.110,27.506,0
2015-07-11 08:00,0.598,0.638,0.128,28.222,0
2015-07-11 09:00,0.683,0.751,0.148,28.704,0
2015-07-11 10:00,0.726,0.802,0.167,28.854,0
2015-07-11 11:00,0.728,0.790,0.181,28.718,0
2015-07-11 12:00,0.687,0.713,0.191,28.339,0
2015-07-11 13:00,0.607,0.590,0.187,27.826,0
2015-07-11 14:00,0.484,0.422,0.180,27.190,0
2015-07-11 15:00,0.325,0.234,0.163,26.540,0
2015-07-11 16:00,0.150,0.062,0.130,25.737,0
2015-07-11 17:00,0.051,0,0.079,24.532,0
2015-07-11 18:00,0,0,0.008,22.926,0
2015-07-11 19:00,0,0,0,22.381,0
2015-07-11 20:00,0,0,0,22.095,0
2015-07-11 21:00,0,0,0,21.791,0
2015-07-11 22:00,0,0,0,21.583,0
2015-07-11 23:00,0,0,0,21.405,0
2015-07-12 00:00,0,0,0,21.280,0
2015-07-12 01:00,0,0,0,21.218,0
2015-07-12 02:00,0,0,0,21.200,0
2015-07-12 03:00,0,-0,0.001,21.266,0
2015-07-12 04:00,0.019,0,0.041,22.559,0
2015-07-12 05:00,0.133,0.101,0.069,24.135,0
2015-07-12 06:00,0.307,0.286,0.088,26.112,0
2015-07-12 07:00,0.469,0.475,0.108,27.658,0
2015-07-12 08:00,0.598,0.643,0.126,28.630,0
2015-07-12 09:00,0.684,0.760,0.142,29.254,0
2015-07-12 10:00,0.726,0.813,0.160,29.509,0
2015-07-12 11:00,0.727,0.799,0.176,29.464,0
2015-07-12 12:00,0.687,0.725,0.184,29.244,0
2015-07-12 13:00,0.606,0.601,0.181,28.872,0
2015-07-12 14:00,0.482,0.427,0.176,28.401,0
2015-07-12 15:00,0.323,0.236,0.161,27.858,0
2015-07-12 16:00,0.150,0.062,0.130,27.128,0
2015-07-12 17:00,0.051,0,0.080,25.788,0
2015-07-12 18:00,0,0,0.008,24.058,0
2015-07-12 19:00,0,0,0,23.618,0
2015-07-12 20:00,0,0,0,23.410,0
2015-07-12 21:00,0,0,0,23.213,0
2015-07-12 22:00,0,0,0,23.105,0
2015-07-12 23:00,0,0,0,23.144,0
2015-07-13 00:00,0,0,0,23.084,0
2015-07-13 01:00,0,0,0,23.047,0
2015-07-13 02:00,0,0,0,22.877,0
2015-07-13 03:00,0,0,0,22.631,0
2015-07-13 04:00,0.018,0,0.040,23.480,0
2015-07-13 05:00,0.131,0.101,0.069,25.026,0
2015-07-13 06:00,0.305,0.285,0.088,26.852,0
2015-07-13 07:00,0.467,0.471,0.111,28.343,0
2015-07-13 08:00,0.594,0.638,0.127,29.267,0
2015-07-13 09:00,0.681,0.756,0.144,29.628,0
2015-07-13 10:00,0.725,0.810,0.163,29.774,0
2015-07-13 11:00,0.725,0.796,0.178,29.825,0
2015-07-13 12:00,0.685,0.724,0.185,29.826,0
2015-07-13 13:00,0.603,0.595,0.186,29.703,0
2015-07-13 14:00,0.480,0.424,0.179,29.387,0
2015-07-13 15:00,0.321,0.234,0.162,28.985,0
2015-07-13 16:00,0.149,0.062,0.130,28.332,0
2015-07-13 17:00,0.050,0,0.078,26.724,0
2015-07-13 18:00,0,0,0.008,25.242,0
2015-07-13 19:00,0,0,0,24.916,0
2015-07-13 20:00,0,0,0,24.629,0
2015-07-13 21:00,0,0,0,24.445,0
2015-07-13 22:00,0,0,0,24.196,0
2015-07-13 23:00,0,0,0,23.972,0
2015-07-14 00:00,0,0,0,23.835,0
2015-07-14 01:00,0,0,0,23.728,0
2015-07-14 02:00,0,0,0,23.465,0
2015-07-14 03:00,0,0,0,23.132,0
2015-07-14 04:00,0.016,0,0.038,23.923,0
2015-07-14 05:00,0.130,0.107,0.062,25.523,0
2015-07-14 06:00,0.305,0.288,0.086,27.190,0
2015-07-14 07:00,0.467,0.472,0.110,28.394,0
2015-07-14 08:00,0.593,0.634,0.130,29.251,0
2015-07-14 09:00,0.680,0.754,0.146,29.721,0
2015-07-14 10:00,0.724,0.809,0.163,29.831,0
2015-07-14 11:00,0.727,0.802,0.175,29.738,0
2015-07-14 12:00,0.687,0.723,0.186,29.537,0
2015-07-14 13:00,0.604,0.594,0.186,29.230,0
2015-07-14 14:00,0.482,0.426,0.177,28.796,0
2015-07-14 15:00,0.323,0.237,0.161,28.292,0
2015-07-14 16:00,0.149,0.063,0.129,27.631,0
2015-07-14 17:00,0.050,0,0.079,26.606,0
2015-07-14 18:00,0,0,0.007,25.156,0
2015-07-14 19:00,0,0,0,24.517,0
2015-07-14 20:00,0,0,0,24.058,0
2015-07-14 21:00,0,0,0,23.853,0
2015-07-14 22:00,0,0,0,23.773,0
2015-07-14 23:00,0,0,0,23.831,0
2015-07-15 00:00,0,0,0,24.009,0
2015-07-15 01:00,0,0,0,24.190,0
2015-07-15 02:00,0,0,0,24.335,0
2015-07-15 03:00,0,0,0,24.431,0
2015-07-15 04:00,0.015,0,0.036,25.863,0
2015-07-15 05:00,0.128,0.110,0.057,27.304,0
2015-07-15 06:00,0.303,0.295,0.080,29.095,0
2015-07-15 07:00,0.463,0.483,0.102,30.670,0
2015-07-15 08:00,0.591,0.648,0.122,31.154,0
2015-07-15 09:00,0.675,0.758,0.143,31.386,0
2015-07-15 10:00,0.718,0.810,0.163,31.461,0
2015-07-15 11:00,0.721,0.803,0.174,31.372,0
2015-07-15 12:00,0.681,0.723,0.186,31.124,0
2015-07-15 13:00,0.601,0.597,0.185,30.731,0
2015-07-15 14:00,0.479,0.428,0.178,30.208,0
2015-07-15 15:00,0.321,0.238,0.160,29.548,0
2015-07-15 16:00,0.148,0.063,0.129,28.653,0
2015-07-15 17:00,0.050,0,0.079,27.372,0
2015-07-15 18:00,0,0,0.007,25.894,0
2015-07-15 19:00,0,0,0,25.302,0
2015-07-15 20:00,0,0,0,24.938,0
2015-07-15 21:00,0,0,0,24.754,0
2015-07-15 22:00,0,0,0,24.707,0
2015-07-15 23:00,0,0,0,24.680,0
2015-07-16 00:00,0,0,0,24.666,0
2015-07-16 01:00,0,0,0,24.818,0
2015-07-16 02:00,0,0,0,25.019,0
2015-07-16 03:00,0,0,0,25.227,0
2015-07-16 04:00,0.017,0,0.039,26.522,0
2015-07-16 05:00,0.127,0.094,0.073,28.372,0
2015-07-16 06:00,0.295,0.271,0.097,30.316,0
2015-07-16 07:00,0.453,0.459,0.118,32.276,0
2015-07-16 08:00,0.578,0.622,0.137,33.283,0
2015-07-16 09:00,0.665,0.739,0.155,33.076,0
2015-07-16 10:00,0.712,0.801,0.169,32.736,0
2015-07-16 11:00,0.716,0.793,0.181,32.441,0
2015-07-16 12:00,0.677,0.723,0.186,32.082,0
2015-07-16 13:00,0.597,0.591,0.188,31.601,0
2015-07-16 14:00,0.475,0.420,0.182,31.041,0
2015-07-16 15:00,0.318,0.231,0.165,30.501,0
2015-07-16 16:00,0.148,0.060,0.132,29.755,0
2015-07-16 17:00,0.049,0,0.078,28.369,0
2015-07-16 18:00,0,0,0.008,26.838,0
2015-07-16 19:00,0,0,0,26.221,0
2015-07-16 20:00,0,0,0,25.860,0
2015-07-16 21:00,0,0,0,25.624,0
2015-07-16 22:00,0,0,0,25.414,0
2015-07-16 23:00,0,0,0,25.257,0
2015-07-17 00:00,0,0,0,25.112,0
2015-07-17 01:00,0,0,0,25.011,0
2015-07-17 02:00,0,0,0,24.979,0
2015-07-17 03:00,0,0,0,24.966,0
2015-07-17 04:00,0.017,0,0.039,26.166,0
2015-07-17 05:00,0.126,0.086,0.079,27.737,0
2015-07-17 06:00,0.292,0.258,0.105,30.117,0
2015-07-17 07:00,0.448,0.445,0.125,32.290,0
2015-07-17 08:00,0.577,0.614,0.142,32.928,0
2015-07-17 09:00,0.665,0.734,0.158,32.668,0
2015-07-17 10:00,0.711,0.793,0.173,32.309,0
2015-07-17 11:00,0.715,0.786,0.184,31.944,0
2015-07-17 12:00,0.676,0.712,0.192,31.628,0
2015-07-17 13:00,0.597,0.588,0.191,31.354,0
2015-07-17 14:00,0.474,0.416,0.185,30.947,0
2015-07-17 15:00,0.316,0.224,0.169,30.388,0
2015-07-17 16:00,0.147,0.058,0.134,29.604,0
2015-07-17 17:00,0.048,0,0.077,28.221,0
2015-07-17 18:00,0,0,0.007,26.734,0
2015-07-17 19:00,0,0,0,26.276,0
2015-07-17 20:00,0,0,0,25.985,0
2015-07-17 21:00,0,0,0,25.777,0
2015-07-17 22:00,0,0,0,25.636,0
2015-07-17 23:00,0,0,0,25.536,0
2015-07-18 00:00,0,0,0,25.422,0
2015-07-18 01:00,0,0,0,25.311,0
2015-07-18 02:00,0,0,0,25.231,0
2015-07-18 03:00,0,0,0,25.225,0
2015-07-18 04:00,0.016,0,0.038,26.148,0
2015-07-18 05:00,0.123,0.073,0.089,27.485,0
2015-07-18 06:00,0.291,0.253,0.108,28.968,0
2015-07-18 07:00,0.454,0.450,0.122,30.355,0
2015-07-18 08:00,0.582,0.619,0.139,31.448,0
2015-07-18 09:00,0.669,0.741,0.154,31.992,0
2015-07-18 10:00,0.713,0.800,0.169,32.225,0
2015-07-18 11:00,0.715,0.790,0.182,32.242,0
2015-07-18 12:00,0.676,0.715,0.191,32.017,0
2015-07-18 13:00,0.595,0.586,0.193,31.698,0
2015-07-18 14:00,0.474,0.418,0.184,31.233,0
2015-07-18 15:00,0.316,0.224,0.169,30.676,0
2015-07-18 16:00,0.147,0.056,0.135,29.898,0
2015-07-18 17:00,0.048,0,0.077,28.615,0
2015-07-18 18:00,0,0,0.006,27.367,0
2015-07-18 19:00,0,0,0,26.812,0
2015-07-18 20:00,0,0,0,26.486,0
2015-07-18 21:00,0,0,0,26.475,0
2015-07-18 22:00,0,0,0,26.586,0
2015-07-18 23:00,0,0,0,26.616,0
2015-07-19 00:00,0,0,0,26.447,0
2015-07-19 01:00,0,0,0,26.247,0
2015-07-19 02:00,0,0,0,26.068,0
2015-07-19 03:00,0,0,0,26.062,0
2015-07-19 04:00,0.016,0,0.038,27.360,0
2015-07-19 05:00,0.121,0.067,0.094,28.753,0
2015-07-19 06:00,0.286,0.238,0.118,30.293,0
2015-07-19 07:00,0.447,0.432,0.133,31.428,0
2015-07-19 08:00,0.576,0.605,0.146,32.160,0
2015-07-19 09:00,0.664,0.729,0.161,32.434,0
2015-07-19 10:00,0.709,0.783,0.179,32.397,0
2015-07-19 11:00,0.711,0.774,0.191,32.251,0
2015-07-19 12:00,0.671,0.696,0.202,32.047,0
2015-07-19 13:00,0.593,0.577,0.199,31.758,0
2015-07-19 14:00,0.471,0.408,0.190,31.364,0
2015-07-19 15:00,0.315,0.224,0.169,30.913,0
2015-07-19 16:00,0.146,0.057,0.134,30.295,0
2015-07-19 17:00,0.047,0,0.076,29.021,0
2015-07-19 18:00,0,0,0.006,27.692,0
2015-07-19 19:00,0,0,0,27.396,0
2015-07-19 20:00,0,0,0,27.159,0
2015-07-19 21:00,0,0,0,26.892,0
2015-07-19 22:00,0,0,0,26.645,0
2015-07-19 23:00,0,0,0,26.533,0
2015-07-20 00:00,0,0,0,26.438,0
2015-07-20 01:00,0,0,0,26.253,0
2015-07-20 02:00,0,0,0,25.977,0
2015-07-20 03:00,0,0,0,25.732,0
2015-07-20 04:00,0.011,0,0.032,26.472,0
2015-07-20 05:00,0.115,0.054,0.099,27.916,0
2015-07-20 06:00,0.287,0.242,0.114,29.797,0
2015-07-20 07:00,0.448,0.438,0.128,31.315,0
2015-07-20 08:00,0.578,0.611,0.142,32.125,0
2015-07-20 09:00,0.665,0.731,0.160,32.577,0
2015-07-20 10:00,0.711,0.795,0.174,32.739,0
2015-07-20 11:00,0.714,0.788,0.185,32.719,0
2015-07-20 12:00,0.673,0.708,0.195,32.497,0
2015-07-20 13:00,0.592,0.578,0.197,32.222,0
2015-07-20 14:00,0.471,0.412,0.186,31.792,0
2015-07-20 15:00,0.315,0.226,0.168,31.241,0
2015-07-20 16:00,0.146,0.057,0.134,30.469,0
2015-07-20 17:00,0.047,0,0.076,29.266,0
2015-07-20 18:00,0,0,0.006,27.865,0
2015-07-20 19:00,0,0,0,27.259,0
2015-07-20 20:00,0,0,0,26.811,0
2015-07-20 21:00,0,0,0,26.479,0
2015-07-20 22:00,0,0,0,26.225,0
2015-07-20 23:00,0,0,0,26.003,0
2015-07-21 00:00,0,0,0,25.939,0
2015-07-21 01:00,0,0,0,25.962,0
2015-07-21 02:00,0,0,0,26.031,0
2015-07-21 03:00,0,0,0,26.106,0
2015-07-21 04:00,0.014,0,0.036,27.484,0
2015-07-21 05:00,0.114,0.045,0.107,29.079,0
2015-07-21 06:00,0.262,0.174,0.155,31.354,0
2015-07-21 07:00,0.412,0.339,0.186,33.741,0
2015-07-21 08:00,0.545,0.530,0.189,35.349,0
2015-07-21 09:00,0.639,0.677,0.190,35.899,0
2015-07-21 10:00,0.690,0.756,0.195,35.749,0
2015-07-21 11:00,0.697,0.763,0.199,35.334,0
2015-07-21 12:00,0.661,0.692,0.205,34.781,0
2015-07-21 13:00,0.580,0.555,0.210,33.998,0
2015-07-21 14:00,0.458,0.380,0.206,33.145,0
2015-07-21 15:00,0.281,0.142,0.212,32.228,0
2015-07-21 16:00,0.143,0.043,0.145,31.145,0
2015-07-21 17:00,0.043,0,0.072,29.861,0
2015-07-21 18:00,0,0,0.006,28.939,0
2015-07-21 19:00,0,0,0,28.489,0
2015-07-21 20:00,0,0,0,28.196,0
2015-07-21 21:00,0,0,0,27.989,0
2015-07-21 22:00,0,0,0,27.901,0
2015-07-21 23:00,0,0,0,27.892,0
2015-07-22 00:00,0,0,0,27.868,0
2015-07-22 01:00,0,0,0,27.845,0
2015-07-22 02:00,0,0,0,27.786,0
2015-07-22 03:00,0,0,0,27.660,0
2015-07-22 04:00,0.012,0,0.033,28.736,0
2015-07-22 05:00,0.113,0.051,0.102,30.264,0
2015-07-22 06:00,0.269,0.201,0.138,32.054,0
2015-07-22 07:00,0.430,0.393,0.155,33.230,0
2015-07-22 08:00,0.563,0.574,0.164,33.756,0
2015-07-22 09:00,0.654,0.705,0.175,33.794,0
2015-07-22 10:00,0.702,0.773,0.185,33.505,0
2015-07-22 11:00,0.708,0.772,0.194,33.090,0
2015-07-22 12:00,0.669,0.692,0.205,32.616,0
2015-07-22 13:00,0.564,0.490,0.244,32.193,0
2015-07-22 14:00,0.439,0.326,0.230,31.948,0
2015-07-22 15:00,0.267,0.123,0.213,31.818,0
2015-07-22 16:00,0.118,0.017,0.142,31.454,0
2015-07-22 17:00,0.040,0,0.068,30.459,0
2015-07-22 18:00,0,0,0.004,29.333,0
2015-07-22 19:00,0,0,0,28.757,0
2015-07-22 20:00,0,0,0,28.242,0
2015-07-22 21:00,0,0,0,27.875,0
2015-07-22 22:00,0,0,0,27.598,0
2015-07-22 23:00,0,0,0,27.356,0
2015-07-23 00:00,0,0,0,27.129,0
2015-07-23 01:00,0,0,0,27.061,0
2015-07-23 02:00,0,0,0,27.091,0
2015-07-23 03:00,0,0,0,27.012,0
2015-07-23 04:00,0.007,0,0.027,27.446,0
2015-07-23 05:00,0.113,0.049,0.103,28.259,0
2015-07-23 06:00,0.271,0.193,0.143,29.222,0
2015-07-23 07:00,0.435,0.386,0.159,30.053,0
2015-07-23 08:00,0.571,0.575,0.163,30.781,0
2015-07-23 09:00,0.663,0.708,0.172,31.328,0
2015-07-23 10:00,0.710,0.773,0.185,31.423,0
2015-07-23 11:00,0.713,0.768,0.196,31.360,0
2015-07-23 12:00,0.674,0.695,0.204,31.284,0
2015-07-23 13:00,0.592,0.567,0.204,31.188,0
2015-07-23 14:00,0.469,0.396,0.197,31.015,0
2015-07-23 15:00,0.312,0.213,0.175,30.794,0
2015-07-23 16:00,0.145,0.054,0.136,30.370,0
2015-07-23 17:00,0.045,0,0.074,29.373,0
2015-07-23 18:00,0,0,0.006,28.613,0
2015-07-23 19:00,0,0,0,28.349,0
2015-07-23 20:00,0,0,0,28.085,0
2015-07-23 21:00,0,0,0,27.688,0
2015-07-23 22:00,0,0,0,27.282,0
2015-07-23 23:00,0,0,0,26.937,0
2015-07-24 00:00,0,0,0,26.638,0
2015-07-24 01:00,0,0,0,26.356,0
2015-07-24 02:00,0,0,0,26.102,0
2015-07-24 03:00,0,0,0,25.770,0
2015-07-24 04:00,0.011,0,0.031,26.260,0
2015-07-24 05:00,0.117,0.068,0.088,27.186,0
2015-07-24 06:00,0.248,0.147,0.160,28.250,0
2015-07-24 07:00,0.369,0.223,0.234,29.206,0
2015-07-24 08:00,0.462,0.282,0.299,29.920,0
2015-07-24 09:00,0.658,0.681,0.187,30.314,0
2015-07-24 10:00,0.713,0.771,0.186,30.413,0
2015-07-24 11:00,0.716,0.762,0.199,30.230,0
2015-07-24 12:00,0.675,0.682,0.211,30.005,0
2015-07-24 13:00,0.593,0.558,0.209,29.793,0
2015-07-24 14:00,0.469,0.389,0.200,29.543,0
2015-07-24 15:00,0.311,0.203,0.181,29.255,0
2015-07-24 16:00,0.139,0.032,0.149,28.801,0
2015-07-24 17:00,0.042,0,0.070,27.995,0
2015-07-24 18:00,0,0,0.005,27.098,0
2015-07-24 19:00,0,0,0,26.755,0
2015-07-24 20:00,0,0,0,26.491,0
2015-07-24 21:00,0,0,0,26.275,0
2015-07-24 22:00,0,0,0,26.088,0
2015-07-24 23:00,0,0,0,25.907,0
2015-07-25 00:00,0,0,0,25.648,0
2015-07-25 01:00,0,0,0,25.414,0
2015-07-25 02:00,0,0,0,25.170,0
2015-07-25 03:00,0,0,0,24.992,0
2015-07-25 04:00,0.011,0,0.031,25.498,0
2015-07-25 05:00,0.106,0.036,0.107,26.375,0
2015-07-25 06:00,0.256,0.153,0.162,27.543,0
2015-07-25 07:00,0.426,0.351,0.178,28.639,0
2015-07-25 08:00,0.563,0.536,0.184,29.519,0
2015-07-25 09:00,0.644,0.628,0.216,30.061,0
2015-07-25 10:00,0.713,0.769,0.188,30.259,0
2015-07-25 11:00,0.716,0.760,0.201,30.181,0
2015-07-25 12:00,0.675,0.683,0.211,29.998,0
2015-07-25 13:00,0.594,0.559,0.209,29.882,0
2015-07-25 14:00,0.470,0.395,0.197,29.740,0
2015-07-25 15:00,0.314,0.214,0.174,29.469,0
2015-07-25 16:00,0.144,0.052,0.136,28.962,0
2015-07-25 17:00,0.038,0,0.065,28.091,0
2015-07-25 18:00,0,0,0.005,27.192,0
2015-07-25 19:00,0,0,0,26.848,0
2015-07-25 20:00,0,0,0,26.569,0
2015-07-25 21:00,0,0,0,26.459,0
2015-07-25 22:00,0,0,0,26.387,0
2015-07-25 23:00,0,0,0,26.318,0
2015-07-26 00:00,0,0,0,26.217,0
2015-07-26 01:00,0,0,0,25.932,0
2015-07-26 02:00,0,0,0,25.585,0
2015-07-26 03:00,0,0,0,25.222,0
2015-07-26 04:00,0.012,0,0.032,25.773,0
2015-07-26 05:00,0.117,0.067,0.087,26.788,0
2015-07-26 06:00,0.285,0.241,0.110,28.094,0
2015-07-26 07:00,0.449,0.435,0.128,29.677,0
2015-07-26 08:00,0.579,0.603,0.147,30.648,0
2015-07-26 09:00,0.669,0.728,0.162,31.139,0
2015-07-26 10:00,0.713,0.785,0.178,31.423,0
2015-07-26 11:00,0.713,0.770,0.195,31.550,0
2015-07-26 12:00,0.674,0.696,0.203,31.439,0
2015-07-26 13:00,0.591,0.565,0.205,31.139,0
2015-07-26 14:00,0.462,0.375,0.208,30.684,0
2015-07-26 15:00,0.311,0.212,0.175,30.141,0
2015-07-26 16:00,0.138,0.039,0.142,29.405,0
2015-07-26 17:00,0.043,0,0.071,28.275,0
2015-07-26 18:00,0,0,0.005,27.079,0
2015-07-26 19:00,0,0,0,26.732,0
2015-07-26 20:00,0,0,0,26.514,0
2015-07-26 21:00,0,0,0,26.334,0
2015-07-26 22:00,0,0,0,26.226,0
2015-07-26 23:00,0,0,0,26.080,0
2015-07-27 00:00,0,0,0,25.877,0
2015-07-27 01:00,0,0,0,25.680,0
2015-07-27 02:00,0,0,0,25.421,0
2015-07-27 03:00,0,0,0,25.107,0
2015-07-27 04:00,0.011,0,0.031,25.661,0
2015-07-27 05:00,0.119,0.089,0.068,26.757,0
2015-07-27 06:00,0.292,0.268,0.091,28.422,0
2015-07-27 07:00,0.455,0.456,0.115,29.961,0
2015-07-27 08:00,0.584,0.623,0.135,30.825,0
2015-07-27 09:00,0.670,0.735,0.158,31.258,0
2015-07-27 10:00,0.715,0.793,0.175,31.439,0
2015-07-27 11:00,0.717,0.780,0.190,31.439,0
2015-07-27 12:00,0.676,0.701,0.200,31.334,0
2015-07-27 13:00,0.595,0.577,0.199,31.188,0
2015-07-27 14:00,0.474,0.413,0.187,30.942,0
2015-07-27 15:00,0.315,0.225,0.167,30.555,0
2015-07-27 16:00,0.143,0.058,0.130,29.910,0
2015-07-27 17:00,0.043,0,0.071,28.803,0
2015-07-27 18:00,0,0,0.005,27.591,0
2015-07-27 19:00,0,0,0,27.248,0
2015-07-27 20:00,0,0,0,27.077,0
2015-07-27 21:00,0,0,0,27.008,0
2015-07-27 22:00,0,0,0,26.995,0
2015-07-27 23:00,0,0,0,26.879,0
2015-07-28 00:00,0,0,0,26.637,0
2015-07-28 01:00,0,0,0,26.300,0
2015-07-28 02:00,0,0,0,26.077,0
2015-07-28 03:00,0,0,0,25.761,0
2015-07-28 04:00,0.010,0,0.030,26.414,0
2015-07-28 05:00,0.117,0.093,0.063,27.672,0
2015-07-28 06:00,0.291,0.272,0.087,29.033,0
2015-07-28 07:00,0.457,0.466,0.109,30.140,0
2015-07-28 08:00,0.585,0.627,0.132,30.945,0
2015-07-28 09:00,0.667,0.724,0.164,31.414,0
2015-07-28 10:00,0.712,0.785,0.179,31.594,0
2015-07-28 11:00,0.714,0.772,0.195,31.595,0
2015-07-28 12:00,0.672,0.689,0.208,31.484,0
2015-07-28 13:00,0.591,0.566,0.205,31.307,0
2015-07-28 14:00,0.471,0.405,0.191,30.988,0
2015-07-28 15:00,0.313,0.223,0.167,30.606,0
2015-07-28 16:00,0.141,0.057,0.128,30.067,0
2015-07-28 17:00,0.041,0,0.069,28.789,0
2015-07-28 18:00,0,0,0,27.492,0
2015-07-28 19:00,0,0,0,27.089,0
2015-07-28 20:00,0,0,0,26.741,0
2015-07-28 21:00,0,0,0,26.457,0
2015-07-28 22:00,0,0,0,26.284,0
2015-07-28 23:00,0,0,0,26.215,0
2015-07-29 00:00,0,0,0,26.227,0
2015-07-29 01:00,0,0,0,26.292,0
2015-07-29 02:00,0,0,0,26.317,0
2015-07-29 03:00,0,0,0,26.102,0
2015-07-29 04:00,0.009,0,0.029,26.551,0
2015-07-29 05:00,0.116,0.101,0.054,27.934,0
2015-07-29 06:00,0.293,0.283,0.080,29.605,0
2015-07-29 07:00,0.456,0.468,0.107,30.788,0
2015-07-29 08:00,0.583,0.627,0.132,31.554,0
2015-07-29 09:00,0.669,0.740,0.155,32.061,0
2015-07-29 10:00,0.709,0.784,0.180,32.354,0
2015-07-29 11:00,0.709,0.762,0.200,32.418,0
2015-07-29 12:00,0.667,0.682,0.211,32.312,0
2015-07-29 13:00,0.587,0.561,0.207,32.109,0
2015-07-29 14:00,0.468,0.403,0.191,31.799,0
2015-07-29 15:00,0.311,0.221,0.168,31.399,0
2015-07-29 16:00,0.140,0.056,0.128,30.837,0
2015-07-29 17:00,0.041,0,0.069,29.595,0
2015-07-29 18:00,0,0,0,28.226,0
2015-07-29 19:00,0,0,0,27.784,0
2015-07-29 20:00,0,0,0,27.517,0
2015-07-29 21:00,0,0,0,27.311,0
2015-07-29 22:00,0,0,0,27.089,0
2015-07-29 23:00,0,0,0,26.964,0
2015-07-30 00:00,0,0,0,26.818,0
2015-07-30 01:00,0,0,0,26.692,0
2015-07-30 02:00,0,0,0,26.613,0
2015-07-30 03:00,0,0,0,26.337,0
2015-07-30 04:00,0.009,0,0.029,26.896,0
2015-07-30 05:00,0.115,0.099,0.055,28.192,0
2015-07-30 06:00,0.292,0.283,0.080,29.704,0
2015-07-30 07:00,0.454,0.467,0.107,30.935,0
2015-07-30 08:00,0.582,0.625,0.133,31.800,0
2015-07-30 09:00,0.666,0.732,0.160,32.314,0
2015-07-30 10:00,0.707,0.778,0.184,32.628,0
2015-07-30 11:00,0.706,0.755,0.205,32.718,0
2015-07-30 12:00,0.664,0.675,0.216,32.644,0
2015-07-30 13:00,0.584,0.551,0.212,32.439,0
2015-07-30 14:00,0.464,0.395,0.196,32.101,0
2015-07-30 15:00,0.309,0.220,0.168,31.612,0
2015-07-30 16:00,0.140,0.055,0.129,30.908,0
2015-07-30 17:00,0.040,0,0.068,29.475,0
2015-07-30 18:00,0,0,0,27.935,0
2015-07-30 19:00,0,0,0,27.376,0
2015-07-30 20:00,0,0,0,27.039,0
2015-07-30 21:00,0,0,0,26.794,0
2015-07-30 22:00,0,0,0,26.634,0
2015-07-30 23:00,0,0,0,26.406,0
2015-07-31 00:00,0,0,0,26.107,0
2015-07-31 01:00,0,0,0,25.785,0
2015-07-31 02:00,0,0,0,25.489,0
2015-07-31 03:00,0,0,0,25.421,0
2015-07-31 04:00,0.009,0,0.029,26.323,0
2015-07-31 05:00,0.114,0.084,0.068,27.766,0
2015-07-31 06:00,0.284,0.256,0.097,29.769,0
2015-07-31 07:00,0.446,0.442,0.122,31.430,0
2015-07-31 08:00,0.575,0.605,0.145,32.410,0
2015-07-31 09:00,0.661,0.722,0.165,32.915,0
2015-07-31 10:00,0.705,0.776,0.184,33.151,0
2015-07-31 11:00,0.682,0.681,0.241,33.210,0
2015-07-31 12:00,0.509,0.282,0.375,33.193,0
2015-07-31 13:00,0.559,0.491,0.239,33.167,0
2015-07-31 14:00,0.460,0.391,0.197,33.033,0
2015-07-31 15:00,0.307,0.220,0.167,32.631,0
2015-07-31 16:00,0.137,0.051,0.131,31.832,0
2015-07-31 17:00,0.038,0,0.066,30.166,0
2015-07-31 18:00,0,0,0,28.827,0
2015-07-31 19:00,0,0,0,28.233,0
2015-07-31 20:00,0,0,0,27.764,0
2015-07-31 21:00,0,0,0,27.610,0
2015-07-31 22:00,0,0,0,27.539,0
2015-07-31 23:00,0,0,0,27.396,0
2015-08-01 00:00,0,0,0,27.280,0
2015-08-01 01:00,0,0,0,27.251,0
2015-08-01 02:00,0,0,0,27.194,0
2015-08-01 03:00,0,0,0,27.062,0
2015-08-01 04:00,0.008,0,0.027,27.613,0
2015-08-01 05:00,0.110,0.071,0.078,28.781,0
2015-08-01 06:00,0.282,0.255,0.096,30.297,0
2015-08-01 07:00,0.444,0.441,0.121,31.712,0
2015-08-01 08:00,0.575,0.616,0.136,32.680,0
2015-08-01 09:00,0.666,0.746,0.150,33.105,0
2015-08-01 10:00,0.714,0.816,0.160,33.061,0
2015-08-01 11:00,0.721,0.815,0.170,32.714,0
2015-08-01 12:00,0.683,0.741,0.177,32.214,0
2015-08-01 13:00,0.600,0.605,0.180,31.655,0
2015-08-01 14:00,0.472,0.418,0.179,31.000,0
2015-08-01 15:00,0.311,0.224,0.162,30.385,0
2015-08-01 16:00,0.139,0.054,0.128,29.714,0
2015-08-01 17:00,0.036,0,0.063,28.641,0
2015-08-01 18:00,0,0,0,27.485,0
2015-08-01 19:00,0,0,0,26.982,0
2015-08-01 20:00,0,0,0,26.733,0
2015-08-01 21:00,0,0,0,26.556,0
2015-08-01 22:00,0,0,0,26.409,0
2015-08-01 23:00,0,0,0,26.270,0
2015-08-02 00:00,0,0,0,26.223,0
2015-08-02 01:00,0,0,0,26.193,0
2015-08-02 02:00,0,0,0,26.108,0
2015-08-02 03:00,0,0,0,26.003,0
2015-08-02 04:00,0.008,0,0.027,26.783,0
2015-08-02 05:00,0.110,0.072,0.076,28.402,0
2015-08-02 06:00,0.283,0.258,0.094,30.263,0
2015-08-02 07:00,0.444,0.442,0.120,31.473,0
2015-08-02 08:00,0.575,0.609,0.140,32.070,0
2015-08-02 09:00,0.666,0.736,0.155,32.406,0
2015-08-02 10:00,0.715,0.810,0.164,32.479,0
2015-08-02 11:00,0.720,0.809,0.174,32.455,0
2015-08-02 12:00,0.680,0.732,0.183,32.382,0
2015-08-02 13:00,0.594,0.591,0.188,32.215,0
2015-08-02 14:00,0.466,0.405,0.187,31.860,0
2015-08-02 15:00,0.306,0.217,0.166,31.345,0
2015-08-02 16:00,0.136,0.054,0.126,30.613,0
2015-08-02 17:00,0.035,0,0.061,29.507,0
2015-08-02 18:00,0,0,0,28.606,0
2015-08-02 19:00,0,0,0,28.189,0
2015-08-02 20:00,0,0,0,27.937,0
2015-08-02 21:00,0,0,0,27.678,0
2015-08-02 22:00,0,0,0,27.543,0
2015-08-02 23:00,0,0,0,27.448,0
2015-08-03 00:00,0,0,0,27.360,0
2015-08-03 01:00,0,0,0,27.248,0
2015-08-03 02:00,0,0,0,27.212,0
2015-08-03 03:00,0,0,0,27.064,0
2015-08-03 04:00,0.008,0,0.027,27.363,0
2015-08-03 05:00,0.077,0.020,0.090,28.255,0
2015-08-03 06:00,0.146,0.036,0.154,29.436,0
2015-08-03 07:00,0.268,0.173,0.161,30.500,0
2015-08-03 08:00,0.463,0.380,0.207,31.176,0
2015-08-03 09:00,0.553,0.397,0.316,31.398,0
2015-08-03 10:00,0.651,0.592,0.270,31.235,0
2015-08-03 11:00,0.660,0.588,0.286,30.898,0
2015-08-03 12:00,0.648,0.605,0.248,30.415,0
2015-08-03 13:00,0.526,0.387,0.282,29.960,0
2015-08-03 14:00,0.333,0.139,0.274,29.536,0
2015-08-03 15:00,0.093,0.006,0.123,29.017,0
2015-08-03 16:00,0.023,0.001,0.045,28.368,0
2015-08-03 17:00,0,-0,0.015,27.532,0
2015-08-03 18:00,0,0,0,26.911,0
2015-08-03 19:00,0,0,0,26.652,0
2015-08-03 20:00,0,0,0,26.558,0
2015-08-03 21:00,0,0,0,26.483,0
2015-08-03 22:00,0,0,0,26.402,0
2015-08-03 23:00,0,0,0,26.290,0
2015-08-04 00:00,0,0,0,26.242,0
2015-08-04 01:00,0,0,0,26.132,0
2015-08-04 02:00,0,0,0,26.002,0
2015-08-04 03:00,0,0,0,25.774,0
2015-08-04 04:00,0.007,0,0.026,25.827,0
2015-08-04 05:00,0.107,0.065,0.079,26.269,0
2015-08-04 06:00,0.281,0.242,0.102,27.375,0
2015-08-04 07:00,0.442,0.411,0.138,28.216,0
2015-08-04 08:00,0.538,0.468,0.214,28.750,0
2015-08-04 09:00,0.661,0.681,0.186,29.063,0
2015-08-04 10:00,0.720,0.784,0.178,29.351,0
2015-08-04 11:00,0.655,0.580,0.279,29.686,0
2015-08-04 12:00,0.642,0.608,0.233,29.982,0
2015-08-04 13:00,0.596,0.576,0.196,30.117,0
2015-08-04 14:00,0.459,0.373,0.203,29.904,0
2015-08-04 15:00,0.265,0.135,0.194,29.463,0
2015-08-04 16:00,0.054,0.001,0.083,28.729,0
2015-08-04 17:00,0.009,0,0.029,27.379,0
2015-08-04 18:00,0,0,0,26.547,0
2015-08-04 19:00,0,0,0,26.185,0
2015-08-04 20:00,0,0,0,25.976,0
2015-08-04 21:00,0,0,0,25.850,0
2015-08-04 22:00,0,0,0,25.767,0
2015-08-04 23:00,0,0,0,25.745,0
2015-08-05 00:00,0,0,0,25.761,0
2015-08-05 01:00,0,0,0,25.802,0
2015-08-05 02:00,0,0,0,25.891,0
2015-08-05 03:00,0,0,0,25.733,0
2015-08-05 04:00,0.006,0,0.025,25.916,0
2015-08-05 05:00,0.052,0.033,0.048,26.798,0
2015-08-05 06:00,0.282,0.253,0.094,27.996,0
2015-08-05 07:00,0.334,0.321,0.092,29.409,0
2015-08-05 08:00,0.471,0.467,0.128,30.454,0
2015-08-05 09:00,0.670,0.738,0.154,31.105,0
2015-08-05 10:00,0.718,0.808,0.165,31.503,0
2015-08-05 11:00,0.721,0.801,0.178,31.609,0
2015-08-05 12:00,0.681,0.725,0.186,31.410,0
2015-08-05 13:00,0.559,0.481,0.240,30.993,0
2015-08-05 14:00,0.223,0.052,0.228,30.485,0
2015-08-05 15:00,0.135,0.035,0.143,29.938,0
2015-08-05 16:00,0.068,0.009,0.092,29.191,0
2015-08-05 17:00,0.023,0,0.047,27.876,0
2015-08-05 18:00,0,0,0,26.896,0
2015-08-05 19:00,0,0,0,26.384,0
2015-08-05 20:00,0,0,0,25.997,0
2015-08-05 21:00,0,0,0,25.743,0
2015-08-05 22:00,0,0,0,25.555,0
2015-08-05 23:00,0,0,0,25.432,0
2015-08-06 00:00,0,0,0,25.384,0
2015-08-06 01:00,0,0,0,25.417,0
2015-08-06 02:00,0,0,0,25.422,0
2015-08-06 03:00,0,0,0,25.384,0
2015-08-06 04:00,0.005,0,0.024,25.946,0
2015-08-06 05:00,0.104,0.060,0.081,27.268,0
2015-08-06 06:00,0.276,0.238,0.105,29.178,0
2015-08-06 07:00,0.441,0.428,0.127,30.774,0
2015-08-06 08:00,0.576,0.615,0.137,32.325,0
2015-08-06 09:00,0.665,0.742,0.153,33.194,0
2015-08-06 10:00,0.714,0.813,0.164,33.374,0
2015-08-06 11:00,0.718,0.810,0.173,33.186,0
2015-08-06 12:00,0.641,0.612,0.242,32.697,0
2015-08-06 13:00,0.513,0.404,0.255,31.938,0
2015-08-06 14:00,0.448,0.355,0.211,31.279,0
2015-08-06 15:00,0.301,0.206,0.170,30.921,0
2015-08-06 16:00,0.131,0.049,0.125,30.408,0
2015-08-06 17:00,0.029,0,0.055,29.104,0
2015-08-06 18:00,0,0,0,28.312,0
2015-08-06 19:00,0,0,0,27.793,0
2015-08-06 20:00,0,0,0,27.424,0
2015-08-06 21:00,0,0,0,27.123,0
2015-08-06 22:00,0,0,0,26.982,0
2015-08-06 23:00,0,0,0,26.889,0
2015-08-07 00:00,0,0,0,26.755,0
2015-08-07 01:00,0,0,0,26.530,0
2015-08-07 02:00,0,0,0,26.259,0
2015-08-07 03:00,0,0,0,25.984,0
2015-08-07 04:00,0.005,0,0.023,26.536,0
2015-08-07 05:00,0.089,0.032,0.092,27.972,0
2015-08-07 06:00,0.266,0.217,0.114,29.774,0
2015-08-07 07:00,0.437,0.430,0.123,31.506,0
2015-08-07 08:00,0.413,0.250,0.274,32.699,0
2015-08-07 09:00,0.600,0.544,0.249,33.285,0
2015-08-07 10:00,0.694,0.746,0.198,33.310,0
2015-08-07 11:00,0.535,0.344,0.350,32.994,0
2015-08-07 12:00,0.594,0.521,0.260,32.693,0
2015-08-07 13:00,0.545,0.447,0.259,32.401,0
2015-08-07 14:00,0.457,0.389,0.191,31.899,0
2015-08-07 15:00,0.294,0.197,0.172,31.369,0
2015-08-07 16:00,0.132,0.056,0.119,30.455,0
2015-08-07 17:00,0.026,0,0.051,29.251,0
2015-08-07 18:00,0,0,0,28.326,0
2015-08-07 19:00,0,0,0,28.087,0
2015-08-07 20:00,0,0,0,27.710,0
2015-08-07 21:00,0,0,0,27.328,0
2015-08-07 22:00,0,0,0,27.147,0
2015-08-07 23:00,0,0,0,27.023,0
2015-08-08 00:00,0,0,0,26.995,0
2015-08-08 01:00,0,0,0,26.889,0
2015-08-08 02:00,0,0,0,26.801,0
2015-08-08 03:00,0,0,0,26.631,0
2015-08-08 04:00,0.004,0,0.022,26.871,0
2015-08-08 05:00,0.050,0.008,0.071,27.760,0
2015-08-08 06:00,0.247,0.184,0.122,28.680,0
2015-08-08 07:00,0.427,0.382,0.151,29.460,0
2015-08-08 08:00,0.569,0.570,0.161,29.958,0
2015-08-08 09:00,0.669,0.722,0.164,30.271,0
2015-08-08 10:00,0.695,0.711,0.217,30.404,0
2015-08-08 11:00,0.693,0.689,0.236,30.318,0
2015-08-08 12:00,0.673,0.684,0.208,30.196,0
2015-08-08 13:00,0.589,0.555,0.207,30.044,0
2015-08-08 14:00,0.460,0.382,0.196,29.838,0
2015-08-08 15:00,0.302,0.206,0.168,29.520,0
2015-08-08 16:00,0.130,0.046,0.125,28.924,0
2015-08-08 17:00,0.026,0,0.050,27.697,0
2015-08-08 18:00,0,0,0,26.892,0
2015-08-08 19:00,0,0,0,26.616,0
2015-08-08 20:00,0,0,0,26.454,0
2015-08-08 21:00,0,0,0,26.298,0
2015-08-08 22:00,0,0,0,26.240,0
2015-08-08 23:00,0,0,0,26.172,0
2015-08-09 00:00,0,0,0,26.083,0
2015-08-09 01:00,0,0,0,25.955,0
2015-08-09 02:00,0,0,0,25.751,0
2015-08-09 03:00,0,0,0,25.603,0
2015-08-09 04:00,0.001,0,0.018,26.011,0
2015-08-09 05:00,0.057,0.007,0.080,27.490,0
2015-08-09 06:00,0.247,0.168,0.139,28.903,0
2015-08-09 07:00,0.408,0.333,0.176,29.906,0
2015-08-09 08:00,0.509,0.405,0.243,30.530,0
2015-08-09 09:00,0.598,0.506,0.272,30.756,0
2015-08-09 10:00,0.587,0.416,0.346,30.837,0
2015-08-09 11:00,0.687,0.681,0.236,30.844,0
2015-08-09 12:00,0.678,0.706,0.197,30.744,0
2015-08-09 13:00,0.580,0.534,0.217,30.579,0
2015-08-09 14:00,0.420,0.284,0.241,30.301,0
2015-08-09 15:00,0.297,0.199,0.170,29.941,0
2015-08-09 16:00,0.127,0.045,0.124,29.383,0
2015-08-09 17:00,0.024,0,0.048,28.063,0
2015-08-09 18:00,0,0,0,27.195,0
2015-08-09 19:00,0,0,0,26.776,0
2015-08-09 20:00,0,0,0,26.495,0
2015-08-09 21:00,0,0,0,26.332,0
2015-08-09 22:00,0,0,0,26.239,0
2015-08-09 23:00,0,0,0,26.146,0
2015-08-10 00:00,0,0,0,26.140,0
2015-08-10 01:00,0,0,0,26.081,0
2015-08-10 02:00,0,0,0,25.929,0
2015-08-10 03:00,0,0,0,25.569,0
2015-08-10 04:00,0.003,0,0.020,25.686,0
2015-08-10 05:00,0.062,0.018,0.074,26.555,0
2015-08-10 06:00,0.193,0.074,0.168,27.870,0
2015-08-10 07:00,0.238,0.088,0.209,29.249,0
2015-08-10 08:00,0.438,0.279,0.270,30.158,0
2015-08-10 09:00,0.655,0.678,0.186,30.561,0
2015-08-10 10:00,0.704,0.744,0.200,30.548,0
2015-08-10 11:00,0.681,0.650,0.255,30.406,0
2015-08-10 12:00,0.605,0.488,0.297,30.227,0
2015-08-10 13:00,0.552,0.458,0.249,30.009,0
2015-08-10 14:00,0.453,0.363,0.205,29.684,0
2015-08-10 15:00,0.296,0.195,0.171,29.267,0
2015-08-10 16:00,0.127,0.044,0.123,28.584,0
2015-08-10 17:00,0.023,0,0.046,27.326,0
2015-08-10 18:00,0,0,0,26.519,0
2015-08-10 19:00,0,0,0,26.118,0
2015-08-10 20:00,0,0,0,25.855,0
2015-08-10 21:00,0,0,0,25.685,0
2015-08-10 22:00,0,0,0,25.529,0
2015-08-10 23:00,0,0,0,25.374,0
2015-08-11 00:00,0,0,0,25.234,0
2015-08-11 01:00,0,0,0,25.108,0
2015-08-11 02:00,0,0,0,24.969,0
2015-08-11 03:00,0,0,0,24.725,0
2015-08-11 04:00,0.003,0,0.020,24.826,0
2015-08-11 05:00,0.101,0.061,0.075,25.475,0
2015-08-11 06:00,0.279,0.244,0.097,26.082,0
2015-08-11 07:00,0.448,0.429,0.125,26.974,0
2015-08-11 08:00,0.585,0.602,0.144,27.767,0
2015-08-11 09:00,0.676,0.724,0.162,28.217,0
2015-08-11 10:00,0.724,0.783,0.180,28.288,0
2015-08-11 11:00,0.726,0.769,0.195,28.073,0
2015-08-11 12:00,0.681,0.681,0.208,27.738,0
2015-08-11 13:00,0.597,0.558,0.203,27.280,0
2015-08-11 14:00,0.392,0.222,0.259,26.805,0
2015-08-11 15:00,0.179,0.041,0.184,26.444,0
2015-08-11 16:00,0.112,0.020,0.129,26.170,0
2015-08-11 17:00,0.019,0,0.042,25.751,0
2015-08-11 18:00,0,0,0,25.567,0
2015-08-11 19:00,0,0,0,25.474,0
2015-08-11 20:00,0,0,0,25.369,0
2015-08-11 21:00,0,0,0,25.286,0
2015-08-11 22:00,0,0,0,25.135,0
2015-08-11 23:00,0,0,0,24.993,0
2015-08-12 00:00,0,0,0,24.868,0
2015-08-12 01:00,0,0,0,24.761,0
2015-08-12 02:00,0,0,0,24.648,0
2015-08-12 03:00,0,0,0,24.473,0
2015-08-12 04:00,0.001,0,0.018,24.729,0
2015-08-12 05:00,0.097,0.053,0.079,25.661,0
2015-08-12 06:00,0.268,0.216,0.113,26.934,0
2015-08-12 07:00,0.436,0.398,0.143,28.086,0
2015-08-12 08:00,0.572,0.567,0.163,28.809,0
2015-08-12 09:00,0.652,0.653,0.200,29.173,0
2015-08-12 10:00,0.694,0.698,0.222,29.227,0
2015-08-12 11:00,0.700,0.697,0.231,28.990,0
2015-08-12 12:00,0.616,0.504,0.291,28.614,0
2015-08-12 13:00,0.351,0.119,0.313,28.246,0
2015-08-12 14:00,0.063,0.002,0.092,27.903,0
2015-08-12 15:00,0.014,0,0.036,27.487,0
2015-08-12 16:00,0.002,0,0.020,26.915,0
2015-08-12 17:00,0,-0,0.009,25.987,0
2015-08-12 18:00,0,0,0,25.336,0
2015-08-12 19:00,0,0,0,25.017,0
2015-08-12 20:00,0,0,0,24.792,0
2015-08-12 21:00,0,0,0,24.687,0
2015-08-12 22:00,0,0,0,24.615,0
2015-08-12 23:00,0,0,0,24.508,0
2015-08-13 00:00,0,0,0,24.468,0
2015-08-13 01:00,0,0,0,24.393,0
2015-08-13 02:00,0,0,0,24.336,0
2015-08-13 03:00,0,0,0,24.223,0
2015-08-13 04:00,0,0,0.012,24.595,0
2015-08-13 05:00,0.092,0.046,0.081,25.636,0
2015-08-13 06:00,0.267,0.215,0.113,26.881,0
2015-08-13 07:00,0.447,0.435,0.121,28.650,0
2015-08-13 08:00,0.583,0.619,0.134,30.247,0
2015-08-13 09:00,0.676,0.759,0.143,31.475,0
2015-08-13 10:00,0.724,0.832,0.153,31.963,0
2015-08-13 11:00,0.728,0.829,0.163,31.928,0
2015-08-13 12:00,0.689,0.754,0.171,31.519,0
2015-08-13 13:00,0.601,0.608,0.177,31.000,0
2015-08-13 14:00,0.457,0.384,0.192,30.413,0
2015-08-13 15:00,0.193,0.078,0.167,29.739,0
2015-08-13 16:00,0.115,0.042,0.112,28.745,0
2015-08-13 17:00,0.019,0,0.042,27.483,0
2015-08-13 18:00,0,0,0,26.578,0
2015-08-13 19:00,0,0,0,26.143,0
2015-08-13 20:00,0,0,0,25.891,0
2015-08-13 21:00,0,0,0,25.675,0
2015-08-13 22:00,0,0,0,25.536,0
2015-08-13 23:00,0,0,0,25.414,0
2015-08-14 00:00,0,0,0,25.306,0
2015-08-14 01:00,0,0,0,25.196,0
2015-08-14 02:00,0,0,0,25.085,0
2015-08-14 03:00,0,0,0,24.928,0
2015-08-14 04:00,0,0,0.016,25.204,0
2015-08-14 05:00,0.095,0.053,0.077,26.508,0
2015-08-14 06:00,0.273,0.236,0.100,28.248,0
2015-08-14 07:00,0.442,0.433,0.122,30.320,0
2015-08-14 08:00,0.578,0.617,0.136,31.824,0
2015-08-14 09:00,0.670,0.751,0.149,32.585,0
2015-08-14 10:00,0.718,0.820,0.160,32.650,0
2015-08-14 11:00,0.723,0.818,0.169,32.474,0
2015-08-14 12:00,0.682,0.738,0.179,32.023,0
2015-08-14 13:00,0.594,0.591,0.185,31.498,0
2015-08-14 14:00,0.460,0.398,0.184,31.049,0
2015-08-14 15:00,0.291,0.197,0.166,30.617,0
2015-08-14 16:00,0.099,0.019,0.118,30.006,0
2015-08-14 17:00,0.002,0,0.019,28.959,0
2015-08-14 18:00,0,0,0,28.599,0
2015-08-14 19:00,0,0,0,28.234,0
2015-08-14 20:00,0,0,0,27.800,0
2015-08-14 21:00,0,0,0,27.280,0
2015-08-14 22:00,0,0,0,26.860,0
2015-08-14 23:00,0,0,0,26.490,0
2015-08-15 00:00,0,0,0,26.189,0
2015-08-15 01:00,0,0,0,25.957,0
2015-08-15 02:00,0,0,0,25.776,0
2015-08-15 03:00,0,0,0,25.630,0
2015-08-15 04:00,0,0,0.011,25.915,0
2015-08-15 05:00,0.078,0.027,0.085,26.979,0
2015-08-15 06:00,0.244,0.166,0.137,28.223,0
2015-08-15 07:00,0.327,0.170,0.236,29.676,0
2015-08-15 08:00,0.390,0.170,0.316,30.487,0
2015-08-15 09:00,0.607,0.541,0.249,30.589,0
2015-08-15 10:00,0.611,0.474,0.322,30.345,0
2015-08-15 11:00,0.657,0.577,0.287,29.984,0
2015-08-15 12:00,0.617,0.520,0.282,29.708,0
2015-08-15 13:00,0.461,0.252,0.326,29.506,0
2015-08-15 14:00,0.303,0.090,0.285,29.247,0
2015-08-15 15:00,0.163,0.036,0.173,28.910,0
2015-08-15 16:00,0.006,0,0.025,28.379,0
2015-08-15 17:00,0,-0,0.008,27.490,0
2015-08-15 18:00,0,0,0,27.188,0
2015-08-15 19:00,0,0,0,27.085,0
2015-08-15 20:00,0,0,0,26.790,0
2015-08-15 21:00,0,0,0,26.510,0
2015-08-15 22:00,0,0,0,26.319,0
2015-08-15 23:00,0,0,0,26.078,0
2015-08-16 00:00,0,0,0,25.854,0
2015-08-16 01:00,0,0,0,25.655,0
2015-08-16 02:00,0,0,0,25.512,0
2015-08-16 03:00,0,0,0,25.255,0
2015-08-16 04:00,0,0,0.014,25.154,0
2015-08-16 05:00,0.091,0.048,0.077,26.027,0
2015-08-16 06:00,0.268,0.221,0.108,27.148,0
2015-08-16 07:00,0.441,0.420,0.128,28.606,0
2015-08-16 08:00,0.576,0.591,0.149,29.676,0
2015-08-16 09:00,0.672,0.730,0.160,30.149,0
2015-08-16 10:00,0.710,0.756,0.194,29.847,0
2015-08-16 11:00,0.370,0.196,0.264,29.425,0
2015-08-16 12:00,0.452,0.266,0.299,29.142,0
2015-08-16 13:00,0.149,0.034,0.159,28.624,0
2015-08-16 14:00,0.337,0.249,0.166,28.056,0
2015-08-16 15:00,0.189,0.048,0.190,27.541,0
2015-08-16 16:00,0.025,0,0.049,26.696,0
2015-08-16 17:00,0,-0,0.005,25.812,0
2015-08-16 18:00,0,0,0,25.239,0
2015-08-16 19:00,0,0,0,24.839,0
2015-08-16 20:00,0,0,0,24.687,0
2015-08-16 21:00,0,0,0,24.611,0
2015-08-16 22:00,0,0,0,24.509,0
2015-08-16 23:00,0,0,0,24.301,0
2015-08-17 00:00,0,0,0,23.954,0
2015-08-17 01:00,0,0,0,23.604,0
2015-08-17 02:00,0,0,0,23.216,0
2015-08-17 03:00,0,0,0,22.858,0
2015-08-17 04:00,0,0,0.013,23.236,0
2015-08-17 05:00,0.104,0.089,0.049,24.122,0
2015-08-17 06:00,0.297,0.299,0.060,24.635,0
2015-08-17 07:00,0.471,0.491,0.088,25.602,0
2015-08-17 08:00,0.578,0.576,0.154,26.509,0
2015-08-17 09:00,0.635,0.586,0.231,27.208,0
2015-08-17 10:00,0.671,0.621,0.254,27.652,0
2015-08-17 11:00,0.689,0.666,0.238,27.916,0
2015-08-17 12:00,0.697,0.740,0.177,28.031,0
2015-08-17 13:00,0.605,0.594,0.182,27.988,0
2015-08-17 14:00,0.469,0.410,0.174,27.811,0
2015-08-17 15:00,0.300,0.218,0.150,27.447,0
2015-08-17 16:00,0.118,0.044,0.113,26.813,0
2015-08-17 17:00,0.014,0,0.035,25.527,0
2015-08-17 18:00,0,0,0,25.072,0
2015-08-17 19:00,0,0,0,24.841,0
2015-08-17 20:00,0,0,0,24.610,0
2015-08-17 21:00,0,0,0,24.452,0
2015-08-17 22:00,0,0,0,24.328,0
2015-08-17 23:00,0,0,0,24.220,0
2015-08-18 00:00,0,0,0,24.105,0
2015-08-18 01:00,0,0,0,23.997,0
2015-08-18 02:00,0,0,0,23.922,0
2015-08-18 03:00,0,0,0,23.810,0
2015-08-18 04:00,0,0,0.012,24.089,0
2015-08-18 05:00,0.099,0.074,0.060,25.410,0
2015-08-18 06:00,0.288,0.281,0.071,26.449,0
2015-08-18 07:00,0.460,0.470,0.101,27.556,0
2015-08-18 08:00,0.573,0.574,0.157,28.417,0
2015-08-18 09:00,0.543,0.410,0.280,28.924,0
2015-08-18 10:00,0.420,0.158,0.364,29.238,0
2015-08-18 11:00,0.570,0.394,0.336,29.410,0
2015-08-18 12:00,0.670,0.671,0.210,29.388,0
2015-08-18 13:00,0.593,0.570,0.192,29.112,0
2015-08-18 14:00,0.463,0.399,0.179,28.577,0
2015-08-18 15:00,0.294,0.207,0.155,27.932,0
2015-08-18 16:00,0.115,0.041,0.112,27.087,0
2015-08-18 17:00,0.012,0,0.032,25.391,0
2015-08-18 18:00,0,0,0,24.566,0
2015-08-18 19:00,0,0,0,24.126,0
2015-08-18 20:00,0,0,0,23.798,0
2015-08-18 21:00,0,0,0,23.550,0
2015-08-18 22:00,0,0,0,23.348,0
2015-08-18 23:00,0,0,0,23.140,0
2015-08-19 00:00,0,0,0,22.885,0
2015-08-19 01:00,0,0,0,22.610,0
2015-08-19 02:00,0,0,0,22.460,0
2015-08-19 03:00,0,0,0,22.385,0
2015-08-19 04:00,0,0,0.013,22.795,0
2015-08-19 05:00,0.093,0.065,0.061,24.294,0
2015-08-19 06:00,0.232,0.151,0.134,25.588,0
2015-08-19 07:00,0.461,0.470,0.099,26.998,0
2015-08-19 08:00,0.587,0.616,0.135,28.248,0
2015-08-19 09:00,0.686,0.762,0.143,29.082,0
2015-08-19 10:00,0.711,0.758,0.191,29.525,0
2015-08-19 11:00,0.697,0.698,0.229,29.587,0
2015-08-19 12:00,0.679,0.700,0.196,29.369,0
2015-08-19 13:00,0.594,0.576,0.189,29.097,0
2015-08-19 14:00,0.460,0.394,0.181,28.822,0
2015-08-19 15:00,0.292,0.207,0.154,28.487,0
2015-08-19 16:00,0.114,0.041,0.111,27.700,0
2015-08-19 17:00,0.011,0,0.031,26.253,0
2015-08-19 18:00,0,0,0,25.875,0
2015-08-19 19:00,0,0,0,25.658,0
2015-08-19 20:00,0,0,0,25.387,0
2015-08-19 21:00,0,0,0,25.081,0
2015-08-19 22:00,0,0,0,24.782,0
2015-08-19 23:00,0,0,0,24.519,0
2015-08-20 00:00,0,0,0,24.179,0
2015-08-20 01:00,0,0,0,24.016,0
2015-08-20 02:00,0,0,0,23.897,0
2015-08-20 03:00,0,0,0,23.745,0
2015-08-20 04:00,0,0,0.011,24.048,0
2015-08-20 05:00,0.064,0.027,0.068,25.086,0
2015-08-20 06:00,0.235,0.160,0.128,25.909,0
2015-08-20 07:00,0.466,0.484,0.092,26.743,0
2015-08-20 08:00,0.608,0.670,0.107,27.438,0
2015-08-20 09:00,0.703,0.808,0.119,27.845,0
2015-08-20 10:00,0.739,0.832,0.154,27.988,0
2015-08-20 11:00,0.740,0.818,0.168,27.960,0
2015-08-20 12:00,0.699,0.746,0.173,27.745,0
2015-08-20 13:00,0.606,0.596,0.177,27.345,0
2015-08-20 14:00,0.468,0.406,0.173,26.764,0
2015-08-20 15:00,0.297,0.211,0.151,26.088,0
2015-08-20 16:00,0.110,0.033,0.113,25.262,0
2015-08-20 17:00,0.010,0,0.030,24.031,0
2015-08-20 18:00,0,0,0,23.360,0
2015-08-20 19:00,0,0,0,22.955,0
2015-08-20 20:00,0,0,0,22.619,0
2015-08-20 21:00,0,0,0,22.381,0
2015-08-20 22:00,0,0,0,22.252,0
2015-08-20 23:00,0,0,0,22.172,0
2015-08-21 00:00,0,0,0,22.135,0
2015-08-21 01:00,0,0,0,22.101,0
2015-08-21 02:00,0,0,0,22.068,0
2015-08-21 03:00,0,0,0,21.976,0
2015-08-21 04:00,0,0,0.011,22.372,0
2015-08-21 05:00,0.100,0.084,0.050,23.784,0
2015-08-21 06:00,0.293,0.292,0.063,24.785,0
2015-08-21 07:00,0.461,0.465,0.102,25.802,0
2015-08-21 08:00,0.578,0.577,0.154,26.721,0
2015-08-21 09:00,0.611,0.524,0.257,27.361,0
2015-08-21 10:00,0.675,0.631,0.251,27.672,0
2015-08-21 11:00,0.695,0.676,0.237,27.723,0
2015-08-21 12:00,0.691,0.721,0.185,27.584,0
2015-08-21 13:00,0.603,0.586,0.183,27.294,0
2015-08-21 14:00,0.467,0.403,0.175,26.843,0
2015-08-21 15:00,0.295,0.211,0.149,26.286,0
2015-08-21 16:00,0.110,0.039,0.108,25.564,0
2015-08-21 17:00,0.008,0,0.028,24.326,0
2015-08-21 18:00,0,0,0,23.809,0
2015-08-21 19:00,0,0,0,23.567,0
2015-08-21 20:00,0,0,0,23.406,0
2015-08-21 21:00,0,0,0,23.306,0
2015-08-21 22:00,0,0,0,23.241,0
2015-08-21 23:00,0,0,0,23.202,0
2015-08-22 00:00,0,0,0,23.180,0
2015-08-22 01:00,0,0,0,23.123,0
2015-08-22 02:00,0,0,0,23.007,0
2015-08-22 03:00,0,0,0,22.913,0
2015-08-22 04:00,0,0,0.011,23.147,0
2015-08-22 05:00,0.050,0.026,0.052,24.133,0
2015-08-22 06:00,0.156,0.081,0.117,24.798,0
2015-08-22 07:00,0.464,0.470,0.100,25.640,0
2015-08-22 08:00,0.573,0.565,0.156,26.226,0
2015-08-22 09:00,0.651,0.630,0.207,26.584,0
2015-08-22 10:00,0.737,0.809,0.166,26.720,0
2015-08-22 11:00,0.705,0.692,0.230,26.651,0
2015-08-22 12:00,0.529,0.340,0.321,26.500,0
2015-08-22 13:00,0.467,0.293,0.283,26.267,0
2015-08-22 14:00,0.456,0.376,0.185,25.897,0
2015-08-22 15:00,0.293,0.205,0.151,25.359,0
2015-08-22 16:00,0.109,0.037,0.107,24.609,0
2015-08-22 17:00,0.006,0,0.025,23.364,0
2015-08-22 18:00,0,0,0,22.799,0
2015-08-22 19:00,0,0,0,22.521,0
2015-08-22 20:00,0,0,0,22.296,0
2015-08-22 21:00,0,0,0,22.178,0
2015-08-22 22:00,0,0,0,22.125,0
2015-08-22 23:00,0,0,0,22.124,0
2015-08-23 00:00,0,0,0,22.065,0
2015-08-23 01:00,0,0,0,22.033,0
2015-08-23 02:00,0,0,0,21.895,0
2015-08-23 03:00,0,0,0,21.768,0
2015-08-23 04:00,0,0,0.010,21.844,0
2015-08-23 05:00,0.096,0.077,0.052,22.984,0
2015-08-23 06:00,0.292,0.287,0.066,24.098,0
2015-08-23 07:00,0.468,0.480,0.094,25.168,0
2015-08-23 08:00,0.599,0.630,0.127,26.091,0
2015-08-23 09:00,0.686,0.737,0.156,26.745,0
2015-08-23 10:00,0.737,0.812,0.164,27.042,0
2015-08-23 11:00,0.740,0.806,0.175,27.036,0
2015-08-23 12:00,0.693,0.719,0.184,26.829,0
2015-08-23 13:00,0.603,0.583,0.183,26.509,0
2015-08-23 14:00,0.462,0.390,0.179,26.075,0
2015-08-23 15:00,0.290,0.203,0.150,25.563,0
2015-08-23 16:00,0.107,0.036,0.107,24.837,0
2015-08-23 17:00,0.005,0,0.024,23.348,0
2015-08-23 18:00,0,0,0,22.814,0
2015-08-23 19:00,0,0,0,22.657,0
2015-08-23 20:00,0,0,0,22.546,0
2015-08-23 21:00,0,0,0,22.359,0
2015-08-23 22:00,0,0,0,22.178,0
2015-08-23 23:00,0,0,0,21.936,0
2015-08-24 00:00,0,0,0,21.775,1
2015-08-24 01:00,0,0,0,21.529,0
2015-08-24 02:00,0,0,0,21.224,0
2015-08-24 03:00,0,0,0,20.927,0
2015-08-24 04:00,0,0,0.010,21.054,0
2015-08-24 05:00,0.095,0.071,0.056,22.458,0
2015-08-24 06:00,0.290,0.281,0.069,23.741,0
2015-08-24 07:00,0.304,0.390,-0.022,25.236,1
2015-08-24 08:00,0.307,0.459,-0.084,26.605,1
2015-08-24 09:00,0.301,0.489,-0.120,27.585,1
2015-08-24 10:00,0.286,0.480,-0.127,28.140,1
2015-08-24 11:00,0.263,0.438,-0.113,28.369,1
2015-08-24 12:00,0.233,0.370,-0.081,28.339,1
2015-08-24 13:00,0,0,0,28.100,1
2015-08-24 14:00,0,0,0,27.672,1
2015-08-24 15:00,0,0,0,27.146,1
2015-08-24 16:00,0,0,0,26.193,1
2015-08-24 17:00,0,0,0,24.690,1
2015-08-24 18:00,0,0,0,24.524,1
2015-08-24 19:00,0,0,0,24.708,1
2015-08-24 20:00,0,0,0,24.602,1
2015-08-24 21:00,0,0,0,24.272,1
2015-08-24 22:00,0,0,0,23.977,1
2015-08-24 23:00,0,0,0,23.714,1
2015-08-25 00:00,0,0,0,23.326,0
2015-08-25 01:00,0,0,0,23.044,0
2015-08-25 02:00,0,0,0,22.893,0
2015-08-25 03:00,0,0,0,22.706,0
2015-08-25 04:00,0,0,0.010,22.854,0
2015-08-25 05:00,0.095,0.080,0.048,24.483,0
2015-08-25 06:00,0.284,0.273,0.072,25.913,0
2015-08-25 07:00,0.458,0.468,0.100,27.418,0
2015-08-25 08:00,0.592,0.635,0.125,28.588,0
2015-08-25 09:00,0.684,0.758,0.146,29.232,0
2015-08-25 10:00,0.728,0.813,0.164,29.548,0
2015-08-25 11:00,0.724,0.788,0.183,29.637,0
2015-08-25 12:00,0.674,0.690,0.198,29.427,0
2015-08-25 13:00,0.572,0.520,0.211,28.985,0
2015-08-25 14:00,0.454,0.390,0.175,28.473,0
2015-08-25 15:00,0.272,0.175,0.161,27.937,0
2015-08-25 16:00,0.096,0.028,0.104,27.183,0
2015-08-25 17:00,0.002,0,0.020,26.044,0
2015-08-25 18:00,0,0,0,25.761,0
2015-08-25 19:00,0,0,0,25.562,0
2015-08-25 20:00,0,0,0,25.215,0
2015-08-25 21:00,0,0,0,25.012,0
2015-08-25 22:00,0,0,0,25.015,0
2015-08-25 23:00,0,0,0,25.013,0
2015-08-26 00:00,0,0,0,24.959,0
2015-08-26 01:00,0,0,0,24.775,0
2015-08-26 02:00,0,0,0,24.517,0
2015-08-26 03:00,0,0,0,24.076,0
2015-08-26 04:00,0,0,0.009,24.027,0
2015-08-26 05:00,0.087,0.059,0.061,25.344,0
2015-08-26 06:00,0.278,0.263,0.078,27.052,0
2015-08-26 07:00,0.453,0.461,0.104,28.747,0
2015-08-26 08:00,0.590,0.640,0.122,29.936,0
2015-08-26 09:00,0.683,0.767,0.141,30.343,0
2015-08-26 10:00,0.729,0.827,0.157,30.333,0
2015-08-26 11:00,0.728,0.807,0.174,30.091,0
2015-08-26 12:00,0.679,0.712,0.186,29.657,0
2015-08-26 13:00,0.589,0.572,0.186,29.188,0
2015-08-26 14:00,0.452,0.388,0.175,28.726,0
2015-08-26 15:00,0.278,0.193,0.150,28.274,0
2015-08-26 16:00,0.098,0.030,0.104,27.600,0
2015-08-26 17:00,0,0,0.015,26.115,0
2015-08-26 18:00,0,0,0,25.442,0
2015-08-26 19:00,0,0,0,25.151,0
2015-08-26 20:00,0,0,0,24.975,0
2015-08-26 21:00,0,0,0,24.776,0
2015-08-26 22:00,0,0,0,24.622,0
2015-08-26 23:00,0,0,0,24.493,0
2015-08-27 00:00,0,0,0,24.414,0
2015-08-27 01:00,0,0,0,24.327,0
2015-08-27 02:00,0,0,0,24.307,0
2015-08-27 03:00,0,0,0,24.235,0
2015-08-27 04:00,0,0,0.008,24.368,0
2015-08-27 05:00,0.080,0.046,0.067,25.575,0
2015-08-27 06:00,0.268,0.236,0.093,27.279,0
2015-08-27 07:00,0.445,0.440,0.114,28.383,0
2015-08-27 08:00,0.586,0.618,0.134,29.055,0
2015-08-27 09:00,0.681,0.751,0.149,29.454,0
2015-08-27 10:00,0.728,0.818,0.160,29.698,0
2015-08-27 11:00,0.727,0.801,0.176,29.794,0
2015-08-27 12:00,0.678,0.710,0.187,29.721,0
2015-08-27 13:00,0.587,0.570,0.186,29.535,0
2015-08-27 14:00,0.449,0.386,0.175,29.161,0
2015-08-27 15:00,0.274,0.188,0.151,28.683,0
2015-08-27 16:00,0.094,0.027,0.103,27.920,0
2015-08-27 17:00,0,0,0.014,26.493,0
2015-08-27 18:00,0,0,0,25.706,0
2015-08-27 19:00,0,0,0,25.267,0
2015-08-27 20:00,0,0,0,24.991,0
2015-08-27 21:00,0,0,0,24.772,0
2015-08-27 22:00,0,0,0,24.608,0
2015-08-27 23:00,0,0,0,24.532,0
2015-08-28 00:00,0,0,0,24.519,0
2015-08-28 01:00,0,0,0,24.446,0
2015-08-28 02:00,0,0,0,24.329,0
2015-08-28 03:00,0,0,0,24.215,0
2015-08-28 04:00,0,0,0.007,24.332,0
2015-08-28 05:00,0.076,0.040,0.068,25.685,0
2015-08-28 06:00,0.259,0.218,0.102,27.473,0
2015-08-28 07:00,0.437,0.422,0.123,28.783,0
2015-08-28 08:00,0.580,0.608,0.138,29.592,0
2015-08-28 09:00,0.675,0.741,0.153,30.117,0
2015-08-28 10:00,0.723,0.810,0.165,30.427,0
2015-08-28 11:00,0.724,0.802,0.175,30.528,0
2015-08-28 12:00,0.675,0.710,0.186,30.412,0
2015-08-28 13:00,0.583,0.567,0.186,30.055,0
2015-08-28 14:00,0.445,0.381,0.176,29.481,0
2015-08-28 15:00,0.272,0.188,0.148,28.849,0
2015-08-28 16:00,0.092,0.027,0.100,27.999,0
2015-08-28 17:00,0,0,0.013,26.608,0
2015-08-28 18:00,0,0,0,25.853,0
2015-08-28 19:00,0,0,0,25.494,0
2015-08-28 20:00,0,0,0,25.301,0
2015-08-28 21:00,0,0,0,25.152,0
2015-08-28 22:00,0,0,0,25.014,0
2015-08-28 23:00,0,0,0,24.836,0
2015-08-29 00:00,0,0,0,24.748,0
2015-08-29 01:00,0,0,0,24.649,0
2015-08-29 02:00,0,0,0,24.616,0
2015-08-29 03:00,0,0,0,24.581,0
2015-08-29 04:00,0,0,0.007,24.610,0
2015-08-29 05:00,0.080,0.051,0.061,25.715,0
2015-08-29 06:00,0.272,0.250,0.084,27.394,0
2015-08-29 07:00,0.450,0.456,0.106,29.249,0
2015-08-29 08:00,0.586,0.636,0.125,30.799,0
2015-08-29 09:00,0.676,0.760,0.144,31.492,0
2015-08-29 10:00,0.722,0.819,0.160,31.605,0
2015-08-29 11:00,0.718,0.797,0.176,31.477,0
2015-08-29 12:00,0.669,0.699,0.191,31.111,0
2015-08-29 13:00,0.580,0.561,0.188,30.537,0
2015-08-29 14:00,0.443,0.378,0.177,29.811,0
2015-08-29 15:00,0.269,0.186,0.148,28.991,0
2015-08-29 16:00,0.090,0.027,0.098,27.872,0
2015-08-29 17:00,0,0,0.013,26.445,0
2015-08-29 18:00,0,0,0,25.681,0
2015-08-29 19:00,0,0,0,25.237,0
2015-08-29 20:00,0,0,0,25.024,0
2015-08-29 21:00,0,0,0,24.870,0
2015-08-29 22:00,0,0,0,24.821,0
2015-08-29 23:00,0,0,0,24.849,0
2015-08-30 00:00,0,0,0,24.796,0
2015-08-30 01:00,0,0,0,24.678,0
2015-08-30 02:00,0,0,0,24.557,0
2015-08-30 03:00,0,0,0,24.415,0
2015-08-30 04:00,0,0,0.007,24.576,0
2015-08-30 05:00,0.083,0.058,0.059,26.544,0
2015-08-30 06:00,0.273,0.257,0.080,28.426,0
2015-08-30 07:00,0.447,0.455,0.105,29.887,0
2015-08-30 08:00,0.583,0.627,0.128,30.760,0
2015-08-30 09:00,0.675,0.752,0.147,31.137,0
2015-08-30 10:00,0.718,0.803,0.167,31.202,0
2015-08-30 11:00,0.714,0.778,0.185,31.127,0
2015-08-30 12:00,0.664,0.684,0.197,30.877,0
2015-08-30 13:00,0.574,0.546,0.194,30.456,0
2015-08-30 14:00,0.437,0.367,0.180,29.869,0
2015-08-30 15:00,0.264,0.180,0.148,29.177,0
2015-08-30 16:00,0.086,0.025,0.096,27.932,0
2015-08-30 17:00,0,0,0.011,26.186,0
2015-08-30 18:00,0,0,0,25.423,0
2015-08-30 19:00,0,0,0,25.087,0
2015-08-30 20:00,0,0,0,24.929,0
2015-08-30 21:00,0,0,0,24.848,0
2015-08-30 22:00,0,0,0,24.959,0
2015-08-30 23:00,0,0,0,25.002,0
2015-08-31 00:00,0,0,0,24.958,0
2015-08-31 01:00,0,0,0,24.877,0
2015-08-31 02:00,0,0,0,24.777,0
2015-08-31 03:00,0,0,0,24.675,0
2015-08-31 04:00,0,0,0.007,24.757,0
2015-08-31 05:00,0.080,0.054,0.059,26.598,0
2015-08-31 06:00,0.271,0.253,0.082,28.472,0
2015-08-31 07:00,0.444,0.453,0.105,30.645,0
2015-08-31 08:00,0.578,0.626,0.128,32.133,0
2015-08-31 09:00,0.670,0.752,0.147,32.445,0
2015-08-31 10:00,0.714,0.802,0.168,32.196,0
2015-08-31 11:00,0.710,0.777,0.185,31.912,0
2015-08-31 12:00,0.664,0.689,0.194,31.480,0
2015-08-31 13:00,0.575,0.556,0.188,30.912,0
2015-08-31 14:00,0.436,0.371,0.176,30.254,0
2015-08-31 15:00,0.261,0.177,0.148,29.557,0
2015-08-31 16:00,0.084,0.023,0.095,28.485,0
2015-08-31 17:00,0,0,0.011,26.788,0
2015-08-31 18:00,0,0,0,26.118,0
2015-08-31 19:00,0,0,0,25.885,0
2015-08-31 20:00,0,0,0,25.780,0
2015-08-31 21:00,0,0,0,25.628,0
2015-08-31 22:00,0,0,0,25.625,0
2015-08-31 23:00,0,0,0,25.689,0
2015-09-01 00:00,0,0,0,25.771,0
2015-09-01 01:00,0,0,0,25.845,0
2015-09-01 02:00,0,0,0,25.827,0
2015-09-01 03:00,0,0,0,25.665,0
2015-09-01 04:00,0,0,0.007,25.399,0
2015-09-01 05:00,0.085,0.069,0.050,26.552,0
2015-09-01 06:00,0.273,0.256,0.081,28.273,0
2015-09-01 07:00,0.452,0.464,0.104,30.167,0
2015-09-01 08:00,0.588,0.641,0.124,31.252,0
2015-09-01 09:00,0.682,0.775,0.140,31.683,0
2015-09-01 10:00,0.726,0.832,0.157,31.800,0
2015-09-01 11:00,0.728,0.825,0.165,31.683,0
2015-09-01 12:00,0.688,0.759,0.163,31.384,0
2015-09-01 13:00,0.588,0.590,0.173,30.905,0
2015-09-01 14:00,0.444,0.390,0.168,30.281,0
2015-09-01 15:00,0.267,0.189,0.143,29.507,0
2015-09-01 16:00,0.082,0.023,0.094,28.528,0
2015-09-01 17:00,0,0,0.010,27.073,0
2015-09-01 18:00,0,0,0,26.569,0
2015-09-01 19:00,0,0,0,26.148,0
2015-09-01 20:00,0,0,0,25.701,0
2015-09-01 21:00,0,0,0,25.611,0
2015-09-01 22:00,0,0,0,25.717,0
2015-09-01 23:00,0,0,0,25.717,0
2015-09-02 00:00,0,0,0,25.693,0
2015-09-02 01:00,0,0,0,25.622,0
2015-09-02 02:00,0,0,0,25.476,0
2015-09-02 03:00,0,0,0,25.032,0
2015-09-02 04:00,0,0,0.007,24.674,0
2015-09-02 05:00,0.085,0.070,0.048,25.626,0
2015-09-02 06:00,0.271,0.251,0.082,27.154,0
2015-09-02 07:00,0.450,0.454,0.108,28.691,0
2015-09-02 08:00,0.590,0.632,0.129,29.679,0
2015-09-02 09:00,0.685,0.766,0.145,30.165,0
2015-09-02 10:00,0.731,0.830,0.157,30.477,0
2015-09-02 11:00,0.730,0.819,0.168,30.503,0
2015-09-02 12:00,0.689,0.751,0.166,30.325,0
2015-09-02 13:00,0.587,0.583,0.176,29.999,0
2015-09-02 14:00,0.444,0.386,0.169,29.569,0
2015-09-02 15:00,0.267,0.191,0.140,29.067,0
2015-09-02 16:00,0.081,0.023,0.092,28.214,0
2015-09-02 17:00,0,0,0.009,26.652,0
2015-09-02 18:00,0,0,0,26.124,0
2015-09-02 19:00,0,0,0,25.793,0
2015-09-02 20:00,0,0,0,25.449,0
2015-09-02 21:00,0,0,0,25.264,0
2015-09-02 22:00,0,0,0,25.175,0
2015-09-02 23:00,0,0,0,25.053,0
2015-09-03 00:00,0,0,0,25.121,0
2015-09-03 01:00,0,0,0,25.108,0
2015-09-03 02:00,0,0,0,25.130,0
2015-09-03 03:00,0,0,0,24.855,0
2015-09-03 04:00,0,0,0.007,24.544,0
2015-09-03 05:00,0.087,0.074,0.046,25.513,0
2015-09-03 06:00,0.275,0.261,0.077,27.274,0
2015-09-03 07:00,0.452,0.463,0.102,29.186,0
2015-09-03 08:00,0.591,0.639,0.125,30.061,0
2015-09-03 09:00,0.684,0.768,0.143,30.610,0
2015-09-03 10:00,0.728,0.827,0.158,30.774,0
2015-09-03 11:00,0.730,0.821,0.166,30.669,0
2015-09-03 12:00,0.687,0.747,0.168,30.404,0
2015-09-03 13:00,0.585,0.579,0.177,30.020,0
2015-09-03 14:00,0.443,0.386,0.167,29.546,0
2015-09-03 15:00,0.265,0.191,0.138,29.045,0
2015-09-03 16:00,0.079,0.022,0.090,28.153,0
2015-09-03 17:00,0,0,0.009,26.876,0
2015-09-03 18:00,0,0,0,26.763,0
2015-09-03 19:00,0,0,0,26.717,0
2015-09-03 20:00,0,0,0,26.749,0
2015-09-03 21:00,0,0,0,26.605,0
2015-09-03 22:00,0,0,0,26.332,0
2015-09-03 23:00,0,0,0,26.010,0
2015-09-04 00:00,0,0,0,25.841,0
2015-09-04 01:00,0,0,0,25.603,0
2015-09-04 02:00,0,0,0,25.224,0
2015-09-04 03:00,0,0,0,24.519,0
2015-09-04 04:00,0,0,0.007,24.149,0
2015-09-04 05:00,0.087,0.078,0.042,25.569,0
2015-09-04 06:00,0.275,0.264,0.075,27.471,0
2015-09-04 07:00,0.452,0.462,0.103,29.216,0
2015-09-04 08:00,0.589,0.636,0.126,30.005,0
2015-09-04 09:00,0.684,0.766,0.143,30.353,0
2015-09-04 10:00,0.727,0.822,0.161,30.529,0
2015-09-04 11:00,0.726,0.809,0.171,30.555,0
2015-09-04 12:00,0.681,0.732,0.173,30.397,0
2015-09-04 13:00,0.579,0.566,0.181,30.066,0
2015-09-04 14:00,0.438,0.379,0.169,29.624,0
2015-09-04 15:00,0.260,0.184,0.139,29.077,0
2015-09-04 16:00,0.075,0.020,0.089,28.276,0
2015-09-04 17:00,0,0,0.009,27.343,0
2015-09-04 18:00,0,0,0,27.072,0
2015-09-04 19:00,0,0,0,26.774,0
2015-09-04 20:00,0,0,0,26.416,0
2015-09-04 21:00,0,0,0,25.946,0
2015-09-04 22:00,0,0,0,25.523,0
2015-09-04 23:00,0,0,0,25.167,0
2015-09-05 00:00,0,0,0,24.860,0
2015-09-05 01:00,0,0,0,24.678,0
2015-09-05 02:00,0,0,0,24.622,0
2015-09-05 03:00,0,0,0,24.547,0
2015-09-05 04:00,0,0,0.006,24.554,0
2015-09-05 05:00,0.080,0.065,0.048,25.998,0
2015-09-05 06:00,0.267,0.244,0.085,27.636,0
2015-09-05 07:00,0.441,0.433,0.117,29.095,0
2015-09-05 08:00,0.579,0.605,0.141,29.839,0
2015-09-05 09:00,0.672,0.728,0.161,30.091,0
2015-09-05 10:00,0.718,0.788,0.177,30.216,0
2015-09-05 11:00,0.692,0.706,0.218,30.603,0
2015-09-05 12:00,0.486,0.290,0.327,31.003,0
2015-09-05 13:00,0.450,0.311,0.257,30.871,0
2015-09-05 14:00,0.355,0.214,0.229,30.350,0
2015-09-05 15:00,0.235,0.145,0.149,29.590,0
2015-09-05 16:00,0.075,0.023,0.086,28.579,0
2015-09-05 17:00,0,0,0.008,27.427,0
2015-09-05 18:00,0,0,0,26.963,0
2015-09-05 19:00,0,0,0,26.690,0
2015-09-05 20:00,0,0,0,26.519,0
2015-09-05 21:00,0,0,0,26.285,0
2015-09-05 22:00,0,0,0,26.022,0
2015-09-05 23:00,0,0,0,25.771,0
2015-09-06 00:00,0,0,0,25.532,0
2015-09-06 01:00,0,0,0,25.317,0
2015-09-06 02:00,0,0,0,25.107,0
2015-09-06 03:00,0,0,0,24.708,0
2015-09-06 04:00,0,-0,0.001,24.600,0
2015-09-06 05:00,0.026,0.005,0.044,25.383,0
2015-09-06 06:00,0.081,0.011,0.103,25.961,0
2015-09-06 07:00,0.393,0.349,0.133,26.792,0
2015-09-06 08:00,0.586,0.608,0.139,27.791,0
2015-09-06 09:00,0.645,0.639,0.199,28.396,0
2015-09-06 10:00,0.528,0.344,0.324,28.596,0
2015-09-06 11:00,0.675,0.644,0.243,28.677,0
2015-09-06 12:00,0.575,0.448,0.285,28.601,0
2015-09-06 13:00,0.573,0.540,0.190,28.118,0
2015-09-06 14:00,0.439,0.377,0.166,27.379,0
2015-09-06 15:00,0.262,0.186,0.135,26.512,0
2015-09-06 16:00,0.074,0.022,0.084,25.570,0
2015-09-06 17:00,0,0,0.008,24.313,0
2015-09-06 18:00,0,0,0,23.813,0
2015-09-06 19:00,0,0,0,23.491,0
2015-09-06 20:00,0,0,0,23.202,0
2015-09-06 21:00,0,0,0,23.065,0
2015-09-06 22:00,0,0,0,23.000,0
2015-09-06 23:00,0,0,0,22.964,0
2015-09-07 00:00,0,0,0,22.926,0
2015-09-07 01:00,0,0,0,22.859,0
2015-09-07 02:00,0,0,0,22.801,0
2015-09-07 03:00,0,0,0,22.682,0
2015-09-07 04:00,0,-0,0.002,22.664,0
2015-09-07 05:00,0.025,0.003,0.046,23.982,0
2015-09-07 06:00,0.141,0.040,0.141,25.393,0
2015-09-07 07:00,0.322,0.190,0.203,26.768,0
2015-09-07 08:00,0.363,0.149,0.297,27.834,0
2015-09-07 09:00,0.607,0.553,0.228,28.435,0
2015-09-07 10:00,0.726,0.799,0.170,28.658,0
2015-09-07 11:00,0.719,0.768,0.189,28.626,0
2015-09-07 12:00,0.673,0.691,0.190,28.342,0
2015-09-07 13:00,0.572,0.537,0.190,27.850,0
2015-09-07 14:00,0.385,0.264,0.208,27.209,0
2015-09-07 15:00,0.202,0.091,0.160,26.477,0
2015-09-07 16:00,0.058,0.010,0.078,25.546,0
2015-09-07 17:00,0,0,0.007,24.321,0
2015-09-07 18:00,0,0,0,23.722,0
2015-09-07 19:00,0,0,0,23.282,0
2015-09-07 20:00,0,0,0,22.890,0
2015-09-07 21:00,0,0,0,22.603,0
2015-09-07 22:00,0,0,0,22.457,0
2015-09-07 23:00,0,0,0,22.379,0
2015-09-08 00:00,0,0,0,22.261,0
2015-09-08 01:00,0,0,0,22.069,0
2015-09-08 02:00,0,0,0,21.881,0
2015-09-08 03:00,0,0,0,21.648,0
2015-09-08 04:00,0,0,0.005,21.539,0
2015-09-08 05:00,0.085,0.078,0.039,22.923,0
2015-09-08 06:00,0.272,0.253,0.077,24.315,0
2015-09-08 07:00,0.450,0.439,0.112,25.614,0
2015-09-08 08:00,0.594,0.619,0.134,26.610,0
2015-09-08 09:00,0.680,0.723,0.163,27.185,0
2015-09-08 10:00,0.711,0.738,0.197,27.290,0
2015-09-08 11:00,0.655,0.578,0.269,27.157,0
2015-09-08 12:00,0.612,0.522,0.258,26.795,0
2015-09-08 13:00,0.582,0.553,0.182,26.280,0
2015-09-08 14:00,0.373,0.240,0.213,25.637,0
2015-09-08 15:00,0.140,0.027,0.152,24.892,0
2015-09-08 16:00,0.035,0.002,0.058,24.084,0
2015-09-08 17:00,0,0,0.003,23.270,0
2015-09-08 18:00,0,0,0,22.980,0
2015-09-08 19:00,0,0,0,22.724,0
2015-09-08 20:00,0,0,0,22.494,0
2015-09-08 21:00,0,0,0,22.420,0
2015-09-08 22:00,0,0,0,22.445,0
2015-09-08 23:00,0,0,0,22.418,0
2015-09-09 00:00,0,0,0,22.429,0
2015-09-09 01:00,0,0,0,22.409,0
2015-09-09 02:00,0,0,0,22.394,0
2015-09-09 03:00,0,0,0,22.248,0
2015-09-09 04:00,0,0,0.004,22.110,0
2015-09-09 05:00,0.032,0.005,0.051,23.086,0
2015-09-09 06:00,0.098,0.016,0.117,24.227,0
2015-09-09 07:00,0.108,0.001,0.142,25.193,0
2015-09-09 08:00,0.251,0.051,0.256,25.496,0
2015-09-09 09:00,0.485,0.287,0.313,26.194,0
2015-09-09 10:00,0.248,0.026,0.278,25.898,0
2015-09-09 11:00,0.118,0,0.155,25.233,0
2015-09-09 12:00,0.111,0,0.147,24.384,0
2015-09-09 13:00,0.093,0,0.126,23.417,0
2015-09-09 14:00,0.059,0,0.088,22.673,0
2015-09-09 15:00,0.035,0,0.060,22.358,0
2015-09-09 16:00,0.017,0,0.038,22.143,0
2015-09-09 17:00,0,0,0,21.825,0
2015-09-09 18:00,0,0,0,21.479,0
2015-09-09 19:00,0,0,0,21.158,0
2015-09-09 20:00,0,0,0,21.074,0
2015-09-09 21:00,0,0,0,21.186,0
2015-09-09 22:00,0,0,0,21.421,0
2015-09-09 23:00,0,0,0,21.631,0
2015-09-10 00:00,0,0,0,21.797,0
2015-09-10 01:00,0,0,0,21.880,0
2015-09-10 02:00,0,0,0,21.960,0
2015-09-10 03:00,0,0,0,21.938,0
2015-09-10 04:00,0,0,0.001,21.888,0
2015-09-10 05:00,0.003,0.002,0.018,22.348,0
2015-09-10 06:00,0.088,0.029,0.091,22.843,0
2015-09-10 07:00,0.077,0.009,0.099,23.457,0
2015-09-10 08:00,0.203,0.052,0.198,24.282,0
2015-09-10 09:00,0.553,0.403,0.285,24.861,0
2015-09-10 10:00,0.502,0.285,0.333,24.620,0
2015-09-10 11:00,0.613,0.472,0.296,23.913,0
2015-09-10 12:00,0.421,0.159,0.349,23.441,0
2015-09-10 13:00,0.251,0.046,0.258,23.123,0
2015-09-10 14:00,0.197,0.059,0.182,22.777,0
2015-09-10 15:00,0.151,0.040,0.150,22.345,0
2015-09-10 16:00,0.025,0.001,0.047,21.811,0
2015-09-10 17:00,0,0,0,21.184,0
2015-09-10 18:00,0,0,0,21.100,0
2015-09-10 19:00,0,0,0,21.112,0
2015-09-10 20:00,0,0,0,21.154,0
2015-09-10 21:00,0,0,0,21.119,0
2015-09-10 22:00,0,0,0,21.030,0
2015-09-10 23:00,0,0,0,20.957,0
2015-09-11 00:00,0,0,0,20.894,0
2015-09-11 01:00,0,0,0,20.803,0
2015-09-11 02:00,0,0,0,20.737,0
2015-09-11 03:00,0,0,0,20.698,0
2015-09-11 04:00,0,0,0.003,20.779,0
2015-09-11 05:00,0.081,0.074,0.038,21.812,0
2015-09-11 06:00,0.283,0.274,0.066,22.617,0
2015-09-11 07:00,0.466,0.470,0.096,23.524,0
2015-09-11 08:00,0.544,0.498,0.176,24.366,0
2015-09-11 09:00,0.442,0.224,0.315,24.763,0
2015-09-11 10:00,0.524,0.311,0.337,24.745,0
2015-09-11 11:00,0.495,0.250,0.358,24.591,0
2015-09-11 12:00,0.488,0.266,0.332,24.203,0
2015-09-11 13:00,0.393,0.180,0.295,23.839,0
2015-09-11 14:00,0.107,0.019,0.122,23.508,0
2015-09-11 15:00,0.073,0.031,0.072,23.205,0
2015-09-11 16:00,0.053,0.010,0.071,22.451,0
2015-09-11 17:00,0,0,0,21.312,0
2015-09-11 18:00,0,0,0,20.996,0
2015-09-11 19:00,0,0,0,20.778,0
2015-09-11 20:00,0,0,0,20.616,0
2015-09-11 21:00,0,0,0,20.516,0
2015-09-11 22:00,0,0,0,20.400,0
2015-09-11 23:00,0,0,0,20.292,0
2015-09-12 00:00,0,0,0,20.135,0
2015-09-12 01:00,0,0,0,19.976,0
2015-09-12 02:00,0,0,0,19.839,0
2015-09-12 03:00,0,0,0,19.683,0
2015-09-12 04:00,0,0,0.004,19.540,0
2015-09-12 05:00,0.079,0.071,0.039,20.773,0
2015-09-12 06:00,0.276,0.260,0.071,22.133,0
2015-09-12 07:00,0.465,0.469,0.095,23.193,0
2015-09-12 08:00,0.591,0.597,0.140,24.136,0
2015-09-12 09:00,0.680,0.705,0.168,24.814,0
2015-09-12 10:00,0.710,0.721,0.201,25.197,0
2015-09-12 11:00,0.743,0.812,0.164,25.330,0
2015-09-12 12:00,0.695,0.733,0.165,25.203,0
2015-09-12 13:00,0.590,0.571,0.169,24.831,0
2015-09-12 14:00,0.436,0.371,0.159,24.250,0
2015-09-12 15:00,0.245,0.168,0.129,23.560,0
2015-09-12 16:00,0.055,0.013,0.069,22.364,0
2015-09-12 17:00,0,0,0,21.041,0
2015-09-12 18:00,0,0,0,20.798,0
2015-09-12 19:00,0,0,0,20.649,0
2015-09-12 20:00,0,0,0,20.497,0
2015-09-12 21:00,0,0,0,20.312,0
2015-09-12 22:00,0,0,0,20.178,0
2015-09-12 23:00,0,0,0,20.127,0
2015-09-13 00:00,0,0,0,20.143,0
2015-09-13 01:00,0,0,0,20.200,0
2015-09-13 02:00,0,0,0,20.269,0
2015-09-13 03:00,0,0,0,20.210,0
2015-09-13 04:00,0,0,0.003,20.234,0
2015-09-13 05:00,0.077,0.067,0.041,21.316,0
2015-09-13 06:00,0.280,0.269,0.067,22.803,0
2015-09-13 07:00,0.468,0.479,0.092,24.354,0
2015-09-13 08:00,0.608,0.658,0.112,25.810,0
2015-09-13 09:00,0.699,0.780,0.133,26.496,0
2015-09-13 10:00,0.743,0.838,0.148,26.912,0
2015-09-13 11:00,0.736,0.813,0.163,27.101,0
2015-09-13 12:00,0.684,0.725,0.167,27.031,0
2015-09-13 13:00,0.580,0.565,0.169,26.773,0
2015-09-13 14:00,0.427,0.365,0.159,26.333,0
2015-09-13 15:00,0.239,0.164,0.128,25.710,0
2015-09-13 16:00,0.051,0.013,0.066,24.264,0
2015-09-13 17:00,0,0,0,23.147,0
2015-09-13 18:00,0,0,0,22.967,0
2015-09-13 19:00,0,0,0,22.975,0
2015-09-13 20:00,0,0,0,22.772,0
2015-09-13 21:00,0,0,0,22.424,0
2015-09-13 22:00,0,0,0,22.243,0
2015-09-13 23:00,0,0,0,22.275,0
2015-09-14 00:00,0,0,0,22.240,0
2015-09-14 01:00,0,0,0,22.156,0
2015-09-14 02:00,0,0,0,22.019,0
2015-09-14 03:00,0,0,0,21.742,0
2015-09-14 04:00,0,0,0.003,21.432,0
2015-09-14 05:00,0.076,0.068,0.039,22.308,0
2015-09-14 06:00,0.264,0.239,0.080,23.823,0
2015-09-14 07:00,0.455,0.454,0.103,25.223,0
2015-09-14 08:00,0.601,0.642,0.120,26.436,0
2015-09-14 09:00,0.678,0.726,0.157,27.190,0
2015-09-14 10:00,0.723,0.787,0.170,27.537,0
2015-09-14 11:00,0.731,0.804,0.166,27.566,0
2015-09-14 12:00,0.677,0.708,0.174,27.318,0
2015-09-14 13:00,0.576,0.556,0.172,26.900,0
2015-09-14 14:00,0.423,0.360,0.160,26.348,0
2015-09-14 15:00,0.234,0.160,0.127,25.665,0
2015-09-14 16:00,0.048,0.014,0.062,24.335,0
2015-09-14 17:00,0,0,0,23.245,0
2015-09-14 18:00,0,0,0,23.063,0
2015-09-14 19:00,0,0,0,22.872,0
2015-09-14 20:00,0,0,0,22.676,0
2015-09-14 21:00,0,0,0,22.595,0
2015-09-14 22:00,0,0,0,22.544,0
2015-09-14 23:00,0,0,0,22.440,0
2015-09-15 00:00,0,0,0,22.239,0
2015-09-15 01:00,0,0,0,21.982,0
2015-09-15 02:00,0,0,0,21.798,0
2015-09-15 03:00,0,0,0,21.653,0
2015-09-15 04:00,0,0,0.002,21.602,0
2015-09-15 05:00,0.063,0.046,0.046,22.884,0
2015-09-15 06:00,0.255,0.223,0.087,24.488,0
2015-09-15 07:00,0.440,0.424,0.116,26.043,0
2015-09-15 08:00,0.583,0.602,0.138,27.174,0
2015-09-15 09:00,0.679,0.734,0.153,27.837,0
2015-09-15 10:00,0.723,0.792,0.167,28.070,0
2015-09-15 11:00,0.717,0.769,0.181,28.003,0
2015-09-15 12:00,0.646,0.628,0.208,27.643,0
2015-09-15 13:00,0.553,0.506,0.191,27.088,0
2015-09-15 14:00,0.399,0.313,0.175,26.388,0
2015-09-15 15:00,0.228,0.153,0.127,25.578,0
2015-09-15 16:00,0.039,0.009,0.056,24.415,0
2015-09-15 17:00,0,0,0,23.369,0
2015-09-15 18:00,0,0,0,23.147,0
2015-09-15 19:00,0,0,0,22.962,0
2015-09-15 20:00,0,0,0,22.851,0
2015-09-15 21:00,0,0,0,22.891,0
2015-09-15 22:00,0,0,0,22.977,0
2015-09-15 23:00,0,0,0,23.010,0
2015-09-16 00:00,0,0,0,23.006,0
2015-09-16 01:00,0,0,0,22.957,0
2015-09-16 02:00,0,0,0,22.928,0
2015-09-16 03:00,0,0,0,22.775,0
2015-09-16 04:00,0,0,0.002,22.579,0
2015-09-16 05:00,0.067,0.054,0.043,23.638,0
2015-09-16 06:00,0.262,0.242,0.077,25.188,0
2015-09-16 07:00,0.448,0.449,0.104,26.510,0
2015-09-16 08:00,0.591,0.629,0.125,27.529,0
2015-09-16 09:00,0.685,0.759,0.141,28.270,0
2015-09-16 10:00,0.726,0.810,0.159,28.744,0
2015-09-16 11:00,0.718,0.783,0.173,28.912,0
2015-09-16 12:00,0.668,0.701,0.175,28.788,0
2015-09-16 13:00,0.562,0.539,0.176,28.486,0
2015-09-16 14:00,0.409,0.344,0.162,28.018,0
2015-09-16 15:00,0.221,0.147,0.128,27.317,0
2015-09-16 16:00,0.040,0.011,0.055,25.883,0
2015-09-16 17:00,0,0,0,24.807,0
2015-09-16 18:00,0,0,0,24.526,0
2015-09-16 19:00,0,0,0,24.203,0
2015-09-16 20:00,0,0,0,24.000,0
2015-09-16 21:00,0,0,0,24.004,0
2015-09-16 22:00,0,0,0,24.135,0
2015-09-16 23:00,0,0,0,24.273,0
2015-09-17 00:00,0,0,0,24.383,0
2015-09-17 01:00,0,0,0,24.425,0
2015-09-17 02:00,0,0,0,24.429,0
2015-09-17 03:00,0,0,0,24.399,0
2015-09-17 04:00,0,0,0.002,24.244,0
2015-09-17 05:00,0.060,0.047,0.043,24.978,0
2015-09-17 06:00,0.250,0.222,0.085,26.372,0
2015-09-17 07:00,0.435,0.427,0.113,28.218,0
2015-09-17 08:00,0.575,0.605,0.135,30.047,0
2015-09-17 09:00,0.667,0.735,0.152,31.147,0
2015-09-17 10:00,0.708,0.791,0.166,31.724,0
2015-09-17 11:00,0.701,0.768,0.179,31.761,0
2015-09-17 12:00,0.652,0.686,0.179,31.506,0
2015-09-17 13:00,0.549,0.528,0.179,31.070,0
2015-09-17 14:00,0.398,0.333,0.163,30.454,0
2015-09-17 15:00,0.210,0.136,0.128,29.478,0
2015-09-17 16:00,0.036,0.011,0.052,27.700,0
2015-09-17 17:00,0,0,0,26.462,0
2015-09-17 18:00,0,0,0,25.924,0
2015-09-17 19:00,0,0,0,25.650,0
2015-09-17 20:00,0,0,0,25.539,0
2015-09-17 21:00,0,0,0,25.513,0
2015-09-17 22:00,0,0,0,25.547,0
2015-09-17 23:00,0,0,0,25.448,0
2015-09-18 00:00,0,0,0,25.303,0
2015-09-18 01:00,0,0,0,25.181,0
2015-09-18 02:00,0,0,0,25.096,0
2015-09-18 03:00,0,0,0,24.896,0
2015-09-18 04:00,0,0,0,24.670,0
2015-09-18 05:00,0.059,0.048,0.040,25.405,0
2015-09-18 06:00,0.257,0.238,0.078,26.945,0
2015-09-18 07:00,0.440,0.443,0.105,28.683,0
2015-09-18 08:00,0.578,0.620,0.128,30.746,0
2015-09-18 09:00,0.667,0.746,0.146,32.003,0
2015-09-18 10:00,0.708,0.799,0.162,32.224,0
2015-09-18 11:00,0.700,0.767,0.178,32.019,0
2015-09-18 12:00,0.648,0.677,0.182,31.662,0
2015-09-18 13:00,0.547,0.528,0.176,31.125,0
2015-09-18 14:00,0.394,0.329,0.163,30.367,0
2015-09-18 15:00,0.211,0.140,0.125,29.215,0
2015-09-18 16:00,0.034,0.011,0.050,27.220,0
2015-09-18 17:00,0,0,0,26.168,0
2015-09-18 18:00,0,0,0,26.019,0
2015-09-18 19:00,0,0,0,25.892,0
2015-09-18 20:00,0,0,0,25.959,0
2015-09-18 21:00,0,0,0,26.179,0
2015-09-18 22:00,0,0,0,26.402,0
2015-09-18 23:00,0,0,0,26.538,0
2015-09-19 00:00,0,0,0,26.360,0
2015-09-19 01:00,0,0,0,25.811,0
2015-09-19 02:00,0,0,0,25.243,0
2015-09-19 03:00,0,0,0,24.927,0
2015-09-19 04:00,0,0,0,24.502,0
2015-09-19 05:00,0.060,0.051,0.038,25.082,0
2015-09-19 06:00,0.257,0.241,0.075,26.625,0
2015-09-19 07:00,0.441,0.444,0.103,28.232,0
2015-09-19 08:00,0.579,0.617,0.128,29.637,0
2015-09-19 09:00,0.670,0.740,0.147,30.342,0
2015-09-19 10:00,0.711,0.789,0.166,30.520,0
2015-09-19 11:00,0.701,0.756,0.182,30.404,0
2015-09-19 12:00,0.648,0.667,0.185,30.081,0
2015-09-19 13:00,0.550,0.525,0.178,29.574,0
2015-09-19 14:00,0.395,0.325,0.163,28.808,0
2015-09-19 15:00,0.207,0.134,0.125,27.749,0
2015-09-19 16:00,0.032,0.011,0.047,26.096,0
2015-09-19 17:00,0,0,0,24.842,0
2015-09-19 18:00,0,0,0,24.574,0
2015-09-19 19:00,0,0,0,24.385,0
2015-09-19 20:00,0,0,0,24.141,0
2015-09-19 21:00,0,0,0,24.025,0
2015-09-19 22:00,0,0,0,23.863,0
2015-09-19 23:00,0,0,0,23.634,0
2015-09-20 00:00,0,0,0,23.376,0
2015-09-20 01:00,0,0,0,23.020,0
2015-09-20 02:00,0,0,0,22.756,0
2015-09-20 03:00,0,0,0,22.816,0
2015-09-20 04:00,0,0,0,22.887,0
2015-09-20 05:00,0.052,0.040,0.041,23.356,0
2015-09-20 06:00,0.227,0.180,0.097,24.033,0
2015-09-20 07:00,0.397,0.338,0.143,24.589,0
2015-09-20 08:00,0.522,0.452,0.194,24.994,0
2015-09-20 09:00,0.518,0.364,0.277,25.289,0
2015-09-20 10:00,0.341,0.104,0.310,25.635,0
2015-09-20 11:00,0.413,0.156,0.348,25.881,0
2015-09-20 12:00,0.493,0.315,0.295,25.944,0
2015-09-20 13:00,0.523,0.445,0.207,26.038,0
2015-09-20 14:00,0.386,0.304,0.167,26.046,0
2015-09-20 15:00,0.204,0.130,0.123,25.640,0
2015-09-20 16:00,0.033,0.014,0.044,24.734,0
2015-09-20 17:00,0,0,0,24.192,0
2015-09-20 18:00,0,0,0,24.012,0
2015-09-20 19:00,0,0,0,23.874,0
2015-09-20 20:00,0,0,0,23.465,0
2015-09-20 21:00,0,0,0,23.082,0
2015-09-20 22:00,0,0,0,22.718,0
2015-09-20 23:00,0,0,0,22.268,0
2015-09-21 00:00,0,0,0,21.973,0
2015-09-21 01:00,0,0,0,21.652,0
2015-09-21 02:00,0,0,0,21.250,0
2015-09-21 03:00,0,0,0,21.000,0
2015-09-21 04:00,0,0,0,20.717,0
2015-09-21 05:00,0.069,0.066,0.032,20.805,0
2015-09-21 06:00,0.264,0.247,0.068,21.086,0
2015-09-21 07:00,0.448,0.429,0.109,21.786,0
2015-09-21 08:00,0.626,0.691,0.093,22.996,0
2015-09-21 09:00,0.711,0.798,0.119,24.070,0
2015-09-21 10:00,0.752,0.852,0.136,24.773,0
2015-09-21 11:00,0.736,0.804,0.159,25.088,0
2015-09-21 12:00,0.608,0.533,0.234,25.048,0
2015-09-21 13:00,0.512,0.418,0.213,24.921,0
2015-09-21 14:00,0.333,0.209,0.195,24.853,0
2015-09-21 15:00,0.152,0.062,0.131,24.532,0
2015-09-21 16:00,0.014,0.002,0.033,23.461,0
2015-09-21 17:00,0,0,0,22.683,0
2015-09-21 18:00,0,0,0,22.188,0
2015-09-21 19:00,0,0,0,21.619,0
2015-09-21 20:00,0,0,0,21.025,0
2015-09-21 21:00,0,0,0,20.639,0
2015-09-21 22:00,0,0,0,20.414,0
2015-09-21 23:00,0,0,0,20.219,0
2015-09-22 00:00,0,0,0,20.071,0
2015-09-22 01:00,0,0,0,19.975,0
2015-09-22 02:00,0,0,0,19.923,0
2015-09-22 03:00,0,0,0,19.791,0
2015-09-22 04:00,0,0,0,19.592,0
2015-09-22 05:00,0.063,0.059,0.033,20.546,0
2015-09-22 06:00,0.224,0.177,0.094,21.880,0
2015-09-22 07:00,0.366,0.275,0.167,23.872,0
2015-09-22 08:00,0.419,0.256,0.255,25.646,0
2015-09-22 09:00,0.588,0.508,0.238,26.548,0
2015-09-22 10:00,0.603,0.491,0.277,26.839,0
2015-09-22 11:00,0.624,0.536,0.263,26.816,0
2015-09-22 12:00,0.627,0.588,0.212,26.412,0
2015-09-22 13:00,0.521,0.445,0.202,25.690,0
2015-09-22 14:00,0.293,0.153,0.202,24.808,0
2015-09-22 15:00,0.113,0.029,0.120,23.956,0
2015-09-22 16:00,0.008,0.001,0.026,22.779,0
2015-09-22 17:00,0,0,0,21.918,0
2015-09-22 18:00,0,0,0,21.629,0
2015-09-22 19:00,0,0,0,21.441,0
2015-09-22 20:00,0,0,0,21.342,0
2015-09-22 21:00,0,0,0,21.328,0
2015-09-22 22:00,0,0,0,21.340,0
2015-09-22 23:00,0,0,0,21.315,0
2015-09-23 00:00,0,0,0,21.272,0
2015-09-23 01:00,0,0,0,21.157,0
2015-09-23 02:00,0,0,0,21.080,0
2015-09-23 03:00,0,0,0,20.932,0
2015-09-23 04:00,0,0,0,20.837,0
2015-09-23 05:00,0.053,0.043,0.037,21.373,0
2015-09-23 06:00,0.259,0.238,0.073,22.348,0
2015-09-23 07:00,0.452,0.452,0.096,23.407,0
2015-09-23 08:00,0.549,0.513,0.167,24.440,0
2015-09-23 09:00,0.601,0.527,0.230,25.167,0
2015-09-23 10:00,0.690,0.689,0.203,25.540,0
2015-09-23 11:00,0.707,0.734,0.186,25.602,0
2015-09-23 12:00,0.652,0.646,0.188,25.426,0
2015-09-23 13:00,0.552,0.513,0.174,25.067,0
2015-09-23 14:00,0.394,0.322,0.156,24.554,0
2015-09-23 15:00,0.200,0.129,0.117,23.969,0
2015-09-23 16:00,0.024,0.010,0.037,22.883,0
2015-09-23 17:00,0,0,0,22.106,0
2015-09-23 18:00,0,0,0,21.894,0
2015-09-23 19:00,0,0,0,21.759,0
2015-09-23 20:00,0,0,0,21.658,0
2015-09-23 21:00,0,0,0,21.541,0
2015-09-23 22:00,0,0,0,21.458,0
2015-09-23 23:00,0,0,0,21.355,0
2015-09-24 00:00,0,0,0,21.182,0
2015-09-24 01:00,0,0,0,20.927,0
2015-09-24 02:00,0,0,0,20.685,0
2015-09-24 03:00,0,0,0,20.521,0
2015-09-24 04:00,0,0,0,20.410,0
2015-09-24 05:00,0.035,0.020,0.040,21.498,0
2015-09-24 06:00,0.131,0.064,0.104,22.629,0
2015-09-24 07:00,0.306,0.193,0.174,23.464,0
2015-09-24 08:00,0.538,0.487,0.177,24.104,0
2015-09-24 09:00,0.621,0.575,0.207,24.256,0
2015-09-24 10:00,0.346,0.171,0.247,24.242,0
2015-09-24 11:00,0.255,0.077,0.233,24.281,0
2015-09-24 12:00,0.043,0,0.070,24.393,0
2015-09-24 13:00,0.029,0,0.053,24.259,0
2015-09-24 14:00,0.083,0.032,0.083,23.860,0
2015-09-24 15:00,0.131,0.051,0.117,23.270,0
2015-09-24 16:00,0.019,0.009,0.032,22.484,0
2015-09-24 17:00,0,0,0,21.953,0
2015-09-24 18:00,0,0,0,21.630,0
2015-09-24 19:00,0,0,0,21.379,0
2015-09-24 20:00,0,0,0,21.140,0
2015-09-24 21:00,0,0,0,20.926,0
2015-09-24 22:00,0,0,0,20.603,0
2015-09-24 23:00,0,0,0,20.450,0
2015-09-25 00:00,0,0,0,20.478,0
2015-09-25 01:00,0,0,0,20.590,0
2015-09-25 02:00,0,0,0,20.542,0
2015-09-25 03:00,0,0,0,20.447,0
2015-09-25 04:00,0,0,0,20.326,0
2015-09-25 05:00,0.044,0.035,0.036,20.883,0
2015-09-25 06:00,0.088,0.030,0.089,21.586,0
2015-09-25 07:00,0.227,0.081,0.193,21.469,0
2015-09-25 08:00,0.396,0.226,0.245,21.201,0
2015-09-25 09:00,0.661,0.650,0.176,21.231,0
2015-09-25 10:00,0.624,0.516,0.257,21.348,0
2015-09-25 11:00,0.591,0.443,0.284,21.352,0
2015-09-25 12:00,0.633,0.583,0.204,21.406,0
2015-09-25 13:00,0.536,0.464,0.187,21.441,0
2015-09-25 14:00,0.378,0.289,0.161,21.404,0
2015-09-25 15:00,0.183,0.109,0.115,21.086,0
2015-09-25 16:00,0.018,0.009,0.032,20.189,0
2015-09-25 17:00,0,0,0,19.544,0
2015-09-25 18:00,0,0,0,19.198,0
2015-09-25 19:00,0,0,0,18.869,0
2015-09-25 20:00,0,0,0,18.584,0
2015-09-25 21:00,0,0,0,18.467,0
2015-09-25 22:00,0,0,0,18.481,0
2015-09-25 23:00,0,0,0,18.501,0
2015-09-26 00:00,0,0,0,18.501,0
2015-09-26 01:00,0,0,0,18.461,0
2015-09-26 02:00,0,0,0,18.432,0
2015-09-26 03:00,0,0,0,18.324,0
2015-09-26 04:00,0,0,0,18.099,0
2015-09-26 05:00,0.005,0.002,0.020,18.720,0
2015-09-26 06:00,0.113,0.038,0.108,19.874,0
2015-09-26 07:00,0.148,0.019,0.166,20.849,0
2015-09-26 08:00,0.233,0.041,0.240,21.833,0
2015-09-26 09:00,0.103,0.003,0.134,22.612,0
2015-09-26 10:00,0.115,0.001,0.149,23.108,0
2015-09-26 11:00,0.168,0.002,0.208,23.276,0
2015-09-26 12:00,0.183,0.010,0.215,22.991,0
2015-09-26 13:00,0.279,0.083,0.252,22.386,0
2015-09-26 14:00,0.207,0.060,0.191,21.699,0
2015-09-26 15:00,0.112,0.033,0.112,21.089,0
2015-09-26 16:00,0.008,0.002,0.025,20.279,0
2015-09-26 17:00,0,0,0,19.832,0
2015-09-26 18:00,0,0,0,19.626,0
2015-09-26 19:00,0,0,0,19.504,0
2015-09-26 20:00,0,0,0,19.501,0
2015-09-26 21:00,0,0,0,19.605,0
2015-09-26 22:00,0,0,0,19.741,0
2015-09-26 23:00,0,0,0,19.847,0
2015-09-27 00:00,0,0,0,19.951,0
2015-09-27 01:00,0,0,0,19.973,0
2015-09-27 02:00,0,0,0,20.019,0
2015-09-27 03:00,0,0,0,19.954,0
2015-09-27 04:00,0,0,0,19.788,0
2015-09-27 05:00,0.043,0.032,0.036,20.118,0
2015-09-27 06:00,0.251,0.229,0.072,21.089,0
2015-09-27 07:00,0.451,0.447,0.096,21.995,0
2015-09-27 08:00,0.521,0.461,0.175,22.783,0
2015-09-27 09:00,0.503,0.330,0.285,23.402,0
2015-09-27 10:00,0.507,0.310,0.311,23.741,0
2015-09-27 11:00,0.325,0.079,0.312,23.845,0
2015-09-27 12:00,0.398,0.191,0.289,23.822,0
2015-09-27 13:00,0.429,0.276,0.242,23.598,0
2015-09-27 14:00,0.234,0.091,0.192,23.144,0
2015-09-27 15:00,0.092,0.024,0.100,22.571,0
2015-09-27 16:00,0.005,0.003,0.019,21.478,0
2015-09-27 17:00,0,0,0,20.919,0
2015-09-27 18:00,0,0,0,20.757,0
2015-09-27 19:00,0,0,0,20.587,0
2015-09-27 20:00,0,0,0,20.379,0
2015-09-27 21:00,0,0,0,20.238,0
2015-09-27 22:00,0,0,0,20.156,0
2015-09-27 23:00,0,0,0,20.069,0
2015-09-28 00:00,0,0,0,19.964,0
2015-09-28 01:00,0,0,0,19.871,0
2015-09-28 02:00,0,0,0,19.716,0
2015-09-28 03:00,0,0,0,19.484,0
2015-09-28 04:00,0,0,0,19.222,0
2015-09-28 05:00,0.051,0.046,0.032,19.655,0
2015-09-28 06:00,0.255,0.236,0.069,20.949,0
2015-09-28 07:00,0.450,0.448,0.094,22.231,0
2015-09-28 08:00,0.589,0.608,0.125,23.523,0
2015-09-28 09:00,0.691,0.752,0.135,24.306,0
2015-09-28 10:00,0.725,0.787,0.157,24.709,0
2015-09-28 11:00,0.695,0.705,0.191,24.776,0
2015-09-28 12:00,0.627,0.593,0.200,24.590,0
2015-09-28 13:00,0.538,0.492,0.173,24.213,0
2015-09-28 14:00,0.376,0.301,0.152,23.653,0
2015-09-28 15:00,0.177,0.110,0.109,22.946,0
2015-09-28 16:00,0.012,0.007,0.025,21.625,0
2015-09-28 17:00,0,0,0,20.837,0
2015-09-28 18:00,0,0,0,20.518,0
2015-09-28 19:00,0,0,0,20.293,0
2015-09-28 20:00,0,0,0,20.101,0
2015-09-28 21:00,0,0,0,19.903,0
2015-09-28 22:00,0,0,0,19.589,0
2015-09-28 23:00,0,0,0,19.347,0
2015-09-29 00:00,0,0,0,19.264,0
2015-09-29 01:00,0,0,0,19.225,0
2015-09-29 02:00,0,0,0,19.207,0
2015-09-29 03:00,0,0,0,18.903,0
2015-09-29 04:00,0,0,0,18.374,0
2015-09-29 05:00,0.057,0.056,0.029,18.687,0
2015-09-29 06:00,0.267,0.259,0.058,19.868,0
2015-09-29 07:00,0.455,0.454,0.091,20.931,0
2015-09-29 08:00,0.599,0.624,0.117,22.001,0
2015-09-29 09:00,0.691,0.741,0.139,22.921,0
2015-09-29 10:00,0.721,0.766,0.164,23.545,0
2015-09-29 11:00,0.698,0.707,0.189,23.773,0
2015-09-29 12:00,0.635,0.606,0.193,23.603,0
2015-09-29 13:00,0.536,0.484,0.173,23.159,0
2015-09-29 14:00,0.374,0.298,0.150,22.557,0
2015-09-29 15:00,0.175,0.108,0.107,21.824,0
2015-09-29 16:00,0.009,0.006,0.022,20.664,0
2015-09-29 17:00,0,0,0,20.053,0
2015-09-29 18:00,0,0,0,19.899,0
2015-09-29 19:00,0,0,0,19.805,0
2015-09-29 20:00,0,0,0,19.820,0
2015-09-29 21:00,0,0,0,19.781,0
2015-09-29 22:00,0,0,0,19.685,0
2015-09-29 23:00,0,0,0,19.537,0
2015-09-30 00:00,0,0,0,19.400,0
2015-09-30 01:00,0,0,0,19.282,0
2015-09-30 02:00,0,0,0,19.062,0
2015-09-30 03:00,0,0,0,18.997,0
2015-09-30 04:00,0,0,0,18.794,0
2015-09-30 05:00,0.050,0.046,0.030,19.170,0
2015-09-30 06:00,0.257,0.243,0.063,20.398,0
2015-09-30 07:00,0.447,0.439,0.096,21.569,0
2015-09-30 08:00,0.592,0.613,0.121,22.635,0
2015-09-30 09:00,0.682,0.724,0.144,23.399,0
2015-09-30 10:00,0.717,0.760,0.166,23.902,0
2015-09-30 11:00,0.363,0.293,0.145,24.165,0
2015-09-30 12:00,0.512,0.364,0.265,24.059,0
2015-09-30 13:00,0.478,0.377,0.206,23.762,0
2015-09-30 14:00,0.355,0.271,0.156,23.338,0
2015-09-30 15:00,0.085,0.025,0.092,22.799,0
2015-09-30 16:00,0,0.001,0.014,21.911,0
2015-09-30 17:00,0,0,0,21.592,0
2015-09-30 18:00,0,0,0,21.432,0
2015-09-30 19:00,0,0,0,21.245,0
2015-09-30 20:00,0,0,0,20.890,0
2015-09-30 21:00,0,0,0,20.543,0
2015-09-30 22:00,0,0,0,20.209,0
2015-09-30 23:00,0,0,0,19.993,0
2015-10-01 00:00,0,0,0,19.810,0
2015-10-01 01:00,0,0,0,19.734,0
2015-10-01 02:00,0,0,0,19.713,0
2015-10-01 03:00,0,0,0,19.689,0
2015-10-01 04:00,0,0,0,19.667,0
2015-10-01 05:00,0.015,0.006,0.030,20.036,0
2015-10-01 06:00,0.154,0.086,0.106,21.111,0
2015-10-01 07:00,0.211,0.172,0.084,21.936,0
2015-10-01 08:00,0.585,0.597,0.127,22.643,0
2015-10-01 09:00,0.672,0.699,0.154,23.363,0
2015-10-01 10:00,0.661,0.624,0.216,23.979,0
2015-10-01 11:00,0.629,0.558,0.237,24.388,0
2015-10-01 12:00,0.641,0.632,0.180,24.427,0
2015-10-01 13:00,0.533,0.490,0.168,24.197,0
2015-10-01 14:00,0.376,0.310,0.143,23.813,0
2015-10-01 15:00,0.173,0.113,0.102,23.165,0
2015-10-01 16:00,0.005,0.007,0.016,21.854,0
2015-10-01 17:00,0,0,0,21.185,0
2015-10-01 18:00,0,0,0,20.905,0
2015-10-01 19:00,0,0,0,20.750,0
2015-10-01 20:00,0,0,0,20.736,0
2015-10-01 21:00,0,0,0,20.728,0
2015-10-01 22:00,0,0,0,20.737,0
2015-10-01 23:00,0,0,0,20.720,0
2015-10-02 00:00,0,0,0,20.542,0
2015-10-02 01:00,0,0,0,20.198,0
2015-10-02 02:00,0,0,0,19.871,0
2015-10-02 03:00,0,0,0,19.515,0
2015-10-02 04:00,0,0,0,19.205,0
2015-10-02 05:00,0.022,0.013,0.031,19.568,0
2015-10-02 06:00,0.225,0.191,0.079,20.732,0
2015-10-02 07:00,0.324,0.258,0.128,21.779,0
2015-10-02 08:00,0.360,0.194,0.237,22.670,0
2015-10-02 09:00,0.527,0.381,0.265,23.097,0
2015-10-02 10:00,0.487,0.279,0.313,23.168,0
2015-10-02 11:00,0.405,0.160,0.327,23.096,0
2015-10-02 12:00,0.471,0.288,0.282,22.903,0
2015-10-02 13:00,0.362,0.184,0.249,22.629,0
2015-10-02 14:00,0.207,0.073,0.179,22.285,0
2015-10-02 15:00,0.056,0.009,0.074,21.774,0
2015-10-02 16:00,0,0.002,0.013,20.938,0
2015-10-02 17:00,0,0,0,20.557,0
2015-10-02 18:00,0,0,0,20.353,0
2015-10-02 19:00,0,0,0,20.179,0
2015-10-02 20:00,0,0,0,20.004,0
2015-10-02 21:00,0,0,0,19.905,0
2015-10-02 22:00,0,0,0,19.861,0
2015-10-02 23:00,0,0,0,19.736,0
2015-10-03 00:00,0,0,0,19.665,0
2015-10-03 01:00,0,0,0,19.760,0
2015-10-03 02:00,0,0,0,19.819,0
2015-10-03 03:00,0,0,0,19.693,0
2015-10-03 04:00,0,0,0,19.490,0
2015-10-03 05:00,0.039,0.035,0.029,19.811,0
2015-10-03 06:00,0.181,0.135,0.087,20.955,0
2015-10-03 07:00,0.160,0.033,0.166,21.829,0
2015-10-03 08:00,0.407,0.261,0.227,22.513,0
2015-10-03 09:00,0.608,0.552,0.206,22.957,0
2015-10-03 10:00,0.457,0.247,0.306,23.131,0
2015-10-03 11:00,0.295,0.072,0.282,23.202,0
2015-10-03 12:00,0.389,0.173,0.295,23.199,0
2015-10-03 13:00,0.196,0.048,0.192,23.064,0
2015-10-03 14:00,0.267,0.171,0.150,22.757,0
2015-10-03 15:00,0.051,0.009,0.069,22.225,0
2015-10-03 16:00,0,0.001,0.011,21.236,0
2015-10-03 17:00,0,0,0,20.857,0
2015-10-03 18:00,0,0,0,20.722,0
2015-10-03 19:00,0,0,0,20.592,0
2015-10-03 20:00,0,0,0,20.467,0
2015-10-03 21:00,0,0,0,20.418,0
2015-10-03 22:00,0,0,0,20.405,0
2015-10-03 23:00,0,0,0,20.380,0
2015-10-04 00:00,0,0,0,20.334,0
2015-10-04 01:00,0,0,0,20.269,0
2015-10-04 02:00,0,0,0,20.189,0
2015-10-04 03:00,0,0,0,20.053,0
2015-10-04 04:00,0,0,0,19.946,0
2015-10-04 05:00,0.020,0.013,0.028,20.432,0
2015-10-04 06:00,0.119,0.075,0.078,21.595,0
2015-10-04 07:00,0.341,0.262,0.146,22.371,0
2015-10-04 08:00,0.234,0.060,0.223,23.037,0
2015-10-04 09:00,0.333,0.118,0.282,23.474,0
2015-10-04 10:00,0.390,0.143,0.327,23.746,0
2015-10-04 11:00,0.524,0.360,0.285,23.905,0
2015-10-04 12:00,0.513,0.378,0.252,23.952,0
2015-10-04 13:00,0.359,0.204,0.228,23.755,0
2015-10-04 14:00,0.355,0.283,0.143,23.297,0
2015-10-04 15:00,0.158,0.102,0.095,22.521,0
2015-10-04 16:00,0,0,0.009,21.239,0
2015-10-04 17:00,0,0,0,20.692,0
2015-10-04 18:00,0,0,0,20.434,0
2015-10-04 19:00,0,0,0,20.192,0
2015-10-04 20:00,0,0,0,19.921,0
2015-10-04 21:00,0,0,0,19.783,0
2015-10-04 22:00,0,0,0,19.729,0
2015-10-04 23:00,0,0,0,19.737,0
2015-10-05 00:00,0,0,0,19.689,0
2015-10-05 01:00,0,0,0,19.667,0
2015-10-05 02:00,0,0,0,19.706,0
2015-10-05 03:00,0,0,0,19.503,0
2015-10-05 04:00,0,0,0,19.181,0
2015-10-05 05:00,0.005,0.004,0.018,19.223,0
2015-10-05 06:00,0.130,0.070,0.094,20.116,0
2015-10-05 07:00,0.418,0.386,0.113,21.152,0
2015-10-05 08:00,0.503,0.436,0.175,22.267,0
2015-10-05 09:00,0.507,0.362,0.256,23.030,0
2015-10-05 10:00,0.596,0.497,0.246,23.442,0
2015-10-05 11:00,0.554,0.400,0.284,23.553,0
2015-10-05 12:00,0.550,0.442,0.236,23.470,0
2015-10-05 13:00,0.221,0.119,0.150,23.348,0
2015-10-05 14:00,0.075,0.009,0.096,23.056,0
2015-10-05 15:00,0.056,0.010,0.074,22.412,0
2015-10-05 16:00,0,0,0.008,21.092,0
2015-10-05 17:00,0,0,0,20.689,0
2015-10-05 18:00,0,0,0,20.350,0
2015-10-05 19:00,0,0,0,19.972,0
2015-10-05 20:00,0,0,0,19.593,0
2015-10-05 21:00,0,0,0,19.386,0
2015-10-05 22:00,0,0,0,19.350,0
2015-10-05 23:00,0,0,0,19.358,0
2015-10-06 00:00,0,0,0,19.361,0
2015-10-06 01:00,0,0,0,19.307,0
2015-10-06 02:00,0,0,0,19.216,0
2015-10-06 03:00,0,0,0,19.252,0
2015-10-06 04:00,0,0,0,19.096,0
2015-10-06 05:00,0.031,0.030,0.024,19.130,0
2015-10-06 06:00,0.191,0.144,0.088,20.272,0
2015-10-06 07:00,0.252,0.184,0.117,21.079,0
2015-10-06 08:00,0.415,0.335,0.162,21.743,0
2015-10-06 09:00,0.282,0.103,0.234,22.274,0
2015-10-06 10:00,0.267,0.048,0.273,22.738,0
2015-10-06 11:00,0.334,0.096,0.305,22.973,0
2015-10-06 12:00,0.445,0.273,0.265,23.001,0
2015-10-06 13:00,0.494,0.420,0.182,22.732,0
2015-10-06 14:00,0.340,0.266,0.141,22.294,0
2015-10-06 15:00,0.142,0.087,0.092,21.626,0
2015-10-06 16:00,0,0,0.006,20.427,0
2015-10-06 17:00,0,0,0,20.066,0
2015-10-06 18:00,0,0,0,20.069,0
2015-10-06 19:00,0,0,0,19.903,0
2015-10-06 20:00,0,0,0,19.774,0
2015-10-06 21:00,0,0,0,19.774,0
2015-10-06 22:00,0,0,0,19.760,0
2015-10-06 23:00,0,0,0,19.779,0
2015-10-07 00:00,0,0,0,19.754,0
2015-10-07 01:00,0,0,0,19.677,0
2015-10-07 02:00,0,0,0,19.629,0
2015-10-07 03:00,0,0,0,19.563,0
2015-10-07 04:00,0,0,0,19.481,0
2015-10-07 05:00,0.024,0.025,0.022,19.707,0
2015-10-07 06:00,0.060,0.015,0.073,20.519,0
2015-10-07 07:00,0.112,0.011,0.135,20.971,0
2015-10-07 08:00,0.307,0.143,0.222,21.303,0
2015-10-07 09:00,0.098,0.007,0.124,21.608,0
2015-10-07 10:00,0.166,0.005,0.201,21.832,0
2015-10-07 11:00,0.241,0.029,0.260,21.850,0
2015-10-07 12:00,0.133,0.019,0.150,21.640,0
2015-10-07 13:00,0.028,0,0.052,21.302,0
2015-10-07 14:00,0.010,0,0.030,20.942,0
2015-10-07 15:00,0,0,0.015,20.577,0
2015-10-07 16:00,0,0,0.002,20.196,0
2015-10-07 17:00,0,0,0,20.022,0
2015-10-07 18:00,0,0,0,19.912,0
2015-10-07 19:00,0,0,0,19.776,0
2015-10-07 20:00,0,0,0,19.693,0
2015-10-07 21:00,0,0,0,19.763,0
2015-10-07 22:00,0,0,0,20.017,0
2015-10-07 23:00,0,0,0,19.974,0
2015-10-08 00:00,0,0,0,19.629,0
2015-10-08 01:00,0,0,0,19.263,0
2015-10-08 02:00,0,0,0,19.068,0
2015-10-08 03:00,0,0,0,18.899,0
2015-10-08 04:00,0,0,0,18.615,0
2015-10-08 05:00,0.040,0.043,0.022,18.665,0
2015-10-08 06:00,0.176,0.128,0.086,19.365,0
2015-10-08 07:00,0.247,0.126,0.168,19.700,0
2015-10-08 08:00,0.258,0.069,0.239,20.096,0
2015-10-08 09:00,0.270,0.057,0.265,20.502,0
2015-10-08 10:00,0.132,0.005,0.163,20.817,0
2015-10-08 11:00,0.355,0.153,0.268,20.979,0
2015-10-08 12:00,0.363,0.157,0.274,21.001,0
2015-10-08 13:00,0.368,0.225,0.212,20.878,0
2015-10-08 14:00,0.237,0.119,0.165,20.530,0
2015-10-08 15:00,0.098,0.044,0.086,19.943,0
2015-10-08 16:00,0,0.001,0.008,18.974,0
2015-10-08 17:00,0,0,0,18.870,0
2015-10-08 18:00,0,0,0,18.915,0
2015-10-08 19:00,0,0,0,18.870,0
2015-10-08 20:00,0,0,0,18.838,0
2015-10-08 21:00,0,0,0,18.818,0
2015-10-08 22:00,0,0,0,18.898,0
2015-10-08 23:00,0,0,0,18.951,0
2015-10-09 00:00,0,0,0,18.910,0
2015-10-09 01:00,0,0,0,18.830,0
2015-10-09 02:00,0,0,0,18.646,0
2015-10-09 03:00,0,0,0,18.353,0
2015-10-09 04:00,0,0,0,18.151,0
2015-10-09 05:00,0.026,0.024,0.024,18.453,0
2015-10-09 06:00,0.234,0.218,0.061,19.547,0
2015-10-09 07:00,0.445,0.447,0.084,20.436,0
2015-10-09 08:00,0.594,0.625,0.106,21.489,0
2015-10-09 09:00,0.664,0.691,0.146,22.376,0
2015-10-09 10:00,0.647,0.601,0.213,22.881,0
2015-10-09 11:00,0.561,0.425,0.267,23.063,0
2015-10-09 12:00,0.485,0.333,0.257,23.103,0
2015-10-09 13:00,0.393,0.258,0.215,22.832,0
2015-10-09 14:00,0.263,0.156,0.159,22.517,0
2015-10-09 15:00,0.083,0.034,0.080,21.842,0
2015-10-09 16:00,0,0.001,0.007,20.861,0
2015-10-09 17:00,0,0,0,20.565,0
2015-10-09 18:00,0,0,0,20.398,0
2015-10-09 19:00,0,0,0,20.189,0
2015-10-09 20:00,0,0,0,19.926,0
2015-10-09 21:00,0,0,0,19.860,0
2015-10-09 22:00,0,0,0,19.821,0
2015-10-09 23:00,0,0,0,19.454,0
2015-10-10 00:00,0,0,0,19.165,0
2015-10-10 01:00,0,0,0,19.022,0
2015-10-10 02:00,0,0,0,18.893,0
2015-10-10 03:00,0,0,0,18.747,0
2015-10-10 04:00,0,0,0,18.657,0
2015-10-10 05:00,0,0,0.007,18.990,0
2015-10-10 06:00,0.156,0.113,0.080,19.711,0
2015-10-10 07:00,0.168,0.082,0.124,20.014,0
2015-10-10 08:00,0.154,0.014,0.177,20.250,0
2015-10-10 09:00,0.061,0,0.089,20.624,0
2015-10-10 10:00,0.041,0,0.067,21.452,0
2015-10-10 11:00,0.035,0,0.060,21.864,0
2015-10-10 12:00,0.033,0,0.058,21.829,0
2015-10-10 13:00,0.025,0,0.049,22.044,0
2015-10-10 14:00,0.012,0,0.033,22.416,0
2015-10-10 15:00,0.008,0.005,0.022,22.502,0
2015-10-10 16:00,0,0.002,0.007,22.269,0
2015-10-10 17:00,0,0,0,22.182,0
2015-10-10 18:00,0,0,0,22.056,0
2015-10-10 19:00,0,0,0,21.931,0
2015-10-10 20:00,0,0,0,21.552,0
2015-10-10 21:00,0,0,0,21.572,0
2015-10-10 22:00,0,0,0,21.964,0
2015-10-10 23:00,0,0,0,22.082,0
2015-10-11 00:00,0,0,0,21.997,0
2015-10-11 01:00,0,0,0,21.809,0
2015-10-11 02:00,0,0,0,21.483,0
2015-10-11 03:00,0,0,0,21.028,0
2015-10-11 04:00,0,0,0,20.579,0
2015-10-11 05:00,0.007,0.017,0.008,20.635,0
2015-10-11 06:00,0.110,0.071,0.072,21.441,0
2015-10-11 07:00,0.089,0.077,0.044,21.936,0
2015-10-11 08:00,0.061,0.003,0.087,22.357,0
2015-10-11 09:00,0.314,0.132,0.243,22.466,0
2015-10-11 10:00,0.537,0.401,0.256,22.282,0
2015-10-11 11:00,0.251,0.096,0.206,21.912,0
2015-10-11 12:00,0.097,0.001,0.129,21.423,0
2015-10-11 13:00,0.120,0.014,0.141,20.913,0
2015-10-11 14:00,0.073,0.010,0.093,20.525,0
2015-10-11 15:00,0.036,0.006,0.056,20.022,0
2015-10-11 16:00,0,0,0.003,19.293,0
2015-10-11 17:00,0,0,0,18.888,0
2015-10-11 18:00,0,0,0,18.649,0
2015-10-11 19:00,0,0,0,18.460,0
2015-10-11 20:00,0,0,0,18.304,0
2015-10-11 21:00,0,0,0,18.138,0
2015-10-11 22:00,0,0,0,18.008,0
2015-10-11 23:00,0,0,0,17.930,0
2015-10-12 00:00,0,0,0,17.808,0
2015-10-12 01:00,0,0,0,17.691,0
2015-10-12 02:00,0,0,0,17.547,0
2015-10-12 03:00,0,0,0,17.458,0
2015-10-12 04:00,0,0,0,17.384,0
2015-10-12 05:00,0,0,0.004,17.514,0
2015-10-12 06:00,0.111,0.061,0.082,18.364,0
2015-10-12 07:00,0.393,0.353,0.109,18.688,0
2015-10-12 08:00,0.501,0.443,0.155,19.037,0
2015-10-12 09:00,0.528,0.403,0.230,19.238,0
2015-10-12 10:00,0.501,0.346,0.253,19.346,0
2015-10-12 11:00,0.534,0.384,0.258,19.306,0
2015-10-12 12:00,0.204,0.032,0.213,19.126,0
2015-10-12 13:00,0.231,0.085,0.189,18.880,0
2015-10-12 14:00,0.171,0.081,0.127,18.525,0
2015-10-12 15:00,0.118,0.070,0.081,17.966,0
2015-10-12 16:00,0,0.002,0.007,17.117,0
2015-10-12 17:00,0,0,0,17.026,0
2015-10-12 18:00,0,0,0,17.031,0
2015-10-12 19:00,0,0,0,17.118,0
2015-10-12 20:00,0,0,0,17.107,0
2015-10-12 21:00,0,0,0,17.043,0
2015-10-12 22:00,0,0,0,16.998,0
2015-10-12 23:00,0,0,0,16.936,0
2015-10-13 00:00,0,0,0,16.863,0
2015-10-13 01:00,0,0,0,16.778,0
2015-10-13 02:00,0,0,0,16.665,0
2015-10-13 03:00,0,0,0,16.522,0
2015-10-13 04:00,0,0,0,16.368,0
2015-10-13 05:00,0.033,0.037,0.019,16.360,0
2015-10-13 06:00,0.253,0.253,0.045,17.396,0
2015-10-13 07:00,0.460,0.474,0.069,18.301,0
2015-10-13 08:00,0.612,0.658,0.089,19.232,0
2015-10-13 09:00,0.706,0.781,0.106,19.930,0
2015-10-13 10:00,0.752,0.847,0.114,20.527,0
2015-10-13 11:00,0.729,0.793,0.134,20.926,0
2015-10-13 12:00,0.654,0.669,0.146,20.999,0
2015-10-13 13:00,0.536,0.512,0.137,20.820,0
2015-10-13 14:00,0.353,0.295,0.122,20.387,0
2015-10-13 15:00,0.120,0.073,0.080,19.692,0
2015-10-13 16:00,0,0.002,0.006,18.884,0
2015-10-13 17:00,0,0,0,18.757,0
2015-10-13 18:00,0,0,0,18.577,0
2015-10-13 19:00,0,0,0,18.370,0
2015-10-13 20:00,0,0,0,18.197,0
2015-10-13 21:00,0,0,0,17.933,0
2015-10-13 22:00,0,0,0,17.737,0
2015-10-13 23:00,0,0,0,17.640,0
2015-10-14 00:00,0,0,0,17.525,0
2015-10-14 01:00,0,0,0,17.468,0
2015-10-14 02:00,0,0,0,17.487,0
2015-10-14 03:00,0,0,0,17.397,0
2015-10-14 04:00,0,0,0,17.310,0
2015-10-14 05:00,0.033,0.038,0.018,17.584,0
2015-10-14 06:00,0.158,0.120,0.075,18.864,0
2015-10-14 07:00,0.396,0.360,0.108,19.924,0
2015-10-14 08:00,0.570,0.578,0.118,20.927,0
2015-10-14 09:00,0.675,0.721,0.129,21.633,0
2015-10-14 10:00,0.724,0.793,0.134,22.100,0
2015-10-14 11:00,0.707,0.754,0.147,22.316,0
2015-10-14 12:00,0.642,0.657,0.148,22.347,0
2015-10-14 13:00,0.519,0.488,0.144,22.150,0
2015-10-14 14:00,0.334,0.272,0.127,21.981,0
2015-10-14 15:00,0.107,0.063,0.077,21.281,0
2015-10-14 16:00,0,0.001,0.005,20.161,0
2015-10-14 17:00,0,0,0,19.841,0
2015-10-14 18:00,0,0,0,19.673,0
2015-10-14 19:00,0,0,0,19.508,0
2015-10-14 20:00,0,0,0,19.360,0
2015-10-14 21:00,0,0,0,19.268,0
2015-10-14 22:00,0,0,0,19.187,0
2015-10-14 23:00,0,0,0,19.102,0
2015-10-15 00:00,0,0,0,18.996,0
2015-10-15 01:00,0,0,0,18.864,0
2015-10-15 02:00,0,0,0,18.682,0
2015-10-15 03:00,0,0,0,18.414,0
2015-10-15 04:00,0,0,0,18.099,0
2015-10-15 05:00,0.004,0.005,0.016,18.182,0
2015-10-15 06:00,0.145,0.096,0.084,19.479,0
2015-10-15 07:00,0.255,0.150,0.154,20.356,0
2015-10-15 08:00,0.406,0.281,0.203,21.111,0
2015-10-15 09:00,0.436,0.297,0.225,21.613,0
2015-10-15 10:00,0.162,0.008,0.194,22.007,0
2015-10-15 11:00,0.132,0.022,0.147,22.254,0
2015-10-15 12:00,0.257,0.073,0.236,22.407,0
2015-10-15 13:00,0.094,0.001,0.126,22.248,0
2015-10-15 14:00,0.024,0,0.047,21.822,0
2015-10-15 15:00,0.012,0.002,0.030,21.145,0
2015-10-15 16:00,0,0,0,20.576,0
2015-10-15 17:00,0,0,0,20.346,0
2015-10-15 18:00,0,0,0,20.076,0
2015-10-15 19:00,0,0,0,19.812,0
2015-10-15 20:00,0,0,0,19.571,0
2015-10-15 21:00,0,0,0,19.446,0
2015-10-15 22:00,0,0,0,19.346,0
2015-10-15 23:00,0,0,0,19.287,0
2015-10-16 00:00,0,0,0,19.258,0
2015-10-16 01:00,0,0,0,19.211,0
2015-10-16 02:00,0,0,0,19.124,0
2015-10-16 03:00,0,0,0,18.953,0
2015-10-16 04:00,0,0,0,18.742,0
2015-10-16 05:00,0,0,0.007,18.726,0
2015-10-16 06:00,0.005,0,0.023,19.577,0
2015-10-16 07:00,0.026,0,0.049,20.165,0
2015-10-16 08:00,0.049,0,0.076,20.883,0
2015-10-16 09:00,0.058,0,0.086,21.548,0
2015-10-16 10:00,0.106,0,0.140,21.920,0
2015-10-16 11:00,0.063,0,0.092,22.049,0
2015-10-16 12:00,0.051,0,0.079,21.815,0
2015-10-16 13:00,0.046,0,0.073,21.344,0
2015-10-16 14:00,0.045,0.003,0.069,20.794,0
2015-10-16 15:00,0.051,0.022,0.056,20.179,0
2015-10-16 16:00,0,0,0,19.538,0
2015-10-16 17:00,0,0,0,19.329,0
2015-10-16 18:00,0,0,0,19.160,0
2015-10-16 19:00,0,0,0,19.024,0
2015-10-16 20:00,0,0,0,18.891,0
2015-10-16 21:00,0,0,0,18.881,0
2015-10-16 22:00,0,0,0,19.000,0
2015-10-16 23:00,0,0,0,19.141,0
2015-10-17 00:00,0,0,0,19.312,0
2015-10-17 01:00,0,0,0,19.438,0
2015-10-17 02:00,0,0,0,19.415,0
2015-10-17 03:00,0,0,0,19.207,0
2015-10-17 04:00,0,0,0,18.980,0
2015-10-17 05:00,0,0.002,0.010,19.002,0
2015-10-17 06:00,0.051,0.013,0.065,19.751,0
2015-10-17 07:00,0.136,0.025,0.146,20.022,0
2015-10-17 08:00,0.227,0.063,0.209,20.167,0
2015-10-17 09:00,0.211,0.074,0.180,20.524,0
2015-10-17 10:00,0.175,0.036,0.179,20.941,0
2015-10-17 11:00,0.059,0,0.087,21.332,0
2015-10-17 12:00,0.061,0,0.089,21.334,0
2015-10-17 13:00,0.107,0.017,0.123,21.161,0
2015-10-17 14:00,0.155,0.074,0.118,20.783,0
2015-10-17 15:00,0.077,0.039,0.068,20.061,0
2015-10-17 16:00,0,0,0,19.203,0
2015-10-17 17:00,0,0,0,18.978,0
2015-10-17 18:00,0,0,0,18.867,0
2015-10-17 19:00,0,0,0,18.839,0
2015-10-17 20:00,0,0,0,18.843,0
2015-10-17 21:00,0,0,0,18.793,0
2015-10-17 22:00,0,0,0,18.729,0
2015-10-17 23:00,0,0,0,18.671,0
2015-10-18 00:00,0,0,0,18.734,0
2015-10-18 01:00,0,0,0,18.683,0
2015-10-18 02:00,0,0,0,18.449,0
2015-10-18 03:00,0,0,0,18.121,0
2015-10-18 04:00,0,0,0,17.735,0
2015-10-18 05:00,0,0.001,0.006,17.760,0
2015-10-18 06:00,0.076,0.036,0.070,18.965,0
2015-10-18 07:00,0.279,0.187,0.143,19.952,0
2015-10-18 08:00,0.461,0.375,0.177,20.824,0
2015-10-18 09:00,0.567,0.497,0.198,21.471,0
2015-10-18 10:00,0.596,0.511,0.224,21.837,0
2015-10-18 11:00,0.513,0.364,0.260,22.083,0
2015-10-18 12:00,0.464,0.324,0.235,22.048,0
2015-10-18 13:00,0.314,0.166,0.208,21.766,0
2015-10-18 14:00,0.231,0.137,0.141,21.226,0
2015-10-18 15:00,0.051,0.020,0.058,20.440,0
2015-10-18 16:00,0,0,0,19.898,0
2015-10-18 17:00,0,0,0,19.825,0
2015-10-18 18:00,0,0,0,19.794,0
2015-10-18 19:00,0,0,0,19.638,0
2015-10-18 20:00,0,0,0,19.611,0
2015-10-18 21:00,0,0,0,19.640,0
2015-10-18 22:00,0,0,0,19.654,0
2015-10-18 23:00,0,0,0,19.588,0
2015-10-19 00:00,0,0,0,19.495,0
2015-10-19 01:00,0,0,0,19.417,0
2015-10-19 02:00,0,0,0,19.366,0
2015-10-19 03:00,0,0,0,18.955,0
2015-10-19 04:00,0,0,0,18.489,0
2015-10-19 05:00,0,0.002,0.010,18.363,0
2015-10-19 06:00,0.089,0.042,0.078,19.518,0
2015-10-19 07:00,0.257,0.163,0.144,20.463,0
2015-10-19 08:00,0.455,0.374,0.172,21.175,0
2015-10-19 09:00,0.368,0.175,0.263,21.547,0
2015-10-19 10:00,0.321,0.123,0.259,21.677,0
2015-10-19 11:00,0.481,0.321,0.258,21.667,0
2015-10-19 12:00,0.490,0.386,0.205,21.572,0
2015-10-19 13:00,0.463,0.394,0.162,21.372,0
2015-10-19 14:00,0.318,0.260,0.118,21.009,0
2015-10-19 15:00,0.095,0.061,0.065,20.273,0
2015-10-19 16:00,0,0,0,19.167,0
2015-10-19 17:00,0,0,0,18.988,0
2015-10-19 18:00,0,0,0,18.966,0
2015-10-19 19:00,0,0,0,18.830,0
2015-10-19 20:00,0,0,0,18.613,0
2015-10-19 21:00,0,0,0,18.493,0
2015-10-19 22:00,0,0,0,18.440,0
2015-10-19 23:00,0,0,0,18.429,0
2015-10-20 00:00,0,0,0,18.451,0
2015-10-20 01:00,0,0,0,18.431,0
2015-10-20 02:00,0,0,0,18.416,0
2015-10-20 03:00,0,0,0,18.422,0
2015-10-20 04:00,0,0,0,18.356,0
2015-10-20 05:00,0.001,0.005,0.011,18.364,0
2015-10-20 06:00,0.089,0.043,0.076,19.294,0
2015-10-20 07:00,0.250,0.148,0.150,19.955,0
2015-10-20 08:00,0.481,0.414,0.162,20.359,0
2015-10-20 09:00,0.348,0.183,0.229,20.644,0
2015-10-20 10:00,0.387,0.216,0.244,20.861,0
2015-10-20 11:00,0.173,0.015,0.197,20.859,0
2015-10-20 12:00,0.069,0,0.098,20.660,0
2015-10-20 13:00,0.099,0.007,0.125,20.118,0
2015-10-20 14:00,0.074,0.007,0.096,19.306,0
2015-10-20 15:00,0.007,0.001,0.025,18.605,0
2015-10-20 16:00,0,0,0,18.189,0
2015-10-20 17:00,0,0,0,17.999,0
2015-10-20 18:00,0,0,0,17.793,0
2015-10-20 19:00,0,0,0,17.681,0
2015-10-20 20:00,0,0,0,17.553,0
2015-10-20 21:00,0,0,0,17.428,0
2015-10-20 22:00,0,0,0,17.338,0
2015-10-20 23:00,0,0,0,17.299,0
2015-10-21 00:00,0,0,0,17.259,0
2015-10-21 01:00,0,0,0,17.154,0
2015-10-21 02:00,0,0,0,17.110,0
2015-10-21 03:00,0,0,0,17.081,0
2015-10-21 04:00,0,0,0,17.038,0
2015-10-21 05:00,0,0,0.003,16.986,0
2015-10-21 06:00,0.064,0.026,0.066,17.712,0
2015-10-21 07:00,0.157,0.046,0.146,18.220,0
2015-10-21 08:00,0.298,0.131,0.219,18.831,0
2015-10-21 09:00,0.373,0.180,0.260,19.618,0
2015-10-21 10:00,0.348,0.138,0.273,20.195,0
2015-10-21 11:00,0.409,0.209,0.276,20.492,0
2015-10-21 12:00,0.354,0.163,0.257,20.640,0
2015-10-21 13:00,0.235,0.087,0.194,20.578,0
2015-10-21 14:00,0.084,0.012,0.102,20.253,0
2015-10-21 15:00,0.025,0.006,0.041,19.675,0
2015-10-21 16:00,0,0,0,18.962,0
2015-10-21 17:00,0,0,0,18.743,0
2015-10-21 18:00,0,0,0,18.406,0
2015-10-21 19:00,0,0,0,18.063,0
2015-10-21 20:00,0,0,0,17.701,0
2015-10-21 21:00,0,0,0,17.511,0
2015-10-21 22:00,0,0,0,17.407,0
2015-10-21 23:00,0,0,0,17.269,0
2015-10-22 00:00,0,0,0,17.121,0
2015-10-22 01:00,0,0,0,17.029,0
2015-10-22 02:00,0,0,0,17.496,0
2015-10-22 03:00,0,0,0,18.133,0
2015-10-22 04:00,0,0,0,18.532,0
2015-10-22 05:00,0,0,0.005,18.822,0
2015-10-22 06:00,0.006,0,0.024,19.004,0
2015-10-22 07:00,0.060,0.001,0.086,19.108,0
2015-10-22 08:00,0.174,0.033,0.179,18.981,0
2015-10-22 09:00,0.257,0.061,0.243,18.946,0
2015-10-22 10:00,0.304,0.104,0.254,19.178,0
2015-10-22 11:00,0.173,0.016,0.195,19.452,0
2015-10-22 12:00,0.157,0.017,0.177,19.541,0
2015-10-22 13:00,0.068,0.006,0.090,19.243,0
2015-10-22 14:00,0.063,0.005,0.086,18.546,0
2015-10-22 15:00,0.019,0.007,0.033,17.751,0
2015-10-22 16:00,0,0,0,17.093,0
2015-10-22 17:00,0,0,0,16.412,0
2015-10-22 18:00,0,0,0,15.758,0
2015-10-22 19:00,0,0,0,15.301,0
2015-10-22 20:00,0,0,0,15.242,0
2015-10-22 21:00,0,0,0,15.380,0
2015-10-22 22:00,0,0,0,15.668,0
2015-10-22 23:00,0,0,0,15.762,0
2015-10-23 00:00,0,0,0,15.777,0
2015-10-23 01:00,0,0,0,15.750,0
2015-10-23 02:00,0,0,0,15.831,0
2015-10-23 03:00,0,0,0,15.738,0
2015-10-23 04:00,0,0,0,15.446,0
2015-10-23 05:00,0.009,0.017,0.011,15.106,0
2015-10-23 06:00,0.211,0.205,0.044,15.452,0
2015-10-23 07:00,0.402,0.380,0.087,16.054,0
2015-10-23 08:00,0.594,0.628,0.086,17.056,0
2015-10-23 09:00,0.696,0.764,0.099,18.322,0
2015-10-23 10:00,0.718,0.776,0.126,19.542,0
2015-10-23 11:00,0.703,0.753,0.132,20.373,0
2015-10-23 12:00,0.634,0.651,0.134,20.760,0
2015-10-23 13:00,0.499,0.465,0.135,20.655,0
2015-10-23 14:00,0.310,0.252,0.114,20.026,0
2015-10-23 15:00,0.073,0.048,0.053,18.561,0
2015-10-23 16:00,0,0,0,16.993,0
2015-10-23 17:00,0,0,0,16.128,0
2015-10-23 18:00,0,0,0,15.283,0
2015-10-23 19:00,0,0,0,14.642,0
2015-10-23 20:00,0,0,0,14.140,0
2015-10-23 21:00,0,0,0,13.718,0
2015-10-23 22:00,0,0,0,13.404,0
2015-10-23 23:00,0,0,0,13.158,0
2015-10-24 00:00,0,0,0,12.972,0
2015-10-24 01:00,0,0,0,12.877,0
2015-10-24 02:00,0,0,0,12.816,0
2015-10-24 03:00,0,0,0,12.696,0
2015-10-24 04:00,0,0,0,12.502,0
2015-10-24 05:00,0.008,0.016,0.010,12.488,0
2015-10-24 06:00,0.204,0.193,0.047,14.001,0
2015-10-24 07:00,0.420,0.411,0.075,15.418,0
2015-10-24 08:00,0.577,0.591,0.099,16.809,0
2015-10-24 09:00,0.671,0.708,0.118,18.129,0
2015-10-24 10:00,0.709,0.757,0.132,19.301,0
2015-10-24 11:00,0.679,0.698,0.150,20.155,0
2015-10-24 12:00,0.609,0.597,0.151,20.685,0
2015-10-24 13:00,0.480,0.436,0.141,20.837,0
2015-10-24 14:00,0.294,0.234,0.116,20.605,0
2015-10-24 15:00,0.067,0.045,0.050,19.341,0
2015-10-24 16:00,0,0,0,18.033,0
2015-10-24 17:00,0,0,0,17.270,0
2015-10-24 18:00,0,0,0,16.541,0
2015-10-24 19:00,0,0,0,15.897,0
2015-10-24 20:00,0,0,0,15.355,0
2015-10-24 21:00,0,0,0,14.927,0
2015-10-24 22:00,0,0,0,14.566,0
2015-10-24 23:00,0,0,0,14.317,0
2015-10-25 00:00,0,0,0,14.187,0
2015-10-25 01:00,0,0,0,14.131,0
2015-10-25 02:00,0,0,0,14.173,0
2015-10-25 03:00,0,0,0,14.138,0
2015-10-25 04:00,0,0,0,14.026,0
2015-10-25 05:00,0.007,0.015,0.010,14.028,0
2015-10-25 06:00,0.197,0.186,0.047,15.235,0
2015-10-25 07:00,0.412,0.404,0.076,16.574,0
2015-10-25 08:00,0.567,0.579,0.101,17.688,0
2015-10-25 09:00,0.659,0.686,0.124,18.373,0
2015-10-25 10:00,0.699,0.732,0.138,18.822,0
2015-10-25 11:00,0.673,0.679,0.155,19.085,0
2015-10-25 12:00,0.606,0.586,0.152,19.164,0
2015-10-25 13:00,0.476,0.423,0.143,19.030,0
2015-10-25 14:00,0.293,0.231,0.113,18.573,0
2015-10-25 15:00,0.075,0.054,0.049,17.472,0
2015-10-25 16:00,0,0,0,16.746,0
2015-10-25 17:00,0,0,0,16.651,0
2015-10-25 18:00,0,0,0,16.540,0
2015-10-25 19:00,0,0,0,16.449,0
2015-10-25 20:00,0,0,0,16.308,0
2015-10-25 21:00,0,0,0,16.107,0
2015-10-25 22:00,0,0,0,15.806,0
2015-10-25 23:00,0,0,0,15.517,0
2015-10-26 00:00,0,0,0,15.327,0
2015-10-26 01:00,0,0,0,15.147,0
2015-10-26 02:00,0,0,0,15.039,0
2015-10-26 03:00,0,0,0,14.935,0
2015-10-26 04:00,0,0,0,14.786,0
2015-10-26 05:00,0.003,0.010,0.009,14.977,0
2015-10-26 06:00,0.144,0.115,0.061,15.765,0
2015-10-26 07:00,0.332,0.272,0.114,16.902,0
2015-10-26 08:00,0.483,0.422,0.149,17.631,0
2015-10-26 09:00,0.565,0.496,0.184,18.407,0
2015-10-26 10:00,0.643,0.613,0.177,19.090,0
2015-10-26 11:00,0.648,0.629,0.170,19.522,0
2015-10-26 12:00,0.543,0.470,0.185,19.674,0
2015-10-26 13:00,0.373,0.261,0.179,19.569,0
2015-10-26 14:00,0.187,0.100,0.126,19.130,0
2015-10-26 15:00,0.034,0.017,0.041,18.118,0
2015-10-26 16:00,0,0,0,17.543,0
2015-10-26 17:00,0,0,0,17.390,0
2015-10-26 18:00,0,0,0,17.309,0
2015-10-26 19:00,0,0,0,17.101,0
2015-10-26 20:00,0,0,0,16.916,0
2015-10-26 21:00,0,0,0,16.575,0
2015-10-26 22:00,0,0,0,16.198,0
2015-10-26 23:00,0,0,0,15.970,0
2015-10-27 00:00,0,0,0,15.720,0
2015-10-27 01:00,0,0,0,15.495,0
2015-10-27 02:00,0,0,0,15.098,0
2015-10-27 03:00,0,0,0,14.780,0
2015-10-27 04:00,0,0,0,14.465,0
2015-10-27 05:00,0.004,0.012,0.009,14.355,0
2015-10-27 06:00,0.185,0.172,0.049,15.507,0
2015-10-27 07:00,0.400,0.389,0.078,17.034,0
2015-10-27 08:00,0.555,0.564,0.102,18.247,0
2015-10-27 09:00,0.648,0.675,0.124,19.290,0
2015-10-27 10:00,0.688,0.720,0.140,19.903,0
2015-10-27 11:00,0.662,0.670,0.154,20.216,0
2015-10-27 12:00,0.593,0.571,0.154,20.192,0
2015-10-27 13:00,0.464,0.410,0.143,19.855,0
2015-10-27 14:00,0.275,0.211,0.114,19.196,0
2015-10-27 15:00,0.056,0.039,0.044,17.991,0
2015-10-27 16:00,0,0,0,17.326,0
2015-10-27 17:00,0,0,0,17.315,0
2015-10-27 18:00,0,0,0,17.301,0
2015-10-27 19:00,0,0,0,17.184,0
2015-10-27 20:00,0,0,0,16.972,0
2015-10-27 21:00,0,0,0,16.837,0
2015-10-27 22:00,0,0,0,16.675,0
2015-10-27 23:00,0,0,0,16.565,0
2015-10-28 00:00,0,0,0,16.056,0
2015-10-28 01:00,0,0,0,15.686,0
2015-10-28 02:00,0,0,0,15.580,0
2015-10-28 03:00,0,0,0,15.422,0
2015-10-28 04:00,0,0,0,15.295,0
2015-10-28 05:00,0.003,0.012,0.008,15.268,0
2015-10-28 06:00,0.178,0.167,0.047,16.507,0
2015-10-28 07:00,0.394,0.385,0.077,18.070,0
2015-10-28 08:00,0.542,0.546,0.107,19.145,0
2015-10-28 09:00,0.555,0.491,0.180,19.739,0
2015-10-28 10:00,0.558,0.458,0.219,20.013,0
2015-10-28 11:00,0.510,0.375,0.237,20.033,0
2015-10-28 12:00,0.434,0.293,0.222,19.871,0
2015-10-28 13:00,0.377,0.273,0.172,19.577,0
2015-10-28 14:00,0.255,0.186,0.115,19.070,0
2015-10-28 15:00,0.072,0.058,0.042,17.989,0
2015-10-28 16:00,0,0,0,17.192,0
2015-10-28 17:00,0,0,0,17.161,0
2015-10-28 18:00,0,0,0,17.129,0
2015-10-28 19:00,0,0,0,17.006,0
2015-10-28 20:00,0,0,0,16.823,0
2015-10-28 21:00,0,0,0,16.734,0
2015-10-28 22:00,0,0,0,16.619,0
2015-10-28 23:00,0,0,0,16.504,0
2015-10-29 00:00,0,0,0,16.431,0
2015-10-29 01:00,0,0,0,16.407,0
2015-10-29 02:00,0,0,0,16.476,0
2015-10-29 03:00,0,0,0,16.567,0
2015-10-29 04:00,0,0,0,16.558,0
2015-10-29 05:00,0.002,0.012,0.007,16.539,0
2015-10-29 06:00,0.187,0.184,0.041,17.242,0
2015-10-29 07:00,0.395,0.389,0.074,17.940,0
2015-10-29 08:00,0.541,0.540,0.108,18.339,0
2015-10-29 09:00,0.628,0.631,0.135,18.596,0
2015-10-29 10:00,0.664,0.665,0.154,18.892,0
2015-10-29 11:00,0.614,0.568,0.182,19.150,0
2015-10-29 12:00,0.538,0.467,0.181,19.303,0
2015-10-29 13:00,0.246,0.119,0.173,19.299,0
2015-10-29 14:00,0.097,0.040,0.088,19.011,0
2015-10-29 15:00,0.026,0.018,0.030,18.085,0
2015-10-29 16:00,0,0,0,17.435,0
2015-10-29 17:00,0,0,0,17.394,0
2015-10-29 18:00,0,0,0,17.377,0
2015-10-29 19:00,0,0,0,17.313,0
2015-10-29 20:00,0,0,0,17.288,0
2015-10-29 21:00,0,0,0,17.215,0
2015-10-29 22:00,0,0,0,16.912,0
2015-10-29 23:00,0,0,0,16.473,0
2015-10-30 00:00,0,0,0,16.037,0
2015-10-30 01:00,0,0,0,15.591,0
2015-10-30 02:00,0,0,0,15.176,0
2015-10-30 03:00,0,0,0,14.840,0
2015-10-30 04:00,0,0,0,14.530,0
2015-10-30 05:00,0,0.002,0.006,14.285,0
2015-10-30 06:00,0.051,0.021,0.056,14.796,0
2015-10-30 07:00,0.172,0.075,0.132,15.667,0
2015-10-30 08:00,0.156,0.021,0.169,16.574,0
2015-10-30 09:00,0.165,0.020,0.181,17.550,0
2015-10-30 10:00,0.302,0.091,0.263,18.146,0
2015-10-30 11:00,0.240,0.047,0.237,18.310,0
2015-10-30 12:00,0.250,0.075,0.220,18.301,0
2015-10-30 13:00,0.293,0.185,0.160,18.221,0
2015-10-30 14:00,0.176,0.100,0.113,17.996,0
2015-10-30 15:00,0.010,0.004,0.025,17.237,0
2015-10-30 16:00,0,0,0,16.458,0
2015-10-30 17:00,0,0,0,16.083,0
2015-10-30 18:00,0,0,0,15.887,0
2015-10-30 19:00,0,0,0,15.549,0
2015-10-30 20:00,0,0,0,15.112,0
2015-10-30 21:00,0,0,0,14.704,0
2015-10-30 22:00,0,0,0,14.428,0
2015-10-30 23:00,0,0,0,14.333,0
2015-10-31 00:00,0,0,0,14.277,0
2015-10-31 01:00,0,0,0,14.109,0
2015-10-31 02:00,0,0,0,13.915,0
2015-10-31 03:00,0,0,0,13.676,0
2015-10-31 04:00,0,0,0,13.393,0
2015-10-31 05:00,0,0.002,0.005,13.194,0
2015-10-31 06:00,0.054,0.022,0.057,14.291,0
2015-10-31 07:00,0.176,0.081,0.131,15.672,0
2015-10-31 08:00,0.359,0.235,0.182,16.477,0
2015-10-31 09:00,0.562,0.499,0.172,17.154,0
2015-10-31 10:00,0.629,0.590,0.174,17.758,0
2015-10-31 11:00,0.416,0.252,0.237,18.142,0
2015-10-31 12:00,0.304,0.129,0.227,18.402,0
2015-10-31 13:00,0.183,0.054,0.167,18.284,0
2015-10-31 14:00,0.118,0.050,0.101,17.721,0
2015-10-31 15:00,0.028,0.018,0.032,16.912,0
2015-10-31 16:00,0,0,0,16.130,0
2015-10-31 17:00,0,0,0,15.411,0
2015-10-31 18:00,0,0,0,14.604,0
2015-10-31 19:00,0,0,0,14.005,0
2015-10-31 20:00,0,0,0,13.789,0
2015-10-31 21:00,0,0,0,13.737,0
2015-10-31 22:00,0,0,0,13.623,0
2015-10-31 23:00,0,0,0,13.332,0
2015-11-01 00:00,0,0,0,12.955,0
2015-11-01 01:00,0,0,0,12.668,0
2015-11-01 02:00,0,0,0,12.490,0
2015-11-01 03:00,0,0,0,12.396,0
2015-11-01 04:00,0,0,0,12.299,0
2015-11-01 05:00,0,0,0.001,12.196,0
2015-11-01 06:00,0.107,0.081,0.054,13.021,0
2015-11-01 07:00,0.267,0.185,0.123,14.301,0
2015-11-01 08:00,0.526,0.499,0.120,15.409,0
2015-11-01 09:00,0.648,0.659,0.126,16.476,0
2015-11-01 10:00,0.671,0.668,0.155,17.309,0
2015-11-01 11:00,0.644,0.620,0.167,17.942,0
2015-11-01 12:00,0.559,0.501,0.170,18.244,0
2015-11-01 13:00,0.447,0.384,0.143,18.170,0
2015-11-01 14:00,0.305,0.259,0.098,17.645,0
2015-11-01 15:00,0.071,0.065,0.034,16.535,0
2015-11-01 16:00,0,0,0,15.452,0
2015-11-01 17:00,0,0,0,14.633,0
2015-11-01 18:00,0,0,0,13.824,0
2015-11-01 19:00,0,0,0,13.198,0
2015-11-01 20:00,0,0,0,12.743,0
2015-11-01 21:00,0,0,0,12.418,0
2015-11-01 22:00,0,0,0,12.202,0
2015-11-01 23:00,0,0,0,12.140,0
2015-11-02 00:00,0,0,0,12.173,0
2015-11-02 01:00,0,0,0,12.210,0
2015-11-02 02:00,0,0,0,12.230,0
2015-11-02 03:00,0,0,0,12.073,0
2015-11-02 04:00,0,0,0,11.941,0
2015-11-02 05:00,0,0,0.001,11.887,0
2015-11-02 06:00,0.179,0.178,0.033,13.122,0
2015-11-02 07:00,0.426,0.436,0.056,14.895,0
2015-11-02 08:00,0.578,0.606,0.083,16.256,0
2015-11-02 09:00,0.672,0.719,0.104,17.316,0
2015-11-02 10:00,0.708,0.756,0.123,18.030,0
2015-11-02 11:00,0.682,0.705,0.138,18.520,0
2015-11-02 12:00,0.611,0.606,0.138,18.775,0
2015-11-02 13:00,0.487,0.454,0.125,18.754,0
2015-11-02 14:00,0.287,0.234,0.102,18.283,0
2015-11-02 15:00,0.042,0.035,0.033,16.899,0
2015-11-02 16:00,0,0,0,16.113,0
2015-11-02 17:00,0,0,0,15.860,0
2015-11-02 18:00,0,0,0,15.604,0
2015-11-02 19:00,0,0,0,15.272,0
2015-11-02 20:00,0,0,0,14.928,0
2015-11-02 21:00,0,0,0,14.564,0
2015-11-02 22:00,0,0,0,14.265,0
2015-11-02 23:00,0,0,0,14.027,0
2015-11-03 00:00,0,0,0,13.771,0
2015-11-03 01:00,0,0,0,13.576,0
2015-11-03 02:00,0,0,0,13.474,0
2015-11-03 03:00,0,0,0,13.376,0
2015-11-03 04:00,0,0,0,13.170,0
2015-11-03 05:00,0,0,0.001,13.151,0
2015-11-03 06:00,0.163,0.161,0.034,13.864,0
2015-11-03 07:00,0.327,0.279,0.099,15.569,0
2015-11-03 08:00,0.566,0.585,0.088,16.374,0
2015-11-03 09:00,0.672,0.719,0.104,17.226,0
2015-11-03 10:00,0.706,0.754,0.122,17.946,0
2015-11-03 11:00,0.666,0.672,0.147,18.340,0
2015-11-03 12:00,0.597,0.579,0.144,18.443,0
2015-11-03 13:00,0.446,0.386,0.139,18.260,0
2015-11-03 14:00,0.245,0.181,0.108,17.628,0
2015-11-03 15:00,0.024,0.016,0.029,16.000,0
2015-11-03 16:00,0,0,0,15.199,0
2015-11-03 17:00,0,0,0,15.011,0
2015-11-03 18:00,0,0,0,14.735,0
2015-11-03 19:00,0,0,0,14.537,0
2015-11-03 20:00,0,0,0,14.311,0
2015-11-03 21:00,0,0,0,14.112,0
2015-11-03 22:00,0,0,0,13.977,0
2015-11-03 23:00,0,0,0,13.795,0
2015-11-04 00:00,0,0,0,13.652,0
2015-11-04 01:00,0,0,0,13.481,0
2015-11-04 02:00,0,0,0,13.361,0
2015-11-04 03:00,0,0,0,13.336,0
2015-11-04 04:00,0,0,0,13.343,0
2015-11-04 05:00,0,0,0.001,13.228,0
2015-11-04 06:00,0.167,0.166,0.034,13.861,0
2015-11-04 07:00,0.413,0.422,0.057,15.523,0
2015-11-04 08:00,0.572,0.600,0.082,16.414,0
2015-11-04 09:00,0.667,0.712,0.103,17.255,0
2015-11-04 10:00,0.707,0.759,0.118,17.823,0
2015-11-04 11:00,0.680,0.704,0.135,18.082,0
2015-11-04 12:00,0.606,0.597,0.137,18.111,0
2015-11-04 13:00,0.479,0.442,0.124,17.871,0
2015-11-04 14:00,0.281,0.229,0.100,17.283,0
2015-11-04 15:00,0.038,0.032,0.030,15.945,0
2015-11-04 16:00,0,0,0,15.338,0
2015-11-04 17:00,0,0,0,15.134,0
2015-11-04 18:00,0,0,0,15.072,0
2015-11-04 19:00,0,0,0,14.916,0
2015-11-04 20:00,0,0,0,14.734,0
2015-11-04 21:00,0,0,0,14.619,0
2015-11-04 22:00,0,0,0,14.518,0
2015-11-04 23:00,0,0,0,14.327,0
2015-11-05 00:00,0,0,0,14.023,0
2015-11-05 01:00,0,0,0,13.811,0
2015-11-05 02:00,0,0,0,13.736,0
2015-11-05 03:00,0,0,0,13.693,0
2015-11-05 04:00,0,0,0,13.634,0
2015-11-05 05:00,0,0,0.001,13.555,0
2015-11-05 06:00,0.158,0.155,0.035,14.056,0
2015-11-05 07:00,0.404,0.407,0.060,15.298,0
2015-11-05 08:00,0.563,0.581,0.087,16.066,0
2015-11-05 09:00,0.659,0.696,0.107,16.880,0
2015-11-05 10:00,0.699,0.741,0.123,17.451,0
2015-11-05 11:00,0.680,0.704,0.134,17.867,0
2015-11-05 12:00,0.611,0.609,0.132,18.050,0
2015-11-05 13:00,0.469,0.426,0.127,17.912,0
2015-11-05 14:00,0.254,0.196,0.103,17.379,0
2015-11-05 15:00,0.034,0.029,0.028,15.928,0
2015-11-05 16:00,0,0,0,15.248,0
2015-11-05 17:00,0,0,0,15.114,0
2015-11-05 18:00,0,0,0,15.002,0
2015-11-05 19:00,0,0,0,14.800,0
2015-11-05 20:00,0,0,0,14.641,0
2015-11-05 21:00,0,0,0,14.492,0
2015-11-05 22:00,0,0,0,14.327,0
2015-11-05 23:00,0,0,0,14.205,0
2015-11-06 00:00,0,0,0,14.111,0
2015-11-06 01:00,0,0,0,14.033,0
2015-11-06 02:00,0,0,0,14.019,0
2015-11-06 03:00,0,0,0,14.033,0
2015-11-06 04:00,0,0,0,13.943,0
2015-11-06 05:00,0,0,0.001,13.880,0
2015-11-06 06:00,0.152,0.149,0.035,14.461,0
2015-11-06 07:00,0.394,0.395,0.062,15.974,0
2015-11-06 08:00,0.558,0.578,0.086,16.852,0
2015-11-06 09:00,0.659,0.703,0.104,17.808,0
2015-11-06 10:00,0.695,0.743,0.120,18.461,0
2015-11-06 11:00,0.674,0.700,0.134,18.883,0
2015-11-06 12:00,0.602,0.599,0.133,18.989,0
2015-11-06 13:00,0.473,0.440,0.122,18.782,0
2015-11-06 14:00,0.270,0.220,0.098,18.055,0
2015-11-06 15:00,0.030,0.027,0.027,16.381,0
2015-11-06 16:00,0,0,0,15.607,0
2015-11-06 17:00,0,0,0,15.452,0
2015-11-06 18:00,0,0,0,15.416,0
2015-11-06 19:00,0,0,0,15.403,0
2015-11-06 20:00,0,0,0,15.314,0
2015-11-06 21:00,0,0,0,15.073,0
2015-11-06 22:00,0,0,0,14.795,0
2015-11-06 23:00,0,0,0,14.458,0
2015-11-07 00:00,0,0,0,14.216,0
2015-11-07 01:00,0,0,0,14.080,0
2015-11-07 02:00,0,0,0,13.896,0
2015-11-07 03:00,0,0,0,13.655,0
2015-11-07 04:00,0,0,0,13.651,0
2015-11-07 05:00,0,0,0.001,13.762,0
2015-11-07 06:00,0.148,0.145,0.035,14.594,0
2015-11-07 07:00,0.391,0.393,0.061,16.195,0
2015-11-07 08:00,0.553,0.576,0.084,17.482,0
2015-11-07 09:00,0.650,0.693,0.105,18.597,0
2015-11-07 10:00,0.691,0.742,0.119,19.231,0
2015-11-07 11:00,0.669,0.697,0.132,19.443,0
2015-11-07 12:00,0.600,0.599,0.132,19.328,0
2015-11-07 13:00,0.473,0.441,0.120,18.910,0
2015-11-07 14:00,0.270,0.222,0.096,18.001,0
2015-11-07 15:00,0.029,0.027,0.025,16.408,0
2015-11-07 16:00,0,0,0,15.816,0
2015-11-07 17:00,0,0,0,15.699,0
2015-11-07 18:00,0,0,0,15.673,0
2015-11-07 19:00,0,0,0,15.613,0
2015-11-07 20:00,0,0,0,15.487,0
2015-11-07 21:00,0,0,0,15.215,0
2015-11-07 22:00,0,0,0,14.837,0
2015-11-07 23:00,0,0,0,14.508,0
2015-11-08 00:00,0,0,0,14.248,0
2015-11-08 01:00,0,0,0,14.021,0
2015-11-08 02:00,0,0,0,13.904,0
2015-11-08 03:00,0,0,0,13.847,0
2015-11-08 04:00,0,0,0,14.204,0
2015-11-08 05:00,0,0,0.001,14.452,0
2015-11-08 06:00,0.147,0.147,0.033,15.445,0
2015-11-08 07:00,0.394,0.403,0.056,17.130,0
2015-11-08 08:00,0.550,0.579,0.081,18.389,0
2015-11-08 09:00,0.647,0.697,0.102,19.643,0
2015-11-08 10:00,0.684,0.738,0.118,20.324,0
2015-11-08 11:00,0.658,0.683,0.135,20.523,0
2015-11-08 12:00,0.472,0.380,0.185,20.401,0
2015-11-08 13:00,0.306,0.199,0.163,19.954,0
2015-11-08 14:00,0.213,0.159,0.096,18.987,0
2015-11-08 15:00,0.026,0.025,0.024,17.453,0
2015-11-08 16:00,0,0,0,16.666,0
2015-11-08 17:00,0,0,0,16.450,0
2015-11-08 18:00,0,0,0,16.296,0
2015-11-08 19:00,0,0,0,16.275,0
2015-11-08 20:00,0,0,0,16.233,0
2015-11-08 21:00,0,0,0,16.223,0
2015-11-08 22:00,0,0,0,16.100,0
2015-11-08 23:00,0,0,0,15.934,0
2015-11-09 00:00,0,0,0,15.757,0
2015-11-09 01:00,0,0,0,15.588,0
2015-11-09 02:00,0,0,0,15.481,0
2015-11-09 03:00,0,0,0,15.355,0
2015-11-09 04:00,0,0,0,15.265,0
2015-11-09 05:00,0,0,0.001,15.112,0
2015-11-09 06:00,0.142,0.142,0.032,15.955,0
2015-11-09 07:00,0.389,0.399,0.055,17.401,0
2015-11-09 08:00,0.545,0.571,0.083,18.449,0
2015-11-09 09:00,0.640,0.684,0.105,19.547,0
2015-11-09 10:00,0.677,0.723,0.122,20.312,0
2015-11-09 11:00,0.653,0.675,0.136,20.515,0
2015-11-09 12:00,0.581,0.573,0.136,20.419,0
2015-11-09 13:00,0.453,0.415,0.124,20.052,0
2015-11-09 14:00,0.254,0.204,0.097,19.284,0
2015-11-09 15:00,0.022,0.022,0.023,17.752,0
2015-11-09 16:00,0,0,0,17.202,0
2015-11-09 17:00,0,0,0,17.034,0
2015-11-09 18:00,0,0,0,17.009,0
2015-11-09 19:00,0,0,0,16.778,0
2015-11-09 20:00,0,0,0,16.400,0
2015-11-09 21:00,0,0,0,15.987,0
2015-11-09 22:00,0,0,0,15.808,0
2015-11-09 23:00,0,0,0,15.798,0
2015-11-10 00:00,0,0,0,15.602,0
2015-11-10 01:00,0,0,0,15.472,0
2015-11-10 02:00,0,0,0,15.400,0
2015-11-10 03:00,0,0,0,15.573,0
2015-11-10 04:00,0,0,0,15.686,0
2015-11-10 05:00,0,0,0,15.903,0
2015-11-10 06:00,0.124,0.123,0.034,16.729,0
2015-11-10 07:00,0.364,0.363,0.064,18.338,0
2015-11-10 08:00,0.537,0.562,0.085,19.414,0
2015-11-10 09:00,0.624,0.657,0.112,20.149,0
2015-11-10 10:00,0.662,0.695,0.130,20.580,0
2015-11-10 11:00,0.660,0.695,0.128,20.646,0
2015-11-10 12:00,0.586,0.585,0.131,20.389,0
2015-11-10 13:00,0.386,0.312,0.145,19.963,0
2015-11-10 14:00,0.212,0.156,0.098,19.234,0
2015-11-10 15:00,0.013,0.012,0.020,17.602,0
2015-11-10 16:00,0,0,0,16.723,0
2015-11-10 17:00,0,0,0,16.494,0
2015-11-10 18:00,0,0,0,16.435,0
2015-11-10 19:00,0,0,0,16.470,0
2015-11-10 20:00,0,0,0,16.384,0
2015-11-10 21:00,0,0,0,16.263,0
2015-11-10 22:00,0,0,0,16.189,0
2015-11-10 23:00,0,0,0,16.165,0
2015-11-11 00:00,0,0,0,16.185,0
2015-11-11 01:00,0,0,0,16.225,0
2015-11-11 02:00,0,0,0,16.246,0
2015-11-11 03:00,0,0,0,16.267,0
2015-11-11 04:00,0,0,0,16.287,0
2015-11-11 05:00,0,0,0,16.302,0
2015-11-11 06:00,0.118,0.115,0.034,16.931,0
2015-11-11 07:00,0.367,0.372,0.060,18.733,0
2015-11-11 08:00,0.539,0.571,0.079,19.968,0
2015-11-11 09:00,0.637,0.694,0.097,21.065,0
2015-11-11 10:00,0.670,0.725,0.118,21.831,0
2015-11-11 11:00,0.649,0.682,0.131,22.163,0
2015-11-11 12:00,0.570,0.565,0.135,22.123,0
2015-11-11 13:00,0.426,0.382,0.128,21.737,0
2015-11-11 14:00,0.222,0.171,0.096,20.714,0
2015-11-11 15:00,0.005,0.006,0.016,18.873,0
2015-11-11 16:00,0,0,0,17.976,0
2015-11-11 17:00,0,0,0,17.854,0
2015-11-11 18:00,0,0,0,17.855,0
2015-11-11 19:00,0,0,0,17.894,0
2015-11-11 20:00,0,0,0,17.901,0
2015-11-11 21:00,0,0,0,17.894,0
2015-11-11 22:00,0,0,0,17.923,0
2015-11-11 23:00,0,0,0,17.913,0
2015-11-12 00:00,0,0,0,17.843,0
2015-11-12 01:00,0,0,0,17.700,0
2015-11-12 02:00,0,0,0,17.508,0
2015-11-12 03:00,0,0,0,17.247,0
2015-11-12 04:00,0,0,0,16.902,0
2015-11-12 05:00,0,0,0,16.600,0
2015-11-12 06:00,0.101,0.095,0.036,16.973,0
2015-11-12 07:00,0.331,0.313,0.075,18.124,0
2015-11-12 08:00,0.519,0.533,0.089,19.208,0
2015-11-12 09:00,0.617,0.648,0.111,20.186,0
2015-11-12 10:00,0.632,0.638,0.143,20.685,0
2015-11-12 11:00,0.580,0.540,0.170,20.888,0
2015-11-12 12:00,0.566,0.555,0.137,20.997,0
2015-11-12 13:00,0.443,0.408,0.121,20.642,0
2015-11-12 14:00,0.244,0.199,0.092,19.771,0
2015-11-12 15:00,0.013,0.017,0.017,18.215,0
2015-11-12 16:00,0,0,0,17.502,0
2015-11-12 17:00,0,0,0,17.222,0
2015-11-12 18:00,0,0,0,16.928,0
2015-11-12 19:00,0,0,0,16.670,0
2015-11-12 20:00,0,0,0,16.419,0
2015-11-12 21:00,0,0,0,16.189,0
2015-11-12 22:00,0,0,0,15.981,0
2015-11-12 23:00,0,0,0,15.861,0
2015-11-13 00:00,0,0,0,15.823,0
2015-11-13 01:00,0,0,0,15.748,0
2015-11-13 02:00,0,0,0,15.661,0
2015-11-13 03:00,0,0,0,15.519,0
2015-11-13 04:00,0,0,0,15.316,0
2015-11-13 05:00,0,0,0,15.092,0
2015-11-13 06:00,0.079,0.069,0.037,15.427,0
2015-11-13 07:00,0.254,0.203,0.094,16.682,0
2015-11-13 08:00,0.356,0.262,0.153,17.553,0
2015-11-13 09:00,0.513,0.449,0.163,18.677,0
2015-11-13 10:00,0.663,0.697,0.123,19.446,0
2015-11-13 11:00,0.651,0.676,0.130,19.828,0
2015-11-13 12:00,0.585,0.586,0.126,19.896,0
2015-11-13 13:00,0.451,0.418,0.118,19.633,0
2015-11-13 14:00,0.244,0.197,0.092,18.944,0
2015-11-13 15:00,0.010,0.015,0.014,17.458,0
2015-11-13 16:00,0,0,0,16.736,0
2015-11-13 17:00,0,0,0,16.469,0
2015-11-13 18:00,0,0,0,16.208,0
2015-11-13 19:00,0,0,0,16.033,0
2015-11-13 20:00,0,0,0,15.877,0
2015-11-13 21:00,0,0,0,15.919,0
2015-11-13 22:00,0,0,0,16.031,0
2015-11-13 23:00,0,0,0,16.028,0
2015-11-14 00:00,0,0,0,16.002,0
2015-11-14 01:00,0,0,0,15.884,0
2015-11-14 02:00,0,0,0,15.738,0
2015-11-14 03:00,0,0,0,15.536,0
2015-11-14 04:00,0,0,0,15.280,0
2015-11-14 05:00,0,0,0,14.984,0
2015-11-14 06:00,0.025,0.012,0.035,15.291,0
2015-11-14 07:00,0.132,0.056,0.108,16.222,0
2015-11-14 08:00,0.240,0.111,0.171,16.783,0
2015-11-14 09:00,0.183,0.037,0.182,17.369,0
2015-11-14 10:00,0.131,0.005,0.158,17.925,0
2015-11-14 11:00,0.193,0.030,0.202,18.091,0
2015-11-14 12:00,0.152,0.020,0.167,18.061,0
2015-11-14 13:00,0.201,0.090,0.150,17.795,0
2015-11-14 14:00,0.109,0.052,0.088,17.272,0
2015-11-14 15:00,0.003,0.007,0.012,15.996,0
2015-11-14 16:00,0,0,0,15.335,0
2015-11-14 17:00,0,0,0,15.115,0
2015-11-14 18:00,0,0,0,15.016,0
2015-11-14 19:00,0,0,0,15.058,0
2015-11-14 20:00,0,0,0,15.099,0
2015-11-14 21:00,0,0,0,15.120,0
2015-11-14 22:00,0,0,0,15.172,0
2015-11-14 23:00,0,0,0,15.133,0
2015-11-15 00:00,0,0,0,15.080,0
2015-11-15 01:00,0,0,0,15.023,0
2015-11-15 02:00,0,0,0,14.879,0
2015-11-15 03:00,0,0,0,14.756,1
2015-11-15 04:00,0,0,0,14.585,1
2015-11-15 05:00,0.141,0.071,0.101,14.370,1
2015-11-15 06:00,0.219,0.150,0.107,14.833,1
2015-11-15 07:00,0.298,0.267,0.079,16.103,0
2015-11-15 08:00,0.424,0.407,0.088,17.130,1
2015-11-15 09:00,0.540,0.544,0.102,18.023,1
2015-11-15 10:00,0.643,0.654,0.134,18.537,0
2015-11-15 11:00,0.653,0.677,0.127,18.748,0
2015-11-15 12:00,0.565,0.546,0.135,18.643,0
2015-11-15 13:00,0.438,0.396,0.120,18.281,0
2015-11-15 14:00,0.233,0.188,0.088,17.458,0
2015-11-15 15:00,0.017,0.024,0.013,15.885,0
2015-11-15 16:00,0,0,0,15.275,0
2015-11-15 17:00,0,0,0,15.168,0
2015-11-15 18:00,0,0,0,15.209,0
2015-11-15 19:00,0,0,0,15.244,0
2015-11-15 20:00,0,0,0,15.292,0
2015-11-15 21:00,0,0,0,15.304,0
2015-11-15 22:00,0,0,0,15.113,0
2015-11-15 23:00,0,0,0,14.875,0
2015-11-16 00:00,0,0,0,14.776,0
2015-11-16 01:00,0,0,0,14.734,0
2015-11-16 02:00,0,0,0,14.580,0
2015-11-16 03:00,0,0,0,14.303,0
2015-11-16 04:00,0,0,0,13.912,0
2015-11-16 05:00,0,0,0,13.692,0
2015-11-16 06:00,0.092,0.088,0.031,14.047,0
2015-11-16 07:00,0.289,0.256,0.078,15.386,0
2015-11-16 08:00,0.429,0.414,0.085,16.156,1
2015-11-16 09:00,0.558,0.573,0.091,16.834,1
2015-11-16 10:00,0.671,0.707,0.116,17.335,0
2015-11-16 11:00,0.547,0.476,0.178,17.682,0
2015-11-16 12:00,0.415,0.297,0.189,17.707,0
2015-11-16 13:00,0.313,0.222,0.144,17.441,0
2015-11-16 14:00,0.228,0.182,0.087,16.816,0
2015-11-16 15:00,0.008,0.014,0.013,15.483,0
2015-11-16 16:00,0,0,0,14.869,0
2015-11-16 17:00,0,0,0,14.677,0
2015-11-16 18:00,0,0,0,14.625,0
2015-11-16 19:00,0,0,0,14.598,0
2015-11-16 20:00,0,0,0,14.582,0
2015-11-16 21:00,0,0,0,14.606,0
2015-11-16 22:00,0,0,0,14.679,0
2015-11-16 23:00,0,0,0,14.773,0
2015-11-17 00:00,0,0,0,14.884,0
2015-11-17 01:00,0,0,0,15.002,0
2015-11-17 02:00,0,0,0,15.104,0
2015-11-17 03:00,0,0,0,15.266,0
2015-11-17 04:00,0,0,0,15.338,0
2015-11-17 05:00,0,0,0,15.402,0
2015-11-17 06:00,0.108,0.110,0.028,15.995,0
2015-11-17 07:00,0.357,0.365,0.051,17.694,0
2015-11-17 08:00,0.519,0.544,0.077,19.141,0
2015-11-17 09:00,0.624,0.676,0.093,20.352,0
2015-11-17 10:00,0.664,0.720,0.110,20.947,0
2015-11-17 11:00,0.647,0.683,0.123,21.035,0
2015-11-17 12:00,0.585,0.597,0.119,20.797,0
2015-11-17 13:00,0.445,0.418,0.113,20.226,0
2015-11-17 14:00,0.231,0.188,0.088,19.132,0
2015-11-17 15:00,0.007,0.014,0.012,17.703,0
2015-11-17 16:00,0,0,0,17.235,0
2015-11-17 17:00,0,0,0,17.183,0
2015-11-17 18:00,0,0,0,17.014,0
2015-11-17 19:00,0,0,0,16.853,0
2015-11-17 20:00,0,0,0,16.619,0
2015-11-17 21:00,0,0,0,16.337,0
2015-11-17 22:00,0,0,0,16.187,0
2015-11-17 23:00,0,0,0,16.029,0
2015-11-18 00:00,0,0,0,15.911,0
2015-11-18 01:00,0,0,0,15.744,0
2015-11-18 02:00,0,0,0,15.564,0
2015-11-18 03:00,0,0,0,15.307,0
2015-11-18 04:00,0,0,0,14.990,0
2015-11-18 05:00,0,0,0,14.890,0
2015-11-18 06:00,0.076,0.074,0.029,15.078,0
2015-11-18 07:00,0.235,0.188,0.088,16.092,0
2015-11-18 08:00,0.343,0.252,0.148,16.840,0
2015-11-18 09:00,0.548,0.515,0.138,17.516,0
2015-11-18 10:00,0.610,0.592,0.146,17.806,0
2015-11-18 11:00,0.498,0.403,0.187,17.810,0
2015-11-18 12:00,0.358,0.227,0.191,17.682,0
2015-11-18 13:00,0.351,0.272,0.138,17.450,0
2015-11-18 14:00,0.197,0.148,0.087,16.858,0
2015-11-18 15:00,0,0.005,0.010,15.812,0
2015-11-18 16:00,0,0,0,15.498,0
2015-11-18 17:00,0,0,0,15.245,0
2015-11-18 18:00,0,0,0,14.994,0
2015-11-18 19:00,0,0,0,14.829,0
2015-11-18 20:00,0,0,0,14.797,0
2015-11-18 21:00,0,0,0,14.773,0
2015-11-18 22:00,0,0,0,14.669,0
2015-11-18 23:00,0,0,0,14.539,0
2015-11-19 00:00,0,0,0,14.353,0
2015-11-19 01:00,0,0,0,14.150,0
2015-11-19 02:00,0,0,0,14.035,0
2015-11-19 03:00,0,0,0,13.944,0
2015-11-19 04:00,0,0,0,13.897,0
2015-11-19 05:00,0,0,0,13.999,0
2015-11-19 06:00,0.090,0.091,0.028,14.609,0
2015-11-19 07:00,0.332,0.325,0.059,16.155,0
2015-11-19 08:00,0.502,0.508,0.085,16.969,0
2015-11-19 09:00,0.575,0.569,0.122,17.647,0
2015-11-19 10:00,0.540,0.468,0.177,18.057,0
2015-11-19 11:00,0.524,0.445,0.180,18.177,0
2015-11-19 12:00,0.546,0.515,0.138,17.996,0
2015-11-19 13:00,0.429,0.387,0.115,17.578,0
2015-11-19 14:00,0.206,0.159,0.086,16.864,0
2015-11-19 15:00,0,0.003,0.009,15.711,0
2015-11-19 16:00,0,0,0,15.320,0
2015-11-19 17:00,0,0,0,15.220,0
2015-11-19 18:00,0,0,0,15.271,0
2015-11-19 19:00,0,0,0,15.350,0
2015-11-19 20:00,0,0,0,15.309,0
2015-11-19 21:00,0,0,0,15.221,0
2015-11-19 22:00,0,0,0,15.102,0
2015-11-19 23:00,0,0,0,15.006,0
2015-11-20 00:00,0,0,0,15.086,0
2015-11-20 01:00,0,0,0,15.060,0
2015-11-20 02:00,0,0,0,15.090,0
2015-11-20 03:00,0,0,0,15.153,0
2015-11-20 04:00,0,0,0,15.108,0
2015-11-20 05:00,0,0,0,15.086,0
2015-11-20 06:00,0.035,0.028,0.031,15.227,0
2015-11-20 07:00,0.099,0.045,0.083,15.971,0
2015-11-20 08:00,0.160,0.081,0.114,16.482,0
2015-11-20 09:00,0.420,0.316,0.175,16.844,0
2015-11-20 10:00,0.314,0.168,0.197,17.091,0
2015-11-20 11:00,0.163,0.016,0.182,17.237,0
2015-11-20 12:00,0.139,0.015,0.157,17.174,0
2015-11-20 13:00,0.283,0.203,0.128,16.943,0
2015-11-20 14:00,0.127,0.079,0.080,16.403,0
2015-11-20 15:00,0,0.001,0.006,15.072,0
2015-11-20 16:00,0,0,0,14.642,0
2015-11-20 17:00,0,0,0,14.660,0
2015-11-20 18:00,0,0,0,14.528,0
2015-11-20 19:00,0,0,0,14.542,0
2015-11-20 20:00,0,0,0,14.640,0
2015-11-20 21:00,0,0,0,14.835,0
2015-11-20 22:00,0,0,0,14.990,0
2015-11-20 23:00,0,0,0,15.250,0
2015-11-21 00:00,0,0,0,15.488,0
2015-11-21 01:00,0,0,0,15.582,0
2015-11-21 02:00,0,0,0,15.591,0
2015-11-21 03:00,0,0,0,15.559,0
2015-11-21 04:00,0,0,0,15.601,0
2015-11-21 05:00,0,0,0,15.725,0
2015-11-21 06:00,0.012,0.009,0.023,16.025,0
2015-11-21 07:00,0.072,0.019,0.080,16.767,0
2015-11-21 08:00,0.129,0.024,0.138,17.372,0
2015-11-21 09:00,0.117,0.006,0.143,17.896,0
2015-11-21 10:00,0.057,0,0.084,18.335,0
2015-11-21 11:00,0.045,0,0.070,18.584,0
2015-11-21 12:00,0.052,0.003,0.075,18.639,0
2015-11-21 13:00,0.068,0.004,0.092,18.372,0
2015-11-21 14:00,0.030,0.003,0.051,17.988,0
2015-11-21 15:00,0,0.001,0.006,17.550,0
2015-11-21 16:00,0,0,0,17.455,0
2015-11-21 17:00,0,0,0,17.412,0
2015-11-21 18:00,0,0,0,17.372,0
2015-11-21 19:00,0,0,0,17.447,0
2015-11-21 20:00,0,0,0,17.629,0
2015-11-21 21:00,0,0,0,17.838,0
2015-11-21 22:00,0,0,0,17.946,0
2015-11-21 23:00,0,0,0,17.937,0
2015-11-22 00:00,0,0,0,17.927,0
2015-11-22 01:00,0,0,0,17.883,0
2015-11-22 02:00,0,0,0,17.752,0
2015-11-22 03:00,0,0,0,17.505,0
2015-11-22 04:00,0,0,0,17.334,0
2015-11-22 05:00,0,0,0,17.037,0
2015-11-22 06:00,0.005,0.009,0.014,16.557,0
2015-11-22 07:00,0.003,0,0.020,16.256,0
2015-11-22 08:00,0.012,0,0.032,16.068,0
2015-11-22 09:00,0.022,0,0.043,15.789,0
2015-11-22 10:00,0.021,0,0.042,15.407,0
2015-11-22 11:00,0.019,0,0.040,14.945,0
2015-11-22 12:00,0.015,0,0.036,14.589,0
2015-11-22 13:00,0.009,0,0.027,14.302,0
2015-11-22 14:00,0.006,0,0.023,14.117,0
2015-11-22 15:00,0,0,0.002,13.910,0
2015-11-22 16:00,0,0,0,13.813,0
2015-11-22 17:00,0,0,0,14.198,0
2015-11-22 18:00,0,0,0,14.344,0
2015-11-22 19:00,0,0,0,14.307,0
2015-11-22 20:00,0,0,0,14.191,0
2015-11-22 21:00,0,0,0,14.061,0
2015-11-22 22:00,0,0,0,13.861,0
2015-11-22 23:00,0,0,0,13.709,0
2015-11-23 00:00,0,0,0,13.687,0
2015-11-23 01:00,0,0,0,13.790,0
2015-11-23 02:00,0,0,0,13.967,0
2015-11-23 03:00,0,0,0,14.320,0
2015-11-23 04:00,0,0,0,14.577,0
2015-11-23 05:00,0,0,0,14.643,0
2015-11-23 06:00,0.095,0.102,0.022,14.672,0
2015-11-23 07:00,0.333,0.337,0.048,15.200,0
2015-11-23 08:00,0.424,0.383,0.110,15.784,0
2015-11-23 09:00,0.395,0.281,0.177,16.070,0
2015-11-23 10:00,0.291,0.117,0.222,16.239,0
2015-11-23 11:00,0.433,0.312,0.193,16.239,0
2015-11-23 12:00,0.338,0.200,0.191,16.003,0
2015-11-23 13:00,0.173,0.071,0.137,15.570,0
2015-11-23 14:00,0.102,0.056,0.075,14.972,0
2015-11-23 15:00,0,0.007,0.009,14.375,0
2015-11-23 16:00,0,0,0,14.303,0
2015-11-23 17:00,0,0,0,14.336,0
2015-11-23 18:00,0,0,0,14.289,0
2015-11-23 19:00,0,0,0,14.172,0
2015-11-23 20:00,0,0,0,14.225,0
2015-11-23 21:00,0,0,0,14.320,0
2015-11-23 22:00,0,0,0,14.421,0
2015-11-23 23:00,0,0,0,14.601,0
2015-11-24 00:00,0,0,0,14.779,0
2015-11-24 01:00,0,0,0,14.938,0
2015-11-24 02:00,0,0,0,14.993,0
2015-11-24 03:00,0,0,0,14.974,0
2015-11-24 04:00,0,0,0,15.004,0
2015-11-24 05:00,0,0,0,15.008,0
2015-11-24 06:00,0.007,0.007,0.019,15.231,0
2015-11-24 07:00,0.069,0.018,0.078,16.352,0
2015-11-24 08:00,0.131,0.027,0.137,16.901,0
2015-11-24 09:00,0.229,0.076,0.195,17.202,0
2015-11-24 10:00,0.263,0.089,0.219,17.207,0
2015-11-24 11:00,0.374,0.227,0.208,17.037,0
2015-11-24 12:00,0.206,0.102,0.143,16.836,0
2015-11-24 13:00,0.057,0.017,0.066,16.601,0
2015-11-24 14:00,0.162,0.122,0.074,16.182,0
2015-11-24 15:00,0.002,0.009,0.009,15.811,0
2015-11-24 16:00,0,0,0,15.645,0
2015-11-24 17:00,0,0,0,15.442,0
2015-11-24 18:00,0,0,0,15.289,0
2015-11-24 19:00,0,0,0,15.179,0
2015-11-24 20:00,0,0,0,15.070,0
2015-11-24 21:00,0,0,0,14.920,0
2015-11-24 22:00,0,0,0,14.738,0
2015-11-24 23:00,0,0,0,14.618,0
2015-11-25 00:00,0,0,0,14.636,0
2015-11-25 01:00,0,0,0,14.610,0
2015-11-25 02:00,0,0,0,14.495,0
2015-11-25 03:00,0,0,0,14.384,0
2015-11-25 04:00,0,0,0,14.363,0
2015-11-25 05:00,0,0,0,14.349,0
2015-11-25 06:00,0,0,0.009,14.451,0
2015-11-25 07:00,0.022,0,0.044,14.874,0
2015-11-25 08:00,0.025,0,0.047,15.215,0
2015-11-25 09:00,0.024,0,0.046,15.354,0
2015-11-25 10:00,0.026,0,0.049,15.307,0
2015-11-25 11:00,0.055,0,0.081,15.163,0
2015-11-25 12:00,0.113,0.007,0.136,15.052,0
2015-11-25 13:00,0.218,0.138,0.117,15.027,0
2015-11-25 14:00,0.053,0.018,0.061,14.833,0
2015-11-25 15:00,0,0,0.002,14.444,0
2015-11-25 16:00,0,0,0,14.200,0
2015-11-25 17:00,0,0,0,13.978,0
2015-11-25 18:00,0,0,0,13.817,0
2015-11-25 19:00,0,0,0,13.660,0
2015-11-25 20:00,0,0,0,13.487,0
2015-11-25 21:00,0,0,0,13.208,0
2015-11-25 22:00,0,0,0,12.918,0
2015-11-25 23:00,0,0,0,12.970,0
2015-11-26 00:00,0,0,0,13.090,0
2015-11-26 01:00,0,0,0,13.027,0
2015-11-26 02:00,0,0,0,12.695,0
2015-11-26 03:00,0,0,0,12.144,0
2015-11-26 04:00,0,0,0,11.890,0
2015-11-26 05:00,0,0,0,12.031,0
2015-11-26 06:00,0,0.002,0.013,12.204,0
2015-11-26 07:00,0.170,0.131,0.071,13.004,0
2015-11-26 08:00,0.368,0.305,0.117,13.717,0
2015-11-26 09:00,0.331,0.198,0.183,14.350,0
2015-11-26 10:00,0.251,0.084,0.208,14.794,0
2015-11-26 11:00,0.122,0.015,0.137,14.737,0
2015-11-26 12:00,0.029,0.001,0.051,14.378,0
2015-11-26 13:00,0.070,0.007,0.089,14.145,0
2015-11-26 14:00,0.019,0.009,0.030,13.960,0
2015-11-26 15:00,0,0.006,0.008,13.707,0
2015-11-26 16:00,0,0,0,13.502,0
2015-11-26 17:00,0,0,0,13.224,0
2015-11-26 18:00,0,0,0,12.830,0
2015-11-26 19:00,0,0,0,12.462,0
2015-11-26 20:00,0,0,0,12.203,0
2015-11-26 21:00,0,0,0,12.248,0
2015-11-26 22:00,0,0,0,12.715,0
2015-11-26 23:00,0,0,0,13.266,0
2015-11-27 00:00,0,0,0,13.518,0
2015-11-27 01:00,0,0,0,13.505,0
2015-11-27 02:00,0,0,0,13.502,0
2015-11-27 03:00,0,0,0,13.354,0
2015-11-27 04:00,0,0,0,13.245,0
2015-11-27 05:00,0,0,0,13.234,0
2015-11-27 06:00,0.018,0.017,0.022,13.211,0
2015-11-27 07:00,0.022,0.012,0.032,13.473,0
2015-11-27 08:00,0.016,0,0.037,13.780,0
2015-11-27 09:00,0.019,0,0.039,14.031,0
2015-11-27 10:00,0.038,0,0.062,14.288,0
2015-11-27 11:00,0.074,0.002,0.099,14.419,0
2015-11-27 12:00,0.052,0.002,0.076,14.410,0
2015-11-27 13:00,0.024,0,0.046,14.143,0
2015-11-27 14:00,0.009,0.003,0.024,13.602,0
2015-11-27 15:00,0,0.002,0.007,13.039,0
2015-11-27 16:00,0,0,0,12.903,0
2015-11-27 17:00,0,0,0,12.906,0
2015-11-27 18:00,0,0,0,13.001,0
2015-11-27 19:00,0,0,0,12.982,0
2015-11-27 20:00,0,0,0,12.878,0
2015-11-27 21:00,0,0,0,12.687,0
2015-11-27 22:00,0,0,0,12.582,0
2015-11-27 23:00,0,0,0,12.583,0
2015-11-28 00:00,0,0,0,12.541,0
2015-11-28 01:00,0,0,0,12.384,0
2015-11-28 02:00,0,0,0,12.280,0
2015-11-28 03:00,0,0,0,12.159,0
2015-11-28 04:00,0,0,0,12.068,0
2015-11-28 05:00,0,0,0,12.032,0
2015-11-28 06:00,0.041,0.042,0.022,12.101,0
2015-11-28 07:00,0.167,0.122,0.076,12.423,0
2015-11-28 08:00,0.195,0.090,0.139,12.520,0
2015-11-28 09:00,0.139,0.033,0.136,12.596,0
2015-11-28 10:00,0.056,0.003,0.078,12.831,0
2015-11-28 11:00,0.116,0.029,0.115,13.060,0
2015-11-28 12:00,0.181,0.064,0.150,13.038,0
2015-11-28 13:00,0.067,0.014,0.079,12.826,0
2015-11-28 14:00,0.031,0.007,0.046,12.517,0
2015-11-28 15:00,0,0.003,0.008,11.848,0
2015-11-28 16:00,0,0,0,11.912,0
2015-11-28 17:00,0,0,0,12.157,0
2015-11-28 18:00,0,0,0,12.106,0
2015-11-28 19:00,0,0,0,11.996,0
2015-11-28 20:00,0,0,0,12.068,0
2015-11-28 21:00,0,0,0,12.043,0
2015-11-28 22:00,0,0,0,11.948,0
2015-11-28 23:00,0,0,0,11.841,0
2015-11-29 00:00,0,0,0,11.566,0
2015-11-29 01:00,0,0,0,11.431,0
2015-11-29 02:00,0,0,0,11.138,0
2015-11-29 03:00,0,0,0,11.012,0
2015-11-29 04:00,0,0,0,10.947,0
2015-11-29 05:00,0,0,0,11.176,0
2015-11-29 06:00,0.022,0.022,0.021,11.400,0
2015-11-29 07:00,0.210,0.195,0.049,12.374,0
2015-11-29 08:00,0.349,0.291,0.107,12.862,0
2015-11-29 09:00,0.433,0.393,0.104,13.137,0
2015-11-29 10:00,0.429,0.359,0.134,13.481,0
2015-11-29 11:00,0.655,0.672,0.110,13.677,0
2015-11-29 12:00,0.556,0.530,0.121,13.716,0
2015-11-29 13:00,0.444,0.406,0.104,13.526,0
2015-11-29 14:00,0.195,0.150,0.078,12.793,0
2015-11-29 15:00,0,0.004,0.008,11.356,0
2015-11-29 16:00,0,0,0,10.950,0
2015-11-29 17:00,0,0,0,10.760,0
2015-11-29 18:00,0,0,0,10.605,0
2015-11-29 19:00,0,0,0,10.506,0
2015-11-29 20:00,0,0,0,10.472,0
2015-11-29 21:00,0,0,0,10.495,0
2015-11-29 22:00,0,0,0,10.453,0
2015-11-29 23:00,0,0,0,10.357,0
2015-11-30 00:00,0,0,0,10.334,0
2015-11-30 01:00,0,0,0,10.266,0
2015-11-30 02:00,0,0,0,10.189,0
2015-11-30 03:00,0,0,0,10.400,0
2015-11-30 04:00,0,0,0,10.630,0
2015-11-30 05:00,0,0,0,10.644,0
2015-11-30 06:00,0.028,0.029,0.020,10.996,0
2015-11-30 07:00,0.159,0.110,0.080,12.327,0
2015-11-30 08:00,0.394,0.344,0.107,13.340,0
2015-11-30 09:00,0.591,0.601,0.097,13.947,0
2015-11-30 10:00,0.611,0.598,0.128,14.409,0
2015-11-30 11:00,0.640,0.650,0.116,14.540,0
2015-11-30 12:00,0.533,0.493,0.130,14.444,0
2015-11-30 13:00,0.288,0.198,0.133,14.085,0
2015-11-30 14:00,0.062,0.022,0.066,13.287,0
2015-11-30 15:00,0,0.001,0.006,12.010,0
2015-11-30 16:00,0,0,0,11.720,0
2015-11-30 17:00,0,0,0,11.725,0
2015-11-30 18:00,0,0,0,11.694,0
2015-11-30 19:00,0,0,0,11.706,0
2015-11-30 20:00,0,0,0,11.885,0
2015-11-30 21:00,0,0,0,11.979,0
2015-11-30 22:00,0,0,0,12.180,0
2015-11-30 23:00,0,0,0,12.311,0
2015-12-01 00:00,0,0,0,12.352,0
2015-12-01 01:00,0,0,0,12.464,0
2015-12-01 02:00,0,0,0,12.498,0
2015-12-01 03:00,0,0,0,12.423,0
2015-12-01 04:00,0,0,0,12.236,0
2015-12-01 05:00,0,0,0,12.035,0
2015-12-01 06:00,0.035,0.044,0.014,12.180,0
2015-12-01 07:00,0.218,0.187,0.066,12.932,0
2015-12-01 08:00,0.475,0.468,0.080,13.509,0
2015-12-01 09:00,0.626,0.665,0.080,14.085,0
2015-12-01 10:00,0.676,0.720,0.095,14.544,0
2015-12-01 11:00,0.630,0.630,0.124,14.803,0
2015-12-01 12:00,0.534,0.492,0.135,14.826,0
2015-12-01 13:00,0.278,0.187,0.134,14.558,0
2015-12-01 14:00,0.057,0.020,0.063,13.893,0
2015-12-01 15:00,0,0.004,0.007,13.234,0
2015-12-01 16:00,0,0,0,12.917,0
2015-12-01 17:00,0,0,0,12.758,0
2015-12-01 18:00,0,0,0,12.774,0
2015-12-01 19:00,0,0,0,12.789,0
2015-12-01 20:00,0,0,0,12.695,0
2015-12-01 21:00,0,0,0,12.419,0
2015-12-01 22:00,0,0,0,12.202,0
2015-12-01 23:00,0,0,0,12.036,0
2015-12-02 00:00,0,0,0,11.952,0
2015-12-02 01:00,0,0,0,11.924,0
2015-12-02 02:00,0,0,0,11.950,0
2015-12-02 03:00,0,0,0,12.070,0
2015-12-02 04:00,0,0,0,12.005,0
2015-12-02 05:00,0,0,0,11.903,0
2015-12-02 06:00,0.042,0.052,0.013,12.093,0
2015-12-02 07:00,0.338,0.354,0.033,13.310,0
2015-12-02 08:00,0.517,0.544,0.058,14.150,0
2015-12-02 09:00,0.621,0.660,0.081,14.890,0
2015-12-02 10:00,0.655,0.686,0.105,15.476,0
2015-12-02 11:00,0.652,0.679,0.110,15.869,0
2015-12-02 12:00,0.587,0.592,0.108,15.998,0
2015-12-02 13:00,0.438,0.405,0.105,15.844,0
2015-12-02 14:00,0.212,0.173,0.076,15.061,0
2015-12-02 15:00,0.010,0.019,0.009,13.709,0
2015-12-02 16:00,0,0,0,13.339,0
2015-12-02 17:00,0,0,0,13.174,0
2015-12-02 18:00,0,0,0,13.029,0
2015-12-02 19:00,0,0,0,12.894,0
2015-12-02 20:00,0,0,0,12.763,0
2015-12-02 21:00,0,0,0,12.673,0
2015-12-02 22:00,0,0,0,12.637,0
2015-12-02 23:00,0,0,0,12.608,0
2015-12-03 00:00,0,0,0,12.592,0
2015-12-03 01:00,0,0,0,12.549,0
2015-12-03 02:00,0,0,0,12.471,0
2015-12-03 03:00,0,0,0,12.485,0
2015-12-03 04:00,0,0,0,12.519,0
2015-12-03 05:00,0,0,0,12.535,0
2015-12-03 06:00,0.039,0.049,0.013,12.884,0
2015-12-03 07:00,0.339,0.359,0.031,14.315,0
2015-12-03 08:00,0.513,0.547,0.055,15.694,0
2015-12-03 09:00,0.621,0.671,0.077,16.562,0
2015-12-03 10:00,0.669,0.726,0.092,17.248,0
2015-12-03 11:00,0.659,0.705,0.101,17.586,0
2015-12-03 12:00,0.595,0.614,0.103,17.468,0
2015-12-03 13:00,0.451,0.430,0.099,17.011,0
2015-12-03 14:00,0.243,0.211,0.073,15.907,0
2015-12-03 15:00,0.013,0.023,0.009,14.852,0
2015-12-03 16:00,0,0,0,14.888,0
2015-12-03 17:00,0,0,0,15.004,0
2015-12-03 18:00,0,0,0,15.068,0
2015-12-03 19:00,0,0,0,14.994,0
2015-12-03 20:00,0,0,0,14.878,0
2015-12-03 21:00,0,0,0,14.573,0
2015-12-03 22:00,0,0,0,14.164,0
2015-12-03 23:00,0,0,0,13.915,0
2015-12-04 00:00,0,0,0,13.638,0
2015-12-04 01:00,0,0,0,13.505,0
2015-12-04 02:00,0,0,0,13.415,0
2015-12-04 03:00,0,0,0,13.268,0
2015-12-04 04:00,0,0,0,13.007,0
2015-12-04 05:00,0,0,0,12.703,0
2015-12-04 06:00,0.036,0.046,0.012,12.792,0
2015-12-04 07:00,0.330,0.347,0.032,14.072,0
2015-12-04 08:00,0.510,0.542,0.056,15.225,0
2015-12-04 09:00,0.617,0.663,0.077,15.983,0
2015-12-04 10:00,0.671,0.728,0.090,16.396,0
2015-12-04 11:00,0.662,0.706,0.100,16.635,0
2015-12-04 12:00,0.591,0.604,0.104,16.668,0
2015-12-04 13:00,0.453,0.431,0.098,16.458,0
2015-12-04 14:00,0.247,0.216,0.073,15.748,0
2015-12-04 15:00,0.014,0.025,0.009,14.858,0
2015-12-04 16:00,0,0,0,14.627,0
2015-12-04 17:00,0,0,0,14.453,0
2015-12-04 18:00,0,0,0,14.157,0
2015-12-04 19:00,0,0,0,13.957,0
2015-12-04 20:00,0,0,0,13.759,0
2015-12-04 21:00,0,0,0,13.543,0
2015-12-04 22:00,0,0,0,13.374,0
2015-12-04 23:00,0,0,0,13.173,0
2015-12-05 00:00,0,0,0,12.981,0
2015-12-05 01:00,0,0,0,12.885,0
2015-12-05 02:00,0,0,0,12.772,0
2015-12-05 03:00,0,0,0,12.647,0
2015-12-05 04:00,0,0,0,12.494,0
2015-12-05 05:00,0,0,0,12.345,0
2015-12-05 06:00,0.035,0.045,0.013,12.433,0
2015-12-05 07:00,0.329,0.345,0.031,13.537,0
2015-12-05 08:00,0.505,0.531,0.058,14.441,0
2015-12-05 09:00,0.613,0.653,0.079,15.208,0
2015-12-05 10:00,0.666,0.715,0.093,15.756,0
2015-12-05 11:00,0.660,0.700,0.101,16.058,0
2015-12-05 12:00,0.587,0.593,0.107,16.116,0
2015-12-05 13:00,0.450,0.425,0.099,15.887,0
2015-12-05 14:00,0.247,0.215,0.072,15.106,0
2015-12-05 15:00,0.014,0.025,0.009,14.205,0
2015-12-05 16:00,0,0,0,14.108,0
2015-12-05 17:00,0,0,0,14.135,0
2015-12-05 18:00,0,0,0,14.139,0
2015-12-05 19:00,0,0,0,14.109,0
2015-12-05 20:00,0,0,0,14.094,0
2015-12-05 21:00,0,0,0,13.909,0
2015-12-05 22:00,0,0,0,13.708,0
2015-12-05 23:00,0,0,0,13.579,0
2015-12-06 00:00,0,0,0,13.488,0
2015-12-06 01:00,0,0,0,13.443,0
2015-12-06 02:00,0,0,0,13.369,0
2015-12-06 03:00,0,0,0,13.281,0
2015-12-06 04:00,0,0,0,13.126,0
2015-12-06 05:00,0,0,0,13.072,0
2015-12-06 06:00,0.030,0.041,0.012,13.120,0
2015-12-06 07:00,0.291,0.292,0.042,13.958,0
2015-12-06 08:00,0.498,0.523,0.058,14.725,0
2015-12-06 09:00,0.612,0.650,0.080,15.215,0
2015-12-06 10:00,0.663,0.708,0.094,15.500,0
2015-12-06 11:00,0.648,0.675,0.108,15.715,0
2015-12-06 12:00,0.586,0.592,0.107,15.742,0
2015-12-06 13:00,0.450,0.424,0.100,15.504,0
2015-12-06 14:00,0.243,0.211,0.072,14.848,0
2015-12-06 15:00,0.014,0.026,0.009,14.043,0
2015-12-06 16:00,0,0,0,13.784,0
2015-12-06 17:00,0,0,0,13.585,0
2015-12-06 18:00,0,0,0,13.412,0
2015-12-06 19:00,0,0,0,13.198,0
2015-12-06 20:00,0,0,0,12.999,0
2015-12-06 21:00,0,0,0,12.863,0
2015-12-06 22:00,0,0,0,12.794,0
2015-12-06 23:00,0,0,0,12.623,0
2015-12-07 00:00,0,0,0,12.390,0
2015-12-07 01:00,0,0,0,12.060,0
2015-12-07 02:00,0,0,0,11.888,0
2015-12-07 03:00,0,0,0,11.680,0
2015-12-07 04:00,0,0,0,11.498,0
2015-12-07 05:00,0,0,0,11.402,0
2015-12-07 06:00,0.028,0.038,0.012,11.593,0
2015-12-07 07:00,0.280,0.277,0.044,12.762,0
2015-12-07 08:00,0.469,0.469,0.072,13.702,0
2015-12-07 09:00,0.608,0.640,0.082,14.265,0
2015-12-07 10:00,0.659,0.696,0.096,14.636,0
2015-12-07 11:00,0.653,0.680,0.105,14.880,0
2015-12-07 12:00,0.582,0.582,0.108,14.958,0
2015-12-07 13:00,0.449,0.422,0.099,14.752,0
2015-12-07 14:00,0.251,0.219,0.071,13.886,0
2015-12-07 15:00,0.016,0.028,0.008,12.648,0
2015-12-07 16:00,0,0,0,12.362,0
2015-12-07 17:00,0,0,0,12.281,0
2015-12-07 18:00,0,0,0,12.251,0
2015-12-07 19:00,0,0,0,12.237,0
2015-12-07 20:00,0,0,0,12.187,0
2015-12-07 21:00,0,0,0,12.164,0
2015-12-07 22:00,0,0,0,12.169,0
2015-12-07 23:00,0,0,0,12.108,0
2015-12-08 00:00,0,0,0,12.116,0
2015-12-08 01:00,0,0,0,12.238,0
2015-12-08 02:00,0,0,0,12.249,0
2015-12-08 03:00,0,0,0,12.111,0
2015-12-08 04:00,0,0,0,11.847,0
2015-12-08 05:00,0,0,0,11.611,0
2015-12-08 06:00,0.027,0.038,0.011,11.645,0
2015-12-08 07:00,0.146,0.150,0.026,12.555,0
2015-12-08 08:00,0.497,0.518,0.058,13.553,0
2015-12-08 09:00,0.607,0.639,0.081,14.329,0
2015-12-08 10:00,0.655,0.690,0.099,14.946,0
2015-12-08 11:00,0.646,0.670,0.108,15.243,0
2015-12-08 12:00,0.580,0.580,0.108,15.264,0
2015-12-08 13:00,0.446,0.417,0.100,15.001,0
2015-12-08 14:00,0.238,0.204,0.073,14.156,0
2015-12-08 15:00,0.012,0.023,0.008,13.086,0
2015-12-08 16:00,0,0,0,12.843,0
2015-12-08 17:00,0,0,0,12.718,0
2015-12-08 18:00,0,0,0,12.642,0
2015-12-08 19:00,0,0,0,12.414,0
2015-12-08 20:00,0,0,0,12.097,0
2015-12-08 21:00,0,0,0,11.903,0
2015-12-08 22:00,0,0,0,11.794,0
2015-12-08 23:00,0,0,0,11.661,0
2015-12-09 00:00,0,0,0,11.502,0
2015-12-09 01:00,0,0,0,11.346,0
2015-12-09 02:00,0,0,0,11.167,0
2015-12-09 03:00,0,0,0,11.009,0
2015-12-09 04:00,0,0,0,10.871,0
2015-12-09 05:00,0,0,0,10.770,0
2015-12-09 06:00,0.030,0.042,0.011,11.023,0
2015-12-09 07:00,0.310,0.322,0.031,12.225,0
2015-12-09 08:00,0.495,0.515,0.058,13.351,0
2015-12-09 09:00,0.588,0.604,0.090,13.986,0
2015-12-09 10:00,0.635,0.651,0.108,14.421,0
2015-12-09 11:00,0.577,0.544,0.138,14.607,0
2015-12-09 12:00,0.410,0.312,0.161,14.562,0
2015-12-09 13:00,0.257,0.168,0.129,14.253,0
2015-12-09 14:00,0.227,0.192,0.071,13.258,0
2015-12-09 15:00,0.017,0.029,0.008,12.063,0
2015-12-09 16:00,0,0,0,11.933,0
2015-12-09 17:00,0,0,0,11.871,0
2015-12-09 18:00,0,0,0,11.771,0
2015-12-09 19:00,0,0,0,11.625,0
2015-12-09 20:00,0,0,0,11.382,0
2015-12-09 21:00,0,0,0,11.291,0
2015-12-09 22:00,0,0,0,11.293,0
2015-12-09 23:00,0,0,0,11.216,0
2015-12-10 00:00,0,0,0,11.029,0
2015-12-10 01:00,0,0,0,10.848,0
2015-12-10 02:00,0,0,0,10.591,0
2015-12-10 03:00,0,0,0,10.444,0
2015-12-10 04:00,0,0,0,10.422,0
2015-12-10 05:00,0,0,0,10.418,0
2015-12-10 06:00,0,0.002,0.009,10.538,0
2015-12-10 07:00,0.054,0.020,0.058,11.248,0
2015-12-10 08:00,0.120,0.031,0.117,12.086,0
2015-12-10 09:00,0.132,0.014,0.147,12.601,0
2015-12-10 10:00,0.297,0.145,0.195,12.994,0
2015-12-10 11:00,0.197,0.055,0.175,13.188,0
2015-12-10 12:00,0.206,0.085,0.156,13.209,0
2015-12-10 13:00,0.229,0.130,0.135,13.115,0
2015-12-10 14:00,0.144,0.105,0.070,12.536,0
2015-12-10 15:00,0.012,0.023,0.008,11.646,0
2015-12-10 16:00,0,0,0,11.232,0
2015-12-10 17:00,0,0,0,10.814,0
2015-12-10 18:00,0,0,0,10.350,0
2015-12-10 19:00,0,0,0,9.918,0
2015-12-10 20:00,0,0,0,9.645,0
2015-12-10 21:00,0,0,0,9.493,0
2015-12-10 22:00,0,0,0,9.374,0
2015-12-10 23:00,0,0,0,9.482,0
2015-12-11 00:00,0,0,0,9.591,0
2015-12-11 01:00,0,0,0,9.466,0
2015-12-11 02:00,0,0,0,9.251,0
2015-12-11 03:00,0,0,0,8.999,0
2015-12-11 04:00,0,0,0,8.765,0
2015-12-11 05:00,0,0,0,8.601,0
2015-12-11 06:00,0.032,0.043,0.011,8.639,0
2015-12-11 07:00,0.309,0.316,0.031,9.671,0
2015-12-11 08:00,0.483,0.487,0.062,10.419,0
2015-12-11 09:00,0.599,0.610,0.086,10.949,0
2015-12-11 10:00,0.567,0.516,0.140,11.320,0
2015-12-11 11:00,0.623,0.610,0.121,11.581,0
2015-12-11 12:00,0.520,0.465,0.133,11.617,0
2015-12-11 13:00,0.459,0.425,0.098,11.401,0
2015-12-11 14:00,0.241,0.203,0.072,10.600,0
2015-12-11 15:00,0.015,0.027,0.008,9.430,0
2015-12-11 16:00,0,0,0,9.202,0
2015-12-11 17:00,0,0,0,8.992,0
2015-12-11 18:00,0,0,0,8.725,0
2015-12-11 19:00,0,0,0,8.331,0
2015-12-11 20:00,0,0,0,7.854,0
2015-12-11 21:00,0,0,0,7.494,0
2015-12-11 22:00,0,0,0,7.253,0
2015-12-11 23:00,0,0,0,7.074,0
2015-12-12 00:00,0,0,0,6.902,0
2015-12-12 01:00,0,0,0,6.760,0
2015-12-12 02:00,0,0,0,6.716,0
2015-12-12 03:00,0,0,0,6.673,0
2015-12-12 04:00,0,0,0,6.575,0
2015-12-12 05:00,0,0,0,6.549,0
2015-12-12 06:00,0.026,0.037,0.010,6.846,0
2015-12-12 07:00,0.301,0.305,0.032,8.340,0
2015-12-12 08:00,0.493,0.502,0.058,9.609,0
2015-12-12 09:00,0.606,0.622,0.082,10.426,0
2015-12-12 10:00,0.652,0.665,0.102,11.134,0
2015-12-12 11:00,0.642,0.644,0.113,11.612,0
2015-12-12 12:00,0.577,0.560,0.112,11.876,0
2015-12-12 13:00,0.447,0.409,0.101,11.803,0
2015-12-12 14:00,0.244,0.207,0.072,10.808,0
2015-12-12 15:00,0.014,0.025,0.008,9.684,0
2015-12-12 16:00,0,0,0,9.716,0
2015-12-12 17:00,0,0,0,9.756,0
2015-12-12 18:00,0,0,0,9.777,0
2015-12-12 19:00,0,0,0,9.791,0
2015-12-12 20:00,0,0,0,9.784,0
2015-12-12 21:00,0,0,0,9.664,0
2015-12-12 22:00,0,0,0,9.427,0
2015-12-12 23:00,0,0,0,9.349,0
2015-12-13 00:00,0,0,0,9.268,0
2015-12-13 01:00,0,0,0,9.261,0
2015-12-13 02:00,0,0,0,9.220,0
2015-12-13 03:00,0,0,0,9.277,0
2015-12-13 04:00,0,0,0,9.395,0
2015-12-13 05:00,0,0,0,9.604,0
2015-12-13 06:00,0.026,0.037,0.010,9.889,0
2015-12-13 07:00,0.300,0.308,0.031,10.892,0
2015-12-13 08:00,0.486,0.502,0.057,12.108,0
2015-12-13 09:00,0.596,0.618,0.082,12.793,0
2015-12-13 10:00,0.646,0.670,0.100,13.451,0
2015-12-13 11:00,0.635,0.642,0.113,13.791,0
2015-12-13 12:00,0.570,0.557,0.112,13.851,0
2015-12-13 13:00,0.433,0.395,0.103,13.611,0
2015-12-13 14:00,0.262,0.233,0.069,12.997,0
2015-12-13 15:00,0.018,0.030,0.008,12.454,0
2015-12-13 16:00,0,0,0,12.210,0
2015-12-13 17:00,0,0,0,12.002,0
2015-12-13 18:00,0,0,0,11.671,0
2015-12-13 19:00,0,0,0,11.261,0
2015-12-13 20:00,0,0,0,11.116,0
2015-12-13 21:00,0,0,0,11.055,0
2015-12-13 22:00,0,0,0,11.020,0
2015-12-13 23:00,0,0,0,10.917,0
2015-12-14 00:00,0,0,0,10.811,0
2015-12-14 01:00,0,0,0,10.739,0
2015-12-14 02:00,0,0,0,10.595,0
2015-12-14 03:00,0,0,0,10.393,0
2015-12-14 04:00,0,0,0,10.187,0
2015-12-14 05:00,0,0,0,10.053,0
2015-12-14 06:00,0.020,0.031,0.010,10.119,0
2015-12-14 07:00,0.178,0.156,0.052,10.843,0
2015-12-14 08:00,0.392,0.356,0.089,11.873,0
2015-12-14 09:00,0.535,0.511,0.109,12.500,0
2015-12-14 10:00,0.511,0.436,0.156,12.962,0
2015-12-14 11:00,0.585,0.552,0.135,13.223,0
2015-12-14 12:00,0.555,0.529,0.119,13.339,0
2015-12-14 13:00,0.444,0.411,0.100,13.156,0
2015-12-14 14:00,0.252,0.218,0.071,12.216,0
2015-12-14 15:00,0.011,0.022,0.009,10.980,0
2015-12-14 16:00,0,0,0,10.734,0
2015-12-14 17:00,0,0,0,10.663,0
2015-12-14 18:00,0,0,0,10.574,0
2015-12-14 19:00,0,0,0,10.522,0
2015-12-14 20:00,0,0,0,10.325,0
2015-12-14 21:00,0,0,0,10.159,0
2015-12-14 22:00,0,0,0,10.047,0
2015-12-14 23:00,0,0,0,9.976,0
2015-12-15 00:00,0,0,0,9.983,0
2015-12-15 01:00,0,0,0,9.920,0
2015-12-15 02:00,0,0,0,9.784,0
2015-12-15 03:00,0,0,0,9.642,0
2015-12-15 04:00,0,0,0,9.496,0
2015-12-15 05:00,0,0,0,9.323,0
2015-12-15 06:00,0.023,0.034,0.009,9.355,0
2015-12-15 07:00,0.254,0.250,0.039,10.223,0
2015-12-15 08:00,0.428,0.407,0.079,11.247,0
2015-12-15 09:00,0.595,0.613,0.082,11.905,0
2015-12-15 10:00,0.624,0.624,0.111,12.522,0
2015-12-15 11:00,0.615,0.603,0.122,12.930,0
2015-12-15 12:00,0.528,0.483,0.130,13.059,0
2015-12-15 13:00,0.383,0.321,0.115,12.868,0
2015-12-15 14:00,0.194,0.152,0.074,12.113,0
2015-12-15 15:00,0.008,0.018,0.008,11.553,0
2015-12-15 16:00,0,0,0,11.511,0
2015-12-15 17:00,0,0,0,11.577,0
2015-12-15 18:00,0,0,0,11.600,0
2015-12-15 19:00,0,0,0,11.593,0
2015-12-15 20:00,0,0,0,11.492,0
2015-12-15 21:00,0,0,0,11.342,0
2015-12-15 22:00,0,0,0,11.154,0
2015-12-15 23:00,0,0,0,10.858,0
2015-12-16 00:00,0,0,0,10.627,0
2015-12-16 01:00,0,0,0,10.451,0
2015-12-16 02:00,0,0,0,10.315,0
2015-12-16 03:00,0,0,0,10.355,0
2015-12-16 04:00,0,0,0,10.592,0
2015-12-16 05:00,0,0,0,10.702,0
2015-12-16 06:00,0,0,0.005,10.842,0
2015-12-16 07:00,0.023,0.002,0.041,11.496,0
2015-12-16 08:00,0.176,0.084,0.124,12.622,0
2015-12-16 09:00,0.237,0.105,0.169,13.288,0
2015-12-16 10:00,0.169,0.027,0.174,13.699,0
2015-12-16 11:00,0.166,0.025,0.174,13.875,0
2015-12-16 12:00,0.142,0.021,0.151,13.864,0
2015-12-16 13:00,0.142,0.052,0.121,13.619,0
2015-12-16 14:00,0.108,0.066,0.070,12.566,0
2015-12-16 15:00,0.001,0.009,0.008,11.402,0
2015-12-16 16:00,0,0,0,10.994,0
2015-12-16 17:00,0,0,0,10.526,0
2015-12-16 18:00,0,0,0,9.714,0
2015-12-16 19:00,0,0,0,8.882,0
2015-12-16 20:00,0,0,0,8.283,0
2015-12-16 21:00,0,0,0,7.935,0
2015-12-16 22:00,0,0,0,7.689,0
2015-12-16 23:00,0,0,0,7.511,0
2015-12-17 00:00,0,0,0,7.412,0
2015-12-17 01:00,0,0,0,7.352,0
2015-12-17 02:00,0,0,0,7.318,0
2015-12-17 03:00,0,0,0,7.314,0
2015-12-17 04:00,0,0,0,7.299,0
2015-12-17 05:00,0,0,0,7.280,0
2015-12-17 06:00,0.017,0.027,0.010,7.537,0
2015-12-17 07:00,0.263,0.258,0.038,9.062,0
2015-12-17 08:00,0.461,0.459,0.064,10.498,0
2015-12-17 09:00,0.583,0.590,0.088,11.458,0
2015-12-17 10:00,0.645,0.662,0.100,12.196,0
2015-12-17 11:00,0.645,0.657,0.108,12.685,0
2015-12-17 12:00,0.578,0.567,0.110,12.921,0
2015-12-17 13:00,0.444,0.408,0.101,12.824,0
2015-12-17 14:00,0.245,0.209,0.072,11.847,0
2015-12-17 15:00,0.015,0.026,0.009,10.571,0
2015-12-17 16:00,0,0,0,9.926,0
2015-12-17 17:00,0,0,0,9.379,0
2015-12-17 18:00,0,0,0,8.974,0
2015-12-17 19:00,0,0,0,8.689,0
2015-12-17 20:00,0,0,0,8.476,0
2015-12-17 21:00,0,0,0,8.377,0
2015-12-17 22:00,0,0,0,8.359,0
2015-12-17 23:00,0,0,0,8.247,0
2015-12-18 00:00,0,0,0,8.328,0
2015-12-18 01:00,0,0,0,8.364,0
2015-12-18 02:00,0,0,0,8.350,0
2015-12-18 03:00,0,0,0,8.292,0
2015-12-18 04:00,0,0,0,8.177,0
2015-12-18 05:00,0,0,0,8.036,0
2015-12-18 06:00,0.019,0.030,0.009,8.075,0
2015-12-18 07:00,0.274,0.274,0.034,9.136,0
2015-12-18 08:00,0.471,0.475,0.060,10.342,0
2015-12-18 09:00,0.588,0.599,0.084,11.027,0
2015-12-18 10:00,0.643,0.655,0.102,11.564,0
2015-12-18 11:00,0.638,0.640,0.112,11.905,0
2015-12-18 12:00,0.568,0.546,0.114,11.965,0
2015-12-18 13:00,0.439,0.398,0.103,11.678,0
2015-12-18 14:00,0.241,0.203,0.072,10.578,0
2015-12-18 15:00,0.013,0.023,0.008,9.508,0
2015-12-18 16:00,0,0,0,9.480,0
2015-12-18 17:00,0,0,0,9.592,0
2015-12-18 18:00,0,0,0,9.674,0
2015-12-18 19:00,0,0,0,9.763,0
2015-12-18 20:00,0,0,0,9.616,0
2015-12-18 21:00,0,0,0,9.474,0
2015-12-18 22:00,0,0,0,9.437,0
2015-12-18 23:00,0,0,0,9.465,0
2015-12-19 00:00,0,0,0,9.568,0
2015-12-19 01:00,0,0,0,9.738,0
2015-12-19 02:00,0,0,0,9.801,0
2015-12-19 03:00,0,0,0,9.840,0
2015-12-19 04:00,0,0,0,9.874,0
2015-12-19 05:00,0,0,0,9.905,0
2015-12-19 06:00,0,0.001,0.006,10.053,0
2015-12-19 07:00,0.035,0.008,0.050,10.653,0
2015-12-19 08:00,0.197,0.107,0.122,11.742,0
2015-12-19 09:00,0.234,0.100,0.170,12.528,0
2015-12-19 10:00,0.339,0.198,0.189,13.127,0
2015-12-19 11:00,0.470,0.369,0.174,13.635,0
2015-12-19 12:00,0.471,0.402,0.142,13.825,0
2015-12-19 13:00,0.425,0.383,0.105,13.623,0
2015-12-19 14:00,0.173,0.131,0.074,12.897,0
2015-12-19 15:00,0,0.001,0.006,12.324,0
2015-12-19 16:00,0,0,0,12.223,0
2015-12-19 17:00,0,0,0,12.178,0
2015-12-19 18:00,0,0,0,12.029,0
2015-12-19 19:00,0,0,0,11.889,0
2015-12-19 20:00,0,0,0,11.655,0
2015-12-19 21:00,0,0,0,11.441,0
2015-12-19 22:00,0,0,0,11.165,0
2015-12-19 23:00,0,0,0,10.829,0
2015-12-20 00:00,0,0,0,10.561,0
2015-12-20 01:00,0,0,0,10.353,0
2015-12-20 02:00,0,0,0,10.210,0
2015-12-20 03:00,0,0,0,10.034,0
2015-12-20 04:00,0,0,0,9.875,0
2015-12-20 05:00,0,0,0,9.759,0
2015-12-20 06:00,0.017,0.029,0.008,9.938,0
2015-12-20 07:00,0.266,0.270,0.034,11.229,0
2015-12-20 08:00,0.461,0.469,0.060,12.735,0
2015-12-20 09:00,0.579,0.598,0.084,13.848,0
2015-12-20 10:00,0.637,0.664,0.098,14.772,0
2015-12-20 11:00,0.630,0.646,0.110,15.292,0
2015-12-20 12:00,0.563,0.553,0.113,15.427,0
2015-12-20 13:00,0.429,0.393,0.104,15.171,0
2015-12-20 14:00,0.232,0.197,0.073,14.262,0
2015-12-20 15:00,0.013,0.023,0.009,13.472,0
2015-12-20 16:00,0,0,0,13.466,0
2015-12-20 17:00,0,0,0,13.351,0
2015-12-20 18:00,0,0,0,12.966,0
2015-12-20 19:00,0,0,0,12.341,0
2015-12-20 20:00,0,0,0,11.780,0
2015-12-20 21:00,0,0,0,11.507,0
2015-12-20 22:00,0,0,0,11.322,0
2015-12-20 23:00,0,0,0,11.343,0
2015-12-21 00:00,0,0,0,11.367,0
2015-12-21 01:00,0,0,0,11.365,0
2015-12-21 02:00,0,0,0,11.320,0
2015-12-21 03:00,0,0,0,11.179,0
2015-12-21 04:00,0,0,0,10.999,0
2015-12-21 05:00,0,0,0,10.830,0
2015-12-21 06:00,0.016,0.028,0.009,10.860,0
2015-12-21 07:00,0.262,0.265,0.035,11.811,0
2015-12-21 08:00,0.459,0.467,0.061,13.107,0
2015-12-21 09:00,0.575,0.593,0.085,14.045,0
2015-12-21 10:00,0.631,0.654,0.101,14.845,0
2015-12-21 11:00,0.626,0.639,0.112,15.309,0
2015-12-21 12:00,0.557,0.542,0.116,15.346,0
2015-12-21 13:00,0.425,0.386,0.105,15.017,0
2015-12-21 14:00,0.235,0.200,0.073,13.941,0
2015-12-21 15:00,0.014,0.024,0.009,13.014,0
2015-12-21 16:00,0,0,0,12.627,0
2015-12-21 17:00,0,0,0,12.305,0
2015-12-21 18:00,0,0,0,11.914,0
2015-12-21 19:00,0,0,0,11.578,0
2015-12-21 20:00,0,0,0,11.257,0
2015-12-21 21:00,0,0,0,10.961,0
2015-12-21 22:00,0,0,0,10.695,0
2015-12-21 23:00,0,0,0,10.534,0
2015-12-22 00:00,0,0,0,10.497,0
2015-12-22 01:00,0,0,0,10.463,0
2015-12-22 02:00,0,0,0,10.383,0
2015-12-22 03:00,0,0,0,10.368,0
2015-12-22 04:00,0,0,0,10.314,0
2015-12-22 05:00,0,0,0,10.269,0
2015-12-22 06:00,0.014,0.026,0.008,10.485,0
2015-12-22 07:00,0.253,0.254,0.036,11.888,0
2015-12-22 08:00,0.451,0.457,0.062,13.242,0
2015-12-22 09:00,0.574,0.590,0.085,13.939,0
2015-12-22 10:00,0.631,0.651,0.102,14.293,0
2015-12-22 11:00,0.629,0.640,0.111,14.426,0
2015-12-22 12:00,0.561,0.545,0.115,14.342,0
2015-12-22 13:00,0.432,0.393,0.105,13.953,0
2015-12-22 14:00,0.245,0.208,0.074,12.804,0
2015-12-22 15:00,0.016,0.027,0.010,11.366,0
2015-12-22 16:00,0,0,0,11.158,0
2015-12-22 17:00,0,0,0,11.219,0
2015-12-22 18:00,0,0,0,11.311,0
2015-12-22 19:00,0,0,0,11.300,0
2015-12-22 20:00,0,0,0,11.182,0
2015-12-22 21:00,0,0,0,11.005,0
2015-12-22 22:00,0,0,0,10.729,0
2015-12-22 23:00,0,0,0,10.509,0
2015-12-23 00:00,0,0,0,10.354,0
2015-12-23 01:00,0,0,0,10.240,0
2015-12-23 02:00,0,0,0,10.208,0
2015-12-23 03:00,0,0,0,10.226,0
2015-12-23 04:00,0,0,0,10.200,0
2015-12-23 05:00,0,0,0,10.170,0
2015-12-23 06:00,0.014,0.026,0.008,10.327,0
2015-12-23 07:00,0.256,0.258,0.035,11.361,0
2015-12-23 08:00,0.455,0.460,0.061,12.555,0
2015-12-23 09:00,0.577,0.593,0.084,13.260,0
2015-12-23 10:00,0.633,0.653,0.101,14.046,0
2015-12-23 11:00,0.631,0.643,0.111,14.565,0
2015-12-23 12:00,0.559,0.542,0.116,14.690,0
2015-12-23 13:00,0.432,0.394,0.105,14.420,0
2015-12-23 14:00,0.246,0.210,0.074,13.279,0
2015-12-23 15:00,0.016,0.026,0.010,12.188,0
2015-12-23 16:00,0,0,0,12.015,0
2015-12-23 17:00,0,0,0,11.925,0
2015-12-23 18:00,0,0,0,11.858,0
2015-12-23 19:00,0,0,0,11.687,0
2015-12-23 20:00,0,0,0,11.574,0
2015-12-23 21:00,0,0,0,11.446,0
2015-12-23 22:00,0,0,0,11.314,0
2015-12-23 23:00,0,0,0,11.232,0
2015-12-24 00:00,0,0,0,11.210,0
2015-12-24 01:00,0,0,0,11.270,0
2015-12-24 02:00,0,0,0,11.311,0
2015-12-24 03:00,0,0,0,11.400,0
2015-12-24 04:00,0,0,0,11.434,0
2015-12-24 05:00,0,0,0,11.506,0
2015-12-24 06:00,0.014,0.025,0.008,11.636,0
2015-12-24 07:00,0.248,0.249,0.036,12.401,0
2015-12-24 08:00,0.450,0.455,0.062,13.369,0
2015-12-24 09:00,0.564,0.573,0.089,13.902,0
2015-12-24 10:00,0.516,0.451,0.151,14.262,0
2015-12-24 11:00,0.565,0.527,0.139,14.546,0
2015-12-24 12:00,0.524,0.484,0.129,14.601,0
2015-12-24 13:00,0.384,0.325,0.117,14.372,0
2015-12-24 14:00,0.153,0.108,0.077,13.557,0
2015-12-24 15:00,0,0.007,0.008,12.731,0
2015-12-24 16:00,0,0,0,12.550,0
2015-12-24 17:00,0,0,0,12.566,0
2015-12-24 18:00,0,0,0,12.512,0
2015-12-24 19:00,0,0,0,12.460,0
2015-12-24 20:00,0,0,0,12.357,0
2015-12-24 21:00,0,0,0,12.293,0
2015-12-24 22:00,0,0,0,12.250,0
2015-12-24 23:00,0,0,0,12.169,0
2015-12-25 00:00,0,0,0,12.075,0
2015-12-25 01:00,0,0,0,11.972,0
2015-12-25 02:00,0,0,0,11.854,0
2015-12-25 03:00,0,0,0,11.737,0
2015-12-25 04:00,0,0,0,11.569,0
2015-12-25 05:00,0,0,0,11.347,0
2015-12-25 06:00,0.013,0.024,0.008,11.305,0
2015-12-25 07:00,0.244,0.244,0.037,12.295,0
2015-12-25 08:00,0.452,0.458,0.061,13.131,0
2015-12-25 09:00,0.575,0.593,0.084,13.914,0
2015-12-25 10:00,0.634,0.656,0.101,14.459,0
2015-12-25 11:00,0.635,0.651,0.109,14.770,0
2015-12-25 12:00,0.567,0.556,0.113,14.849,0
2015-12-25 13:00,0.441,0.407,0.103,14.630,0
2015-12-25 14:00,0.255,0.222,0.073,13.662,0
2015-12-25 15:00,0.020,0.030,0.010,12.326,0
2015-12-25 16:00,0,0,0,11.979,0
2015-12-25 17:00,0,0,0,11.759,0
2015-12-25 18:00,0,0,0,11.547,0
2015-12-25 19:00,0,0,0,11.296,0
2015-12-25 20:00,0,0,0,11.039,0
2015-12-25 21:00,0,0,0,10.832,0
2015-12-25 22:00,0,0,0,10.633,0
2015-12-25 23:00,0,0,0,10.427,0
2015-12-26 00:00,0,0,0,10.254,0
2015-12-26 01:00,0,0,0,10.062,0
2015-12-26 02:00,0,0,0,9.906,0
2015-12-26 03:00,0,0,0,9.723,0
2015-12-26 04:00,0,0,0,9.563,0
2015-12-26 05:00,0,0,0,9.471,0
2015-12-26 06:00,0.012,0.024,0.007,9.714,0
2015-12-26 07:00,0.249,0.251,0.033,11.175,0
2015-12-26 08:00,0.452,0.459,0.060,12.764,0
2015-12-26 09:00,0.573,0.590,0.084,14.062,0
2015-12-26 10:00,0.629,0.653,0.101,15.311,0
2015-12-26 11:00,0.625,0.639,0.112,16.027,0
2015-12-26 12:00,0.558,0.546,0.116,16.219,0
2015-12-26 13:00,0.428,0.392,0.106,15.909,0
2015-12-26 14:00,0.243,0.209,0.075,14.842,0
2015-12-26 15:00,0.017,0.027,0.010,13.928,0
2015-12-26 16:00,0,0,0,13.543,0
2015-12-26 17:00,0,0,0,13.379,0
2015-12-26 18:00,0,0,0,13.145,0
2015-12-26 19:00,0,0,0,12.758,0
2015-12-26 20:00,0,0,0,12.245,0
2015-12-26 21:00,0,0,0,11.913,0
2015-12-26 22:00,0,0,0,11.693,0
2015-12-26 23:00,0,0,0,11.571,0
2015-12-27 00:00,0,0,0,11.557,0
2015-12-27 01:00,0,0,0,11.578,0
2015-12-27 02:00,0,0,0,11.610,0
2015-12-27 03:00,0,0,0,11.494,0
2015-12-27 04:00,0,0,0,11.280,0
2015-12-27 05:00,0,0,0,11.096,0
2015-12-27 06:00,0.013,0.025,0.007,11.155,0
2015-12-27 07:00,0.249,0.253,0.033,12.168,0
2015-12-27 08:00,0.449,0.457,0.060,13.339,0
2015-12-27 09:00,0.575,0.594,0.083,14.055,0
2015-12-27 10:00,0.633,0.657,0.100,14.736,0
2015-12-27 11:00,0.630,0.643,0.111,15.063,0
2015-12-27 12:00,0.565,0.552,0.115,15.069,0
2015-12-27 13:00,0.438,0.403,0.105,14.703,0
2015-12-27 14:00,0.258,0.223,0.074,13.447,0
2015-12-27 15:00,0.019,0.029,0.010,11.999,0
2015-12-27 16:00,0,0,0,11.586,0
2015-12-27 17:00,0,0,0,11.379,0
2015-12-27 18:00,0,0,0,11.244,0
2015-12-27 19:00,0,0,0,11.111,0
2015-12-27 20:00,0,0,0,10.946,0
2015-12-27 21:00,0,0,0,10.934,0
2015-12-27 22:00,0,0,0,11.019,0
2015-12-27 23:00,0,0,0,11.016,0
2015-12-28 00:00,0,0,0,11.055,0
2015-12-28 01:00,0,0,0,11.210,0
2015-12-28 02:00,0,0,0,11.348,0
2015-12-28 03:00,0,0,0,11.314,0
2015-12-28 04:00,0,0,0,11.160,0
2015-12-28 05:00,0,0,0,11.010,0
2015-12-28 06:00,0.005,0.015,0.007,11.071,0
2015-12-28 07:00,0.228,0.225,0.039,11.975,0
2015-12-28 08:00,0.416,0.403,0.073,13.068,0
2015-12-28 09:00,0.571,0.585,0.086,13.679,0
2015-12-28 10:00,0.631,0.650,0.102,14.197,0
2015-12-28 11:00,0.631,0.642,0.111,14.489,0
2015-12-28 12:00,0.555,0.532,0.121,14.450,0
2015-12-28 13:00,0.371,0.304,0.122,14.068,0
2015-12-28 14:00,0.206,0.164,0.076,12.969,0
2015-12-28 15:00,0.020,0.030,0.011,11.442,0
2015-12-28 16:00,0,0,0,11.182,0
2015-12-28 17:00,0,0,0,11.162,0
2015-12-28 18:00,0,0,0,11.122,0
2015-12-28 19:00,0,0,0,11.056,0
2015-12-28 20:00,0,0,0,11.036,0
2015-12-28 21:00,0,0,0,10.977,0
2015-12-28 22:00,0,0,0,10.967,0
2015-12-28 23:00,0,0,0,10.888,0
2015-12-29 00:00,0,0,0,10.838,0
2015-12-29 01:00,0,0,0,10.837,0
2015-12-29 02:00,0,0,0,10.810,0
2015-12-29 03:00,0,0,0,10.782,0
2015-12-29 04:00,0,0,0,10.841,0
2015-12-29 05:00,0,0,0,10.795,0
2015-12-29 06:00,0,0.002,0.006,10.949,0
2015-12-29 07:00,0.049,0.018,0.055,11.917,0
2015-12-29 08:00,0.120,0.035,0.114,12.738,0
2015-12-29 09:00,0.218,0.084,0.170,13.187,0
2015-12-29 10:00,0.250,0.093,0.197,13.561,0
2015-12-29 11:00,0.372,0.238,0.188,13.773,0
2015-12-29 12:00,0.431,0.336,0.160,13.814,0
2015-12-29 13:00,0.321,0.237,0.131,13.619,0
2015-12-29 14:00,0.103,0.056,0.076,12.780,0
2015-12-29 15:00,0,0.002,0.008,11.667,0
2015-12-29 16:00,0,0,0,11.478,0
2015-12-29 17:00,0,0,0,11.406,0
2015-12-29 18:00,0,0,0,11.357,0
2015-12-29 19:00,0,0,0,11.291,0
2015-12-29 20:00,0,0,0,11.235,0
2015-12-29 21:00,0,0,0,11.058,0
2015-12-29 22:00,0,0,0,10.805,0
2015-12-29 23:00,0,0,0,10.439,0
2015-12-30 00:00,0,0,0,10.005,0
2015-12-30 01:00,0,0,0,9.569,0
2015-12-30 02:00,0,0,0,9.103,0
2015-12-30 03:00,0,0,0,8.829,0
2015-12-30 04:00,0,0,0,8.670,0
2015-12-30 05:00,0,0,0,8.468,0
2015-12-30 06:00,0.008,0.019,0.007,8.551,0
2015-12-30 07:00,0.220,0.212,0.041,9.993,0
2015-12-30 08:00,0.432,0.423,0.068,11.318,0
2015-12-30 09:00,0.564,0.566,0.090,12.329,0
2015-12-30 10:00,0.634,0.649,0.102,13.190,0
2015-12-30 11:00,0.641,0.655,0.109,13.799,0
2015-12-30 12:00,0.576,0.565,0.114,14.036,0
2015-12-30 13:00,0.450,0.414,0.105,13.816,0
2015-12-30 14:00,0.268,0.232,0.076,12.605,0
2015-12-30 15:00,0.023,0.032,0.011,11.195,0
2015-12-30 16:00,0,0,0,10.343,0
2015-12-30 17:00,0,0,0,9.360,0
2015-12-30 18:00,0,0,0,8.566,0
2015-12-30 19:00,0,0,0,7.857,0
2015-12-30 20:00,0,0,0,7.090,0
2015-12-30 21:00,0,0,0,6.356,0
2015-12-30 22:00,0,0,0,5.816,0
2015-12-30 23:00,0,0,0,5.515,0
2015-12-31 00:00,0,0,0,5.326,0
2015-12-31 01:00,0,0,0,5.226,0
2015-12-31 02:00,0,0,0,5.003,0
2015-12-31 03:00,0,0,0,5.014,0
2015-12-31 04:00,0,0,0,4.990,0
2015-12-31 05:00,0,0,0,5.042,0
2015-12-31 06:00,0.011,0.022,0.007,5.341,0
2015-12-31 07:00,0.245,0.240,0.035,6.570,0
2015-12-31 08:00,0.458,0.451,0.061,7.722,0
2015-12-31 09:00,0.586,0.586,0.084,8.424,0
2015-12-31 10:00,0.648,0.650,0.102,8.756,0
2015-12-31 11:00,0.647,0.638,0.114,8.959,0
2015-12-31 12:00,0.584,0.554,0.117,8.991,0
2015-12-31 13:00,0.455,0.404,0.107,8.781,0
2015-12-31 14:00,0.275,0.233,0.076,7.885,0
2015-12-31 15:00,0.025,0.033,0.012,6.226,0
2015-12-31 16:00,0,0,0,5.473,0
2015-12-31 17:00,0,0,0,4.864,0
2015-12-31 18:00,0,0,0,4.542,0
2015-12-31 19:00,0,0,0,4.377,0
2015-12-31 20:00,0,0,0,4.220,0
2015-12-31 21:00,0,0,0,4.041,0
2015-12-31 22:00,0,0,0,4.005,0
2015-12-31 23:00,0,0,0,4.076,0
